2026-03-16 06:00:30,091 - LibraryScraper - INFO - Scraping Sonoma County Library
2026-03-16 06:00:30,091 - LibraryScraper - INFO - Scraping page 1
2026-03-16 06:00:32,334 - LibraryScraper - INFO - Found event: Junk Journaling on 2026-03-17 11:00:00-07:00
2026-03-16 06:00:32,334 - LibraryScraper - INFO - Found event: Rohnert Park Book Club on 2026-03-17 11:00:00-07:00
2026-03-16 06:00:32,334 - LibraryScraper - INFO - Found event: Baby Village on 2026-03-17 11:00:00-07:00
2026-03-16 06:00:32,335 - LibraryScraper - INFO - Found event: BiblioBus at Silvercrest Apartments on 2026-03-17 13:00:00-07:00
2026-03-16 06:00:32,335 - LibraryScraper - INFO - Found event: Chair Yoga with Lavender Lotus on 2026-03-17 13:00:00-07:00
2026-03-16 06:00:32,336 - LibraryScraper - INFO - Found event: English Conversation Club on 2026-03-17 13:00:00-07:00
2026-03-16 06:00:32,336 - LibraryScraper - INFO - Found event: **Create A Digital Story on 2026-03-17 13:30:00-07:00
2026-03-16 06:00:32,336 - LibraryScraper - INFO - Found event: Teen Volunteer Tuesday on 2026-03-17 15:15:00-07:00
2026-03-16 06:00:32,337 - LibraryScraper - INFO - Found event: After School Hangout on 2026-03-17 15:30:00-07:00
2026-03-16 06:00:32,337 - LibraryScraper - INFO - Found event: BABYTIME (Tickets Required) on 2026-03-17 16:00:00-07:00
2026-03-16 06:00:32,338 - LibraryScraper - INFO - Found event: French Family Storytime on 2026-03-17 16:00:00-07:00
2026-03-16 06:00:32,338 - LibraryScraper - INFO - Found event: English Conversation Club on 2026-03-17 16:00:00-07:00
2026-03-16 06:00:32,338 - LibraryScraper - INFO - Found event: Stay and Make on 2026-03-17 16:00:00-07:00
2026-03-16 06:00:32,339 - LibraryScraper - INFO - Found event: Friends of the Cloverdale Library Board Meeting on 2026-03-17 16:00:00-07:00
2026-03-16 06:00:32,339 - LibraryScraper - INFO - Found event: One on One Tech Help on 2026-03-17 17:00:00-07:00
2026-03-16 06:00:32,339 - LibraryScraper - INFO - Found event: Bilingual Paint Party on 2026-03-17 17:00:00-07:00
2026-03-16 06:00:32,340 - LibraryScraper - INFO - Found event: Bilingual Family Storytime on 2026-03-18 10:30:00-07:00
2026-03-16 06:00:32,340 - LibraryScraper - INFO - Found event: Family Storytime on 2026-03-18 10:30:00-07:00
2026-03-16 06:00:32,341 - LibraryScraper - INFO - Found event: Family Storytime on 2026-03-18 10:30:00-07:00
2026-03-16 06:00:32,341 - LibraryScraper - INFO - Found event: Baby Storytime on 2026-03-18 11:00:00-07:00
2026-03-16 06:00:32,341 - LibraryScraper - INFO - Found event: Tai Chi with David Chung on 2026-03-18 11:00:00-07:00
2026-03-16 06:00:32,342 - LibraryScraper - INFO - Found event: Let's Talk: English Conversation Class on 2026-03-18 11:00:00-07:00
2026-03-16 06:00:32,342 - LibraryScraper - INFO - Found event: Spanish Sensory Craft & Create: Fuzzy Fidgets on 2026-03-18 11:30:00-07:00
2026-03-16 06:00:32,342 - LibraryScraper - INFO - Found event: One-on-One Genealogy Research Help on 2026-03-18 13:00:00-07:00
2026-03-16 06:00:32,343 - LibraryScraper - INFO - Scraping page 2
2026-03-16 06:00:34,070 - LibraryScraper - INFO - Found event: Tween Game On! on 2026-03-18 13:15:00-07:00
2026-03-16 06:00:34,071 - LibraryScraper - INFO - Found event: Read to a Dog on 2026-03-18 13:30:00-07:00
2026-03-16 06:00:34,071 - LibraryScraper - INFO - Found event: English Conversation Club on 2026-03-18 14:00:00-07:00
2026-03-16 06:00:34,072 - LibraryScraper - INFO - Found event: Read to a Dog on 2026-03-18 14:00:00-07:00
2026-03-16 06:00:34,072 - LibraryScraper - INFO - Found event: Game On! for Teens on 2026-03-18 15:00:00-07:00
2026-03-16 06:00:34,072 - LibraryScraper - INFO - Found event: Sustainability Series: Bike Commute for Teens (pedal & e-bike) on 2026-03-18 15:00:00-07:00
2026-03-16 06:00:34,073 - LibraryScraper - INFO - Found event: Petaluma Chess Club on 2026-03-18 15:00:00-07:00
2026-03-16 06:00:34,073 - LibraryScraper - INFO - Found event: Read to a Dog on 2026-03-18 15:30:00-07:00
2026-03-16 06:00:34,073 - LibraryScraper - INFO - Found event: Teen Hangout: Trinket Dishes on 2026-03-18 16:00:00-07:00
2026-03-16 06:00:34,074 - LibraryScraper - INFO - Found event: Bilingual Paint Party on 2026-03-18 16:00:00-07:00
2026-03-16 06:00:34,074 - LibraryScraper - INFO - Found event: One-On-One Tech Help on 2026-03-18 17:00:00-07:00
2026-03-16 06:00:34,075 - LibraryScraper - INFO - Found event: Free Citizenship Classes in Spanish on 2026-03-18 17:30:00-07:00
2026-03-16 06:00:34,075 - LibraryScraper - INFO - Found event: Honoring Trans Day of Visibility: A Panel Discussion on 2026-03-18 18:00:00-07:00
2026-03-16 06:00:34,075 - LibraryScraper - INFO - Found event: Petaluma before Columbus: Exploring a model of indigenous regenerative sustainability on 2026-03-18 18:00:00-07:00
2026-03-16 06:00:34,076 - LibraryScraper - INFO - Found event: Russian River Zine Club on 2026-03-18 18:00:00-07:00
2026-03-16 06:00:34,076 - LibraryScraper - INFO - Found event: Sewing in Community on 2026-03-18 18:00:00-07:00
2026-03-16 06:00:34,077 - LibraryScraper - INFO - Found event: Roseland Book Club on 2026-03-18 18:30:00-07:00
2026-03-16 06:00:34,077 - LibraryScraper - INFO - Found event: Pasitos Playgroup on 2026-03-19 10:00:00-07:00
2026-03-16 06:00:34,077 - LibraryScraper - INFO - Found event: AARP Tax-Aide on 2026-03-19 10:00:00-07:00
2026-03-16 06:00:34,078 - LibraryScraper - INFO - Found event: Babytime on 2026-03-19 10:15:00-07:00
2026-03-16 06:00:34,078 - LibraryScraper - INFO - Found event: Bilingual Babytime on 2026-03-19 10:30:00-07:00
2026-03-16 06:00:34,078 - LibraryScraper - INFO - Found event: Family Storytime (Tickets Required) on 2026-03-19 10:30:00-07:00
2026-03-16 06:00:34,079 - LibraryScraper - INFO - Found event: Toddler Storytime on 2026-03-19 11:00:00-07:00
2026-03-16 06:00:34,079 - LibraryScraper - INFO - Found event: One-On-One Tech Help on 2026-03-19 11:00:00-07:00
2026-03-16 06:00:34,079 - LibraryScraper - INFO - Scraping page 3
2026-03-16 06:00:36,170 - LibraryScraper - INFO - Found event: Stay & Play! on 2026-03-19 11:00:00-07:00
2026-03-16 06:00:36,171 - LibraryScraper - INFO - Found event: Rohnert Park Senior Center Mystery Book Club on 2026-03-19 11:00:00-07:00
2026-03-16 06:00:36,171 - LibraryScraper - INFO - Found event: Toddler Storytime on 2026-03-19 11:00:00-07:00
2026-03-16 06:00:36,172 - LibraryScraper - INFO - Found event: BiblioBus at Cazadero History Learning Center on 2026-03-19 12:00:00-07:00
2026-03-16 06:00:36,172 - LibraryScraper - INFO - Found event: Central Solve the Mystery Book Club on 2026-03-19 13:00:00-07:00
2026-03-16 06:00:36,173 - LibraryScraper - INFO - Found event: Let's Talk: English Conversation Class on 2026-03-19 13:00:00-07:00
2026-03-16 06:00:36,173 - LibraryScraper - INFO - Found event: Scanning Station - Playback Memory Lab on 2026-03-19 13:00:00-07:00
2026-03-16 06:00:36,173 - LibraryScraper - INFO - Found event: VHS Station - Playback Memory Lab on 2026-03-19 13:00:00-07:00
2026-03-16 06:00:36,174 - LibraryScraper - INFO - Found event: BiblioBus at Monte Rio Community Center on 2026-03-19 14:00:00-07:00
2026-03-16 06:00:36,174 - LibraryScraper - INFO - Found event: Sonoma Reads! Book Club on 2026-03-19 14:00:00-07:00
2026-03-16 06:00:36,174 - LibraryScraper - INFO - Found event: Read to a Dog on 2026-03-19 15:30:00-07:00
2026-03-16 06:00:36,175 - LibraryScraper - INFO - Found event: Read to a Dog on 2026-03-19 15:30:00-07:00
2026-03-16 06:00:36,175 - LibraryScraper - INFO - Found event: Tabletop Role-Playing Game Club on 2026-03-19 15:30:00-07:00
2026-03-16 06:00:36,176 - LibraryScraper - INFO - Found event: Teen Hangout & Volunteer Hour on 2026-03-19 15:45:00-07:00
2026-03-16 06:00:36,176 - LibraryScraper - INFO - Found event: Let's Draw! Cartoon Expressions on 2026-03-19 16:00:00-07:00
2026-03-16 06:00:36,176 - LibraryScraper - INFO - Found event: TTRPG Club (Tabletop Role-Playing Game Club) on 2026-03-19 16:00:00-07:00
2026-03-16 06:00:36,177 - LibraryScraper - INFO - Found event: Intercambio on 2026-03-19 16:30:00-07:00
2026-03-16 06:00:36,177 - LibraryScraper - INFO - Found event: AARP Tax-Aide on 2026-03-20 10:00:00-07:00
2026-03-16 06:00:36,178 - LibraryScraper - INFO - Found event: Cultivating Your Inner Landscape: a 10-session series on 2026-03-20 10:00:00-07:00
2026-03-16 06:00:36,178 - LibraryScraper - INFO - Found event: AARP Tax-Aide on 2026-03-20 10:15:00-07:00
2026-03-16 06:00:36,178 - LibraryScraper - INFO - Found event: Kids & Family Bilingual Yoga on 2026-03-20 10:30:00-07:00
2026-03-16 06:00:36,179 - LibraryScraper - INFO - Found event: AARP Tax-Aide on 2026-03-20 11:00:00-07:00
2026-03-16 06:00:36,179 - LibraryScraper - INFO - Found event: Coventry & Kaluza Show on 2026-03-20 11:00:00-07:00
2026-03-16 06:00:36,179 - LibraryScraper - INFO - Found event: Baby Village on 2026-03-20 11:30:00-07:00
2026-03-16 06:00:36,180 - LibraryScraper - INFO - Scraping page 4
2026-03-16 06:00:38,329 - LibraryScraper - INFO - Found event: AARP Tax-Aide on 2026-03-20 12:15:00-07:00
2026-03-16 06:00:38,330 - LibraryScraper - INFO - Found event: Jefferson Elementary Visit on 2026-03-20 12:30:00-07:00
2026-03-16 06:00:38,330 - LibraryScraper - INFO - Found event: One-on-One Genealogy Research Help on 2026-03-20 13:00:00-07:00
2026-03-16 06:00:38,330 - LibraryScraper - INFO - Found event: Scanning Station - Playback Memory Lab on 2026-03-20 13:00:00-07:00
2026-03-16 06:00:38,331 - LibraryScraper - INFO - Found event: VHS Station (2) - Playback Memory Lab on 2026-03-20 13:00:00-07:00
2026-03-16 06:00:38,331 - LibraryScraper - INFO - Found event: VHS Station - Playback Memory Lab on 2026-03-20 13:00:00-07:00
2026-03-16 06:00:38,331 - LibraryScraper - INFO - Found event: AARP Tax-Aide on 2026-03-20 13:15:00-07:00
2026-03-16 06:00:38,332 - LibraryScraper - INFO - Found event: Let's Draw! Cartoon Expressions on 2026-03-20 15:30:00-07:00
2026-03-16 06:00:38,332 - LibraryScraper - INFO - Found event: Seeds and Reads: The True Story of Poison Oak on 2026-03-20 16:00:00-07:00
2026-03-16 06:00:38,332 - LibraryScraper - INFO - Found event: Crafting with Creativebug: Punch Needle Embroidery on 2026-03-20 16:00:00-07:00
2026-03-16 06:00:38,333 - LibraryScraper - INFO - Found event: 404 Found: Robotics Workshops - Week 2 (Ages 9-17) on 2026-03-20 16:00:00-07:00
2026-03-16 06:00:38,333 - LibraryScraper - INFO - Found event: Create Teen! Tie-Dye on 2026-03-20 16:30:00-07:00
2026-03-16 06:00:38,333 - LibraryScraper - INFO - Found event: BiblioBus at Santa Rosa Original Certified Farmers Market on 2026-03-21 09:00:00-07:00
2026-03-16 06:00:38,333 - LibraryScraper - INFO - Found event: Spanish Music & Movement on 2026-03-21 10:00:00-07:00
2026-03-16 06:00:38,334 - LibraryScraper - INFO - Found event: Community Gardening Workshop on 2026-03-21 10:00:00-07:00
2026-03-16 06:00:38,334 - LibraryScraper - INFO - Found event: Weekend Family Storytime on 2026-03-21 10:30:00-07:00
2026-03-16 06:00:38,334 - LibraryScraper - INFO - Found event: Weekend Storytime on 2026-03-21 11:00:00-07:00
2026-03-16 06:00:38,335 - LibraryScraper - INFO - Found event: Coventry & Kaluza Show on 2026-03-21 11:00:00-07:00
2026-03-16 06:00:38,335 - LibraryScraper - INFO - Found event: Crafting with Creativebug: Punch Needle Embroidery on 2026-03-21 11:00:00-07:00
2026-03-16 06:00:38,335 - LibraryScraper - INFO - Found event: UC Master Gardeners - Installing & Operating a Drip Watering System on 2026-03-21 11:00:00-07:00
2026-03-16 06:00:38,335 - LibraryScraper - INFO - Found event: For the Love of Comics 2026 on 2026-03-21 12:00:00-07:00
2026-03-16 06:00:38,336 - LibraryScraper - INFO - Found event: Scanning Station - Playback Memory Lab on 2026-03-21 13:00:00-07:00
2026-03-16 06:00:38,336 - LibraryScraper - INFO - Found event: VHS Station (2) - Playback Memory Lab on 2026-03-21 13:00:00-07:00
2026-03-16 06:00:38,336 - LibraryScraper - INFO - Found event: VHS Station - Playback Memory Lab on 2026-03-21 13:00:00-07:00
2026-03-16 06:00:38,336 - LibraryScraper - INFO - Scraping page 5
2026-03-16 06:00:42,017 - LibraryScraper - INFO - Found event: Keenan Webster - Afro Roots World Music on 2026-03-21 14:00:00-07:00
2026-03-16 06:00:42,017 - LibraryScraper - INFO - Found event: Creation Station on 2026-03-21 14:00:00-07:00
2026-03-16 06:00:42,018 - LibraryScraper - INFO - Found event: Documenting Current Events Through Poetry: A Workshop on 2026-03-21 14:00:00-07:00
2026-03-16 06:00:42,018 - LibraryScraper - INFO - Found event: Global Goodies on 2026-03-21 14:00:00-07:00
2026-03-16 06:00:42,018 - LibraryScraper - INFO - Found event: Puzzle Swap on 2026-03-21 15:30:00-07:00
2026-03-16 06:00:42,019 - LibraryScraper - INFO - Found event: One-on-One Tech Help on 2026-03-21 16:00:00-07:00
2026-03-16 06:00:42,019 - LibraryScraper - INFO - Found event: Dungeons & Dragons Beginner Campaign on 2026-03-21 16:00:00-07:00
2026-03-16 06:00:42,019 - LibraryScraper - INFO - Found event: One-on-One Tech Help on 2026-03-21 16:30:00-07:00
2026-03-16 06:00:42,019 - LibraryScraper - INFO - Found event: BiblioBus at Community Housing & Resource Fair on 2026-03-22 13:00:00-07:00
2026-03-16 06:00:42,020 - LibraryScraper - INFO - Found event: Read to a Dog on 2026-03-22 14:00:00-07:00
2026-03-16 06:00:42,020 - LibraryScraper - INFO - Found event: Read to a Dog on 2026-03-22 14:00:00-07:00
2026-03-16 06:00:42,020 - LibraryScraper - INFO - Found event: UC Master Gardeners - Growing Avocados in Sonoma County on 2026-03-22 14:00:00-07:00
2026-03-16 06:00:42,021 - LibraryScraper - INFO - Found event: Coventry & Kaluza Show on 2026-03-22 14:30:00-07:00
2026-03-16 06:00:42,021 - LibraryScraper - INFO - Found event: Puzzle Swap on 2026-03-22 15:30:00-07:00
2026-03-16 06:00:42,021 - LibraryScraper - INFO - Found event: Sound Studio Basics on 2026-03-23 10:00:00-07:00
2026-03-16 06:00:42,021 - LibraryScraper - INFO - Found event: BiblioBus at Rincon Valley Library on 2026-03-23 10:00:00-07:00
2026-03-16 06:00:42,022 - LibraryScraper - INFO - Found event: BiblioBus at Rincon Valley Library on 2026-03-23 10:00:00-07:00
2026-03-16 06:00:42,022 - LibraryScraper - INFO - Found event: Babytime! on 2026-03-23 10:30:00-07:00
2026-03-16 06:00:42,022 - LibraryScraper - INFO - Found event: Join Our Podcast! on 2026-03-23 10:45:00-07:00
2026-03-16 06:00:42,023 - LibraryScraper - INFO - Found event: One-On-One Tech Help on 2026-03-23 11:00:00-07:00
2026-03-16 06:00:42,023 - LibraryScraper - INFO - Found event: Spanish Music & Movement on 2026-03-23 11:30:00-07:00
2026-03-16 06:00:42,023 - LibraryScraper - INFO - Found event: English Conversation Club on 2026-03-23 14:00:00-07:00
2026-03-16 06:00:42,023 - LibraryScraper - INFO - Found event: English Conversation Club on 2026-03-23 14:00:00-07:00
2026-03-16 06:00:42,024 - LibraryScraper - INFO - Found event: **Drop-In Camera Help on 2026-03-23 14:30:00-07:00
2026-03-16 06:00:42,024 - LibraryScraper - INFO - Scraping page 6
2026-03-16 06:00:44,240 - LibraryScraper - INFO - Found event: Read to a Dog on 2026-03-23 15:00:00-07:00
2026-03-16 06:00:44,240 - LibraryScraper - INFO - Found event: Intergenerational Chess Club on 2026-03-23 15:15:00-07:00
2026-03-16 06:00:44,241 - LibraryScraper - INFO - Found event: Kids & Family Bilingual Yoga on 2026-03-23 15:30:00-07:00
2026-03-16 06:00:44,241 - LibraryScraper - INFO - Found event: Copy of Sit & Stitch 3:30 to 5:30 on 2026-03-23 15:30:00-07:00
2026-03-16 06:00:44,241 - LibraryScraper - INFO - Found event: Sit & Stitch 3:30 to 5:30 on 2026-03-23 15:30:00-07:00
2026-03-16 06:00:44,242 - LibraryScraper - INFO - Found event: 1:1 Tech Help on 2026-03-24 10:15:00-07:00
2026-03-16 06:00:44,242 - LibraryScraper - INFO - Found event: Toddler Storytime on 2026-03-24 10:30:00-07:00
2026-03-16 06:00:44,242 - LibraryScraper - INFO - Found event: Family Yoga on 2026-03-24 10:30:00-07:00
2026-03-16 06:00:44,243 - LibraryScraper - INFO - Found event: Computer Basics: Mouse and Keyboard on 2026-03-24 10:30:00-07:00
2026-03-16 06:00:44,243 - LibraryScraper - INFO - Found event: Family Storytime on 2026-03-24 11:00:00-07:00
2026-03-16 06:00:44,243 - LibraryScraper - INFO - Found event: Spanish Music & Movement on 2026-03-24 11:00:00-07:00
2026-03-16 06:00:44,243 - LibraryScraper - INFO - Found event: One-On-One Tech Help on 2026-03-24 11:00:00-07:00
2026-03-16 06:00:44,244 - LibraryScraper - INFO - Found event: Author Talks: America’s Failed Response to the Opioid Crisis with Shoshana Walter on 2026-03-24 11:00:00-07:00
2026-03-16 06:00:44,244 - LibraryScraper - INFO - Found event: Chair Yoga with Gail Gaskins on 2026-03-24 11:00:00-07:00
2026-03-16 06:00:44,244 - LibraryScraper - INFO - Found event: Baby Village on 2026-03-24 11:00:00-07:00
2026-03-16 06:00:44,245 - LibraryScraper - INFO - Found event: Chair Yoga with Lavender Lotus on 2026-03-24 13:00:00-07:00
2026-03-16 06:00:44,245 - LibraryScraper - INFO - Found event: English Conversation Club on 2026-03-24 13:00:00-07:00
2026-03-16 06:00:44,245 - LibraryScraper - INFO - Found event: Guerneville Book Club on 2026-03-24 13:30:00-07:00
2026-03-16 06:00:44,245 - LibraryScraper - INFO - Found event: Bilingual Paint Party on 2026-03-24 13:45:00-07:00
2026-03-16 06:00:44,246 - LibraryScraper - INFO - Found event: Computer Basics: Cybersecurity on 2026-03-24 14:00:00-07:00
2026-03-16 06:00:44,246 - LibraryScraper - INFO - Found event: BiblioBus at Bodega Bay School on 2026-03-24 14:30:00-07:00
2026-03-16 06:00:44,246 - LibraryScraper - INFO - Found event: Teen Volunteer Tuesday on 2026-03-24 15:15:00-07:00
2026-03-16 06:00:44,247 - LibraryScraper - INFO - Found event: Bedazzle Your Favorite Book! on 2026-03-24 15:30:00-07:00
2026-03-16 06:00:44,247 - LibraryScraper - INFO - Found event: Homework Help on 2026-03-24 15:30:00-07:00
2026-03-16 06:00:44,247 - LibraryScraper - INFO - Scraping page 7
2026-03-16 06:00:46,119 - LibraryScraper - INFO - Found event: BABYTIME (Tickets Required) on 2026-03-24 16:00:00-07:00
2026-03-16 06:00:46,120 - LibraryScraper - INFO - Found event: English Conversation Club on 2026-03-24 16:00:00-07:00
2026-03-16 06:00:46,120 - LibraryScraper - INFO - Found event: Universal Yums for Teens: Korea on 2026-03-24 16:00:00-07:00
2026-03-16 06:00:46,121 - LibraryScraper - INFO - Found event: Seeds and Reads on 2026-03-24 16:00:00-07:00
2026-03-16 06:00:46,121 - LibraryScraper - INFO - Found event: Dungeons & Dragons Beginner Campaign on 2026-03-24 16:00:00-07:00
2026-03-16 06:00:46,121 - LibraryScraper - INFO - Found event: Asian Cuisine Cooking Demo - Dumplings! on 2026-03-24 18:00:00-07:00
2026-03-16 06:00:46,122 - LibraryScraper - INFO - Found event: Read BIPOC Book Club on 2026-03-24 18:00:00-07:00
2026-03-16 06:00:46,122 - LibraryScraper - INFO - Found event: Roseland Teen Manga Club on 2026-03-24 18:00:00-07:00
2026-03-16 06:00:46,123 - LibraryScraper - INFO - Found event: Canon Book Club on 2026-03-24 18:00:00-07:00
2026-03-16 06:00:46,123 - LibraryScraper - INFO - Found event: Crafting with Creativebug: Monoprints with Watercolor on 2026-03-24 18:00:00-07:00
2026-03-16 06:00:46,123 - LibraryScraper - INFO - Found event: Bilingual Family Storytime on 2026-03-25 10:30:00-07:00
2026-03-16 06:00:46,124 - LibraryScraper - INFO - Found event: Family Storytime on 2026-03-25 10:30:00-07:00
2026-03-16 06:00:46,124 - LibraryScraper - INFO - Found event: Family Storytime on 2026-03-25 10:30:00-07:00
2026-03-16 06:00:46,124 - LibraryScraper - INFO - Found event: Tai Chi with David Chung on 2026-03-25 11:00:00-07:00
2026-03-16 06:00:46,125 - LibraryScraper - INFO - Found event: Let's Talk: English Conversation Class on 2026-03-25 11:00:00-07:00
2026-03-16 06:00:46,125 - LibraryScraper - INFO - Found event: Get Your Content On TV on 2026-03-25 12:30:00-07:00
2026-03-16 06:00:46,126 - LibraryScraper - INFO - Found event: One-on-One Genealogy Research Help on 2026-03-25 13:00:00-07:00
2026-03-16 06:00:46,126 - LibraryScraper - INFO - Found event: BiblioBus at Rincon Valley Library on 2026-03-25 13:00:00-07:00
2026-03-16 06:00:46,126 - LibraryScraper - INFO - Found event: BiblioBus at Rincon Valley Library on 2026-03-25 13:00:00-07:00
2026-03-16 06:00:46,127 - LibraryScraper - INFO - Found event: Tween Game On! on 2026-03-25 13:15:00-07:00
2026-03-16 06:00:46,127 - LibraryScraper - INFO - Found event: Read to a Dog on 2026-03-25 13:30:00-07:00
2026-03-16 06:00:46,128 - LibraryScraper - INFO - Found event: English Conversation Club on 2026-03-25 14:00:00-07:00
2026-03-16 06:00:46,128 - LibraryScraper - INFO - Found event: Read to a Dog on 2026-03-25 14:00:00-07:00
2026-03-16 06:00:46,128 - LibraryScraper - INFO - Found event: After School Hang Out (Grades 6-12) on 2026-03-25 14:00:00-07:00
2026-03-16 06:00:46,128 - LibraryScraper - INFO - Scraping page 8
2026-03-16 06:00:47,841 - LibraryScraper - INFO - Found event: Teen Hangout: Game On! on 2026-03-25 14:45:00-07:00
2026-03-16 06:00:47,841 - LibraryScraper - INFO - Found event: Let's Draw! Cartoon Expressions on 2026-03-25 15:00:00-07:00
2026-03-16 06:00:47,842 - LibraryScraper - INFO - Found event: Bedazzle Your Favorite Book! on 2026-03-25 15:00:00-07:00
2026-03-16 06:00:47,842 - LibraryScraper - INFO - Found event: Petaluma Chess Club on 2026-03-25 15:00:00-07:00
2026-03-16 06:00:47,842 - LibraryScraper - INFO - Found event: Forestville Book Club on 2026-03-25 15:30:00-07:00
2026-03-16 06:00:47,843 - LibraryScraper - INFO - Found event: Graphic Novel Book Club on 2026-03-25 15:30:00-07:00
2026-03-16 06:00:47,843 - LibraryScraper - INFO - Found event: Read to a Dog on 2026-03-25 15:30:00-07:00
2026-03-16 06:00:47,843 - LibraryScraper - INFO - Found event: Teen Hangout: Universal Yums on 2026-03-25 16:00:00-07:00
2026-03-16 06:00:47,843 - LibraryScraper - INFO - Found event: Smartphone Camera Club on 2026-03-25 16:00:00-07:00
2026-03-16 06:00:47,844 - LibraryScraper - INFO - Found event: Petaluma Library Advisory Board on 2026-03-25 16:00:00-07:00
2026-03-16 06:00:47,844 - LibraryScraper - INFO - Found event: Teens Create Club! on 2026-03-25 16:00:00-07:00
2026-03-16 06:00:47,844 - LibraryScraper - INFO - Found event: Drop-in Teen Volunteering on 2026-03-25 16:00:00-07:00
2026-03-16 06:00:47,845 - LibraryScraper - INFO - Found event: Healthy Relationships with VOICES Sonoma on 2026-03-25 16:30:00-07:00
2026-03-16 06:00:47,845 - LibraryScraper - INFO - Found event: One-On-One Tech Help on 2026-03-25 17:00:00-07:00
2026-03-16 06:00:47,845 - LibraryScraper - INFO - Found event: Free Citizenship Classes in Spanish on 2026-03-25 17:30:00-07:00
2026-03-16 06:00:47,845 - LibraryScraper - INFO - Found event: Pajama Storytime on 2026-03-25 18:00:00-07:00
2026-03-16 06:00:47,846 - LibraryScraper - INFO - Found event: Santa Rosa Library Advisory Board Meeting on 2026-03-25 18:00:00-07:00
2026-03-16 06:00:47,846 - LibraryScraper - INFO - Found event: Pajama Family Storytime on 2026-03-25 18:30:00-07:00
2026-03-16 06:00:47,846 - LibraryScraper - INFO - Found event: BiblioBus at Petaluma Senior Center on 2026-03-26 10:00:00-07:00
2026-03-16 06:00:47,846 - LibraryScraper - INFO - Found event: AARP Tax-Aide on 2026-03-26 10:00:00-07:00
2026-03-16 06:00:47,847 - LibraryScraper - INFO - Found event: Babytime on 2026-03-26 10:15:00-07:00
2026-03-16 06:00:47,847 - LibraryScraper - INFO - Found event: Bilingual Babytime on 2026-03-26 10:30:00-07:00
2026-03-16 06:00:47,847 - LibraryScraper - INFO - Found event: Family Storytime (Tickets Required) on 2026-03-26 10:30:00-07:00
2026-03-16 06:00:47,848 - LibraryScraper - INFO - Found event: Family Storytime on 2026-03-26 10:30:00-07:00
2026-03-16 06:00:47,848 - LibraryScraper - INFO - Scraping page 9
2026-03-16 06:00:50,848 - LibraryScraper - INFO - Found event: Stay & Play on 2026-03-26 10:30:00-07:00
2026-03-16 06:00:50,848 - LibraryScraper - INFO - Found event: Create and Build: Thursday fun days on 2026-03-26 10:30:00-07:00
2026-03-16 06:00:50,849 - LibraryScraper - INFO - Found event: One-On-One Tech Help on 2026-03-26 11:00:00-07:00
2026-03-16 06:00:50,849 - LibraryScraper - INFO - Found event: Stay & Play! on 2026-03-26 11:00:00-07:00
2026-03-16 06:00:50,849 - LibraryScraper - INFO - Found event: Family is a Rainbow on 2026-03-26 11:00:00-07:00
2026-03-16 06:00:50,850 - LibraryScraper - INFO - Found event: Toddler Storytime on 2026-03-26 11:00:00-07:00
2026-03-16 06:00:50,850 - LibraryScraper - INFO - Found event: BiblioBus at Rohnert Park Senior Center on 2026-03-26 12:00:00-07:00
2026-03-16 06:00:50,850 - LibraryScraper - INFO - Found event: Let's Talk: English Conversation Class on 2026-03-26 13:00:00-07:00
2026-03-16 06:00:50,850 - LibraryScraper - INFO - Found event: Scanning Station - Playback Memory Lab on 2026-03-26 13:00:00-07:00
2026-03-16 06:00:50,851 - LibraryScraper - INFO - Found event: VHS Station - Playback Memory Lab on 2026-03-26 13:00:00-07:00
2026-03-16 06:00:50,851 - LibraryScraper - INFO - Found event: Tween Game Lounge on 2026-03-26 13:15:00-07:00
2026-03-16 06:00:50,851 - LibraryScraper - INFO - Found event: 4-H STEM Club on 2026-03-26 15:00:00-07:00
2026-03-16 06:00:50,852 - LibraryScraper - INFO - Found event: BiblioBus at The Palms on 2026-03-26 15:00:00-07:00
2026-03-16 06:00:50,852 - LibraryScraper - INFO - Found event: Jueves de juegos on 2026-03-26 15:00:00-07:00
2026-03-16 06:00:50,852 - LibraryScraper - INFO - Found event: Read to a Dog on 2026-03-26 15:30:00-07:00
2026-03-16 06:00:50,852 - LibraryScraper - INFO - Found event: Read to a Dog on 2026-03-26 15:30:00-07:00
2026-03-16 06:00:50,853 - LibraryScraper - INFO - Found event: Tabletop Role-Playing Game Club on 2026-03-26 15:30:00-07:00
2026-03-16 06:00:50,853 - LibraryScraper - INFO - Found event: Teen Hangout & Volunteer Hour on 2026-03-26 15:45:00-07:00
2026-03-16 06:00:50,853 - LibraryScraper - INFO - Found event: Lego & Build Club ft. Paper Megaphone Craft on 2026-03-26 16:00:00-07:00
2026-03-16 06:00:50,854 - LibraryScraper - INFO - Found event: First Chapter Book Club on 2026-03-26 16:00:00-07:00
2026-03-16 06:00:50,854 - LibraryScraper - INFO - Found event: Book Buddies (Grades TK-3rd) on 2026-03-26 16:00:00-07:00
2026-03-16 06:00:50,854 - LibraryScraper - INFO - Found event: Intercambio on 2026-03-26 16:30:00-07:00
2026-03-16 06:00:50,854 - LibraryScraper - INFO - Found event: AARP Tax-Aide on 2026-03-27 10:00:00-07:00
2026-03-16 06:00:50,855 - LibraryScraper - INFO - Found event: Cultivating Your Inner Landscape: a 10-session series on 2026-03-27 10:00:00-07:00
2026-03-16 06:00:50,855 - LibraryScraper - INFO - Scraping page 10
2026-03-16 06:00:52,843 - LibraryScraper - INFO - Found event: Reading in Community on 2026-03-27 10:00:00-07:00
2026-03-16 06:00:52,843 - LibraryScraper - INFO - Found event: AARP Tax-Aide on 2026-03-27 10:15:00-07:00
2026-03-16 06:00:52,843 - LibraryScraper - INFO - Found event: Kids & Family Bilingual Yoga on 2026-03-27 10:30:00-07:00
2026-03-16 06:00:52,844 - LibraryScraper - INFO - Found event: Bilingual Baby and Toddler Storytime on 2026-03-27 10:30:00-07:00
2026-03-16 06:00:52,844 - LibraryScraper - INFO - Found event: Babytime! on 2026-03-27 10:30:00-07:00
2026-03-16 06:00:52,845 - LibraryScraper - INFO - Found event: AARP Tax-Aide on 2026-03-27 11:00:00-07:00
2026-03-16 06:00:52,845 - LibraryScraper - INFO - Found event: Baby Village on 2026-03-27 11:15:00-07:00
2026-03-16 06:00:52,845 - LibraryScraper - INFO - Found event: Baby Village on 2026-03-27 11:30:00-07:00
2026-03-16 06:00:52,846 - LibraryScraper - INFO - Found event: Stay & Play on 2026-03-27 11:30:00-07:00
2026-03-16 06:00:52,846 - LibraryScraper - INFO - Found event: AARP Tax-Aide on 2026-03-27 12:15:00-07:00
2026-03-16 06:00:52,847 - LibraryScraper - INFO - Found event: Beginning Mandarin on 2026-03-27 13:00:00-07:00
2026-03-16 06:00:52,847 - LibraryScraper - INFO - Found event: One-on-One Genealogy Research Help on 2026-03-27 13:00:00-07:00
2026-03-16 06:00:52,847 - LibraryScraper - INFO - Found event: Scanning Station - Playback Memory Lab on 2026-03-27 13:00:00-07:00
2026-03-16 06:00:52,848 - LibraryScraper - INFO - Found event: VHS Station (2) - Playback Memory Lab on 2026-03-27 13:00:00-07:00
2026-03-16 06:00:52,848 - LibraryScraper - INFO - Found event: VHS Station - Playback Memory Lab on 2026-03-27 13:00:00-07:00
2026-03-16 06:00:52,849 - LibraryScraper - INFO - Found event: AARP Tax-Aide on 2026-03-27 13:15:00-07:00
2026-03-16 06:00:52,849 - LibraryScraper - INFO - Found event: Explore STEAM for Tweens on 2026-03-27 15:30:00-07:00
2026-03-16 06:00:52,849 - LibraryScraper - INFO - Found event: 4-H STEM Club on 2026-03-27 16:00:00-07:00
2026-03-16 06:00:52,850 - LibraryScraper - INFO - Found event: Seeds and Reads: The True Story of Poison Oak on 2026-03-27 16:00:00-07:00
2026-03-16 06:00:52,850 - LibraryScraper - INFO - Found event: 404 Found: Robotics Workshops - Week 3 (Ages 9-17) on 2026-03-27 16:00:00-07:00
2026-03-16 06:00:52,850 - LibraryScraper - INFO - Found event: Create Teen! Minute-to-Win-It Games on 2026-03-27 16:30:00-07:00
2026-03-16 06:00:52,851 - LibraryScraper - INFO - Found event: K-POP Club on 2026-03-27 16:30:00-07:00
2026-03-16 06:00:52,851 - LibraryScraper - INFO - Found event: BiblioBus at Climate Ready Cotati on 2026-03-28 10:00:00-07:00
2026-03-16 06:00:52,851 - LibraryScraper - INFO - Found event: Spanish Music & Movement on 2026-03-28 10:30:00-07:00
2026-03-16 06:00:52,851 - LibraryScraper - INFO - Scraping page 11
2026-03-16 06:00:55,134 - LibraryScraper - INFO - Found event: UC Master Gardeners - Climate Adaptation in Your Yard on 2026-03-28 10:30:00-07:00
2026-03-16 06:00:55,134 - LibraryScraper - INFO - Found event: Weekend Storytime on 2026-03-28 11:00:00-07:00
2026-03-16 06:00:55,135 - LibraryScraper - INFO - Found event: Read to a Dog on 2026-03-28 11:00:00-07:00
2026-03-16 06:00:55,135 - LibraryScraper - INFO - Found event: Teen STEM Saturdays on 2026-03-28 11:00:00-07:00
2026-03-16 06:00:55,135 - LibraryScraper - INFO - Found event: For the Love of Comics 2026 on 2026-03-28 12:00:00-07:00
2026-03-16 06:00:55,136 - LibraryScraper - INFO - Found event: Scanning Station - Playback Memory Lab on 2026-03-28 13:00:00-07:00
2026-03-16 06:00:55,136 - LibraryScraper - INFO - Found event: VHS Station (2) - Playback Memory Lab on 2026-03-28 13:00:00-07:00
2026-03-16 06:00:55,137 - LibraryScraper - INFO - Found event: VHS Station - Playback Memory Lab on 2026-03-28 13:00:00-07:00
2026-03-16 06:00:55,137 - LibraryScraper - INFO - Found event: Classics You Missed Book Club on 2026-03-28 14:00:00-07:00
2026-03-16 06:00:55,137 - LibraryScraper - INFO - Found event: Computer Basics: Email (Bilingual) on 2026-03-28 14:00:00-07:00
2026-03-16 06:00:55,138 - LibraryScraper - INFO - Found event: Read to a Dog 10 Year Anniversary Celebration on 2026-03-28 14:00:00-07:00
2026-03-16 06:00:55,138 - LibraryScraper - INFO - Found event: Computer Basics: Cybersecurity on 2026-03-28 14:00:00-07:00
2026-03-16 06:00:55,138 - LibraryScraper - INFO - Found event: Crafting with Creativebug: Punch Needle Embroidery on 2026-03-28 14:00:00-07:00
2026-03-16 06:00:55,139 - LibraryScraper - INFO - Found event: Master Gardeners - Climate Adaptation in Your Yard - RESCHEDULED on 2026-03-28 14:00:00-07:00
2026-03-16 06:00:55,139 - LibraryScraper - INFO - Found event: One-on-One Tech Help on 2026-03-28 16:00:00-07:00
2026-03-16 06:00:55,140 - LibraryScraper - INFO - Found event: One-on-One Tech Help on 2026-03-28 16:30:00-07:00
2026-03-16 06:00:55,140 - LibraryScraper - INFO - Found event: BiblioBus at Rincon Valley Library on 2026-03-29 13:00:00-07:00
2026-03-16 06:00:55,140 - LibraryScraper - INFO - Found event: BiblioBus at Rincon Valley Library on 2026-03-29 13:00:00-07:00
2026-03-16 06:00:55,141 - LibraryScraper - INFO - Found event: Read to a Dog on 2026-03-29 14:00:00-07:00
2026-03-16 06:00:55,141 - LibraryScraper - INFO - Found event: Crafters Society on 2026-03-29 14:00:00-07:00
2026-03-16 06:00:55,141 - LibraryScraper - INFO - Found event: Mosaic Workshop– Sunflower on 2026-03-29 14:00:00-07:00
2026-03-16 06:00:55,142 - LibraryScraper - INFO - Found event: Sound Studio Basics on 2026-03-30 10:00:00-07:00
2026-03-16 06:00:55,142 - LibraryScraper - INFO - Found event: BiblioBus at Rincon Valley Library on 2026-03-30 10:00:00-07:00
2026-03-16 06:00:55,143 - LibraryScraper - INFO - Found event: BiblioBus at Rincon Valley Library on 2026-03-30 10:00:00-07:00
2026-03-16 06:00:55,143 - LibraryScraper - INFO - Scraping page 12
2026-03-16 06:00:57,349 - LibraryScraper - INFO - Found event: AARP Tax-Aide on 2026-03-30 10:00:00-07:00
2026-03-16 06:00:57,350 - LibraryScraper - INFO - Found event: Babytime! on 2026-03-30 10:30:00-07:00
2026-03-16 06:00:57,350 - LibraryScraper - INFO - Found event: Join Our Podcast! on 2026-03-30 10:45:00-07:00
2026-03-16 06:00:57,350 - LibraryScraper - INFO - Found event: One-On-One Tech Help on 2026-03-30 11:00:00-07:00
2026-03-16 06:00:57,351 - LibraryScraper - INFO - Found event: Sensory Craft & Create: Fuzzy Fidgets on 2026-03-30 11:00:00-07:00
2026-03-16 06:00:57,351 - LibraryScraper - INFO - Found event: English Conversation Club on 2026-03-30 14:00:00-07:00
2026-03-16 06:00:57,351 - LibraryScraper - INFO - Found event: English Conversation Club on 2026-03-30 14:00:00-07:00
2026-03-16 06:00:57,352 - LibraryScraper - INFO - Found event: **Drop-In Camera Help on 2026-03-30 14:30:00-07:00
2026-03-16 06:00:57,352 - LibraryScraper - INFO - Found event: Read to a Dog on 2026-03-30 15:00:00-07:00
2026-03-16 06:00:57,352 - LibraryScraper - INFO - Found event: Intergenerational Chess Club on 2026-03-30 15:15:00-07:00
2026-03-16 06:00:57,352 - LibraryScraper - INFO - Found event: Tween Hangout! Universal Yums on 2026-03-30 15:30:00-07:00
2026-03-16 06:00:57,353 - LibraryScraper - INFO - Found event: Family Storytime on 2026-04-01 10:30:00-07:00
2026-03-16 06:00:57,353 - LibraryScraper - INFO - Found event: Family Storytime on 2026-04-01 10:30:00-07:00
2026-03-16 06:00:57,354 - LibraryScraper - INFO - Found event: Tai Chi with David Chung on 2026-04-01 11:00:00-07:00
2026-03-16 06:00:57,354 - LibraryScraper - INFO - Found event: One-on-One Genealogy Research Help on 2026-04-01 13:00:00-07:00
2026-03-16 06:00:57,354 - LibraryScraper - INFO - Found event: BiblioBus at Rincon Valley Library on 2026-04-01 13:00:00-07:00
2026-03-16 06:00:57,354 - LibraryScraper - INFO - Found event: BiblioBus at Rincon Valley Library on 2026-04-01 13:00:00-07:00
2026-03-16 06:00:57,355 - LibraryScraper - INFO - Found event: English Conversation Club on 2026-04-01 14:00:00-07:00
2026-03-16 06:00:57,355 - LibraryScraper - INFO - Found event: Read to a Dog on 2026-04-01 14:00:00-07:00
2026-03-16 06:00:57,355 - LibraryScraper - INFO - Found event: After School Hang Out (Grades 6-12) on 2026-04-01 14:00:00-07:00
2026-03-16 06:00:57,356 - LibraryScraper - INFO - Found event: Teen Hangout! Universal Yums on 2026-04-01 14:45:00-07:00
2026-03-16 06:00:57,356 - LibraryScraper - INFO - Found event: Game On! for Teens on 2026-04-01 15:00:00-07:00
2026-03-16 06:00:57,356 - LibraryScraper - INFO - Scraping page 13
2026-03-16 06:00:59,343 - LibraryScraper - INFO - Found event: Hecho en Roseland: Colors of My World on 2026-04-01 15:00:00-07:00
2026-03-16 06:00:59,343 - LibraryScraper - INFO - Found event: Petaluma Chess Club on 2026-04-01 15:00:00-07:00
2026-03-16 06:00:59,344 - LibraryScraper - INFO - Found event: Read to a Dog on 2026-04-01 15:30:00-07:00
2026-03-16 06:00:59,344 - LibraryScraper - INFO - Found event: Bedroom Door Poster Design @ The Phoenix on 2026-04-01 16:00:00-07:00
2026-03-16 06:00:59,344 - LibraryScraper - INFO - Found event: Teen Hangout: Game On! on 2026-04-01 16:00:00-07:00
2026-03-16 06:00:59,345 - LibraryScraper - INFO - Found event: Teens Create Club! on 2026-04-01 16:00:00-07:00
2026-03-16 06:00:59,345 - LibraryScraper - INFO - Found event: Game On! for Teens on 2026-04-01 16:30:00-07:00
2026-03-16 06:00:59,345 - LibraryScraper - INFO - Found event: Teen Advisory Group Meeting on 2026-04-01 16:30:00-07:00
2026-03-16 06:00:59,346 - LibraryScraper - INFO - Found event: One-On-One Tech Help on 2026-04-01 17:00:00-07:00
2026-03-16 06:00:59,346 - LibraryScraper - INFO - Found event: Lawyers in the Library on 2026-04-01 17:00:00-07:00
2026-03-16 06:00:59,347 - LibraryScraper - INFO - Found event: Free Citizenship Classes in Spanish on 2026-04-01 17:30:00-07:00
2026-03-16 06:00:59,347 - LibraryScraper - INFO - Found event: Creative Club: Mosaic Workshop–Sunflower on 2026-04-01 18:00:00-07:00
2026-03-16 06:00:59,347 - LibraryScraper - INFO - Found event: Sewing in Community on 2026-04-01 18:00:00-07:00
2026-03-16 06:00:59,348 - LibraryScraper - INFO - Found event: Pajama Family Storytime on 2026-04-01 18:30:00-07:00
2026-03-16 06:00:59,348 - LibraryScraper - INFO - Found event: AARP Tax-Aide on 2026-04-02 10:00:00-07:00
2026-03-16 06:00:59,349 - LibraryScraper - INFO - Found event: Babytime on 2026-04-02 10:15:00-07:00
2026-03-16 06:00:59,349 - LibraryScraper - INFO - Found event: Bilingual Babytime on 2026-04-02 10:30:00-07:00
2026-03-16 06:00:59,349 - LibraryScraper - INFO - Found event: Family Storytime (Tickets Required) on 2026-04-02 10:30:00-07:00
2026-03-16 06:00:59,349 - LibraryScraper - INFO - Found event: Family Storytime on 2026-04-02 10:30:00-07:00
2026-03-16 06:00:59,350 - LibraryScraper - INFO - Found event: Family Storytime (Tickets Required) on 2026-04-02 10:30:00-07:00
2026-03-16 06:00:59,350 - LibraryScraper - INFO - Found event: Create and Build: Thursday fun days on 2026-04-02 10:30:00-07:00
2026-03-16 06:00:59,350 - LibraryScraper - INFO - Found event: Toddler Storytime on 2026-04-02 11:00:00-07:00
2026-03-16 06:00:59,351 - LibraryScraper - INFO - Found event: One-On-One Tech Help on 2026-04-02 11:00:00-07:00
2026-03-16 06:00:59,351 - LibraryScraper - INFO - Found event: Stay & Play! on 2026-04-02 11:00:00-07:00
2026-03-16 06:00:59,351 - LibraryScraper - INFO - Scraping page 14
2026-03-16 06:01:01,811 - LibraryScraper - INFO - Found event: Author Talks: The History of US Women Astronauts on 2026-04-02 11:00:00-07:00
2026-03-16 06:01:01,811 - LibraryScraper - INFO - Found event: Toddler Storytime on 2026-04-02 11:00:00-07:00
2026-03-16 06:01:01,812 - LibraryScraper - INFO - Found event: BiblioBus at Cazadero History Learning Center on 2026-04-02 12:00:00-07:00
2026-03-16 06:01:01,812 - LibraryScraper - INFO - Found event: Scanning Station - Playback Memory Lab on 2026-04-02 13:00:00-07:00
2026-03-16 06:01:01,812 - LibraryScraper - INFO - Found event: VHS Station - Playback Memory Lab on 2026-04-02 13:00:00-07:00
2026-03-16 06:01:01,813 - LibraryScraper - INFO - Found event: Tween Game Lounge on 2026-04-02 13:15:00-07:00
2026-03-16 06:01:01,813 - LibraryScraper - INFO - Found event: BiblioBus at Monte Rio Community Center on 2026-04-02 14:00:00-07:00
2026-03-16 06:01:01,813 - LibraryScraper - INFO - Found event: Jueves de juegos on 2026-04-02 15:00:00-07:00
2026-03-16 06:01:01,813 - LibraryScraper - INFO - Found event: Read to a Dog on 2026-04-02 15:30:00-07:00
2026-03-16 06:01:01,814 - LibraryScraper - INFO - Found event: Read to a Dog on 2026-04-02 15:30:00-07:00
2026-03-16 06:01:01,814 - LibraryScraper - INFO - Found event: Tabletop Role-Playing Game Club on 2026-04-02 15:30:00-07:00
2026-03-16 06:01:01,814 - LibraryScraper - INFO - Found event: Bedroom Door Poster Design on 2026-04-02 16:00:00-07:00
2026-03-16 06:01:01,815 - LibraryScraper - INFO - Found event: Lego & Build Club on 2026-04-02 16:00:00-07:00
2026-03-16 06:01:01,815 - LibraryScraper - INFO - Found event: Sonoma Mystery Book Club on 2026-04-02 16:00:00-07:00
2026-03-16 06:01:01,815 - LibraryScraper - INFO - Found event: Book Buddies (Grades TK-3rd) on 2026-04-02 16:00:00-07:00
2026-03-16 06:01:01,815 - LibraryScraper - INFO - Found event: Computer Basics: Files & Tools on 2026-04-02 16:00:00-07:00
2026-03-16 06:01:01,816 - LibraryScraper - INFO - Found event: Intercambio on 2026-04-02 16:30:00-07:00
2026-03-16 06:01:01,816 - LibraryScraper - INFO - Found event: AARP Tax-Aide on 2026-04-03 10:00:00-07:00
2026-03-16 06:01:01,816 - LibraryScraper - INFO - Found event: Early Literacy Stay and Play on 2026-04-03 10:00:00-07:00
2026-03-16 06:01:01,817 - LibraryScraper - INFO - Found event: Cultivating Your Inner Landscape: a 10-session series on 2026-04-03 10:00:00-07:00
2026-03-16 06:01:01,817 - LibraryScraper - INFO - Found event: AARP Tax-Aide on 2026-04-03 10:15:00-07:00
2026-03-16 06:01:01,817 - LibraryScraper - INFO - Found event: Babytime! on 2026-04-03 10:30:00-07:00
2026-03-16 06:01:01,817 - LibraryScraper - INFO - Found event: Common Ground Book Club: books by & about people with disabilities on 2026-04-03 10:30:00-07:00
2026-03-16 06:01:01,818 - LibraryScraper - INFO - Found event: AARP Tax-Aide on 2026-04-03 11:00:00-07:00
2026-03-16 06:01:01,818 - LibraryScraper - INFO - Scraping page 15
2026-03-16 06:01:03,914 - LibraryScraper - INFO - Found event: Baby Village on 2026-04-03 11:30:00-07:00
2026-03-16 06:01:03,914 - LibraryScraper - INFO - Found event: AARP Tax-Aide on 2026-04-03 12:15:00-07:00
2026-03-16 06:01:03,915 - LibraryScraper - INFO - Found event: One-on-One Genealogy Research Help on 2026-04-03 13:00:00-07:00
2026-03-16 06:01:03,915 - LibraryScraper - INFO - Found event: Scanning Station - Playback Memory Lab on 2026-04-03 13:00:00-07:00
2026-03-16 06:01:03,915 - LibraryScraper - INFO - Found event: VHS Station (2) - Playback Memory Lab on 2026-04-03 13:00:00-07:00
2026-03-16 06:01:03,916 - LibraryScraper - INFO - Found event: VHS Station - Playback Memory Lab on 2026-04-03 13:00:00-07:00
2026-03-16 06:01:03,916 - LibraryScraper - INFO - Found event: AARP Tax-Aide on 2026-04-03 13:15:00-07:00
2026-03-16 06:01:03,916 - LibraryScraper - INFO - Found event: Crafting with Creativebug: Punch Needle Embroidery on 2026-04-03 14:00:00-07:00
2026-03-16 06:01:03,917 - LibraryScraper - INFO - Found event: Friday Flicks on 2026-04-03 15:45:00-07:00
2026-03-16 06:01:03,917 - LibraryScraper - INFO - Found event: 404 Found: Robotics Workshops - Week 4 (Ages 9-17) on 2026-04-03 16:00:00-07:00
2026-03-16 06:01:03,917 - LibraryScraper - INFO - Found event: Create Teen! Origami on 2026-04-03 16:30:00-07:00
2026-03-16 06:01:03,917 - LibraryScraper - INFO - Found event: Paying for College with Scholarships Series on 2026-04-03 16:30:00-07:00
2026-03-16 06:01:03,918 - LibraryScraper - INFO - Found event: Spanish Music & Movement on 2026-04-04 10:00:00-07:00
2026-03-16 06:01:03,918 - LibraryScraper - INFO - Found event: UC Master Gardeners: Good Bugs vs. Bad Bugs on 2026-04-04 10:30:00-07:00
2026-03-16 06:01:03,918 - LibraryScraper - INFO - Found event: Santa Rosa Symphony on 2026-04-04 11:00:00-07:00
2026-03-16 06:01:03,918 - LibraryScraper - INFO - Found event: Weekend Storytime on 2026-04-04 11:00:00-07:00
2026-03-16 06:01:03,919 - LibraryScraper - INFO - Found event: For the Love of Comics 2026 on 2026-04-04 12:00:00-07:00
2026-03-16 06:01:03,919 - LibraryScraper - INFO - Found event: Scanning Station - Playback Memory Lab on 2026-04-04 13:00:00-07:00
2026-03-16 06:01:03,919 - LibraryScraper - INFO - Found event: VHS Station (2) - Playback Memory Lab on 2026-04-04 13:00:00-07:00
2026-03-16 06:01:03,920 - LibraryScraper - INFO - Found event: VHS Station - Playback Memory Lab on 2026-04-04 13:00:00-07:00
2026-03-16 06:01:03,920 - LibraryScraper - INFO - Found event: Santa Rosa Symphony on 2026-04-04 14:00:00-07:00
2026-03-16 06:01:03,920 - LibraryScraper - INFO - Found event: One-on-One Tech Help on 2026-04-04 16:00:00-07:00
2026-03-16 06:01:03,920 - LibraryScraper - INFO - Found event: One-on-One Tech Help on 2026-04-04 16:30:00-07:00
2026-03-16 06:01:03,921 - LibraryScraper - INFO - Found event: BiblioBus at Rincon Valley Library on 2026-04-05 13:00:00-07:00
2026-03-16 06:01:03,921 - LibraryScraper - INFO - Scraping page 16
2026-03-16 06:01:06,635 - LibraryScraper - INFO - Found event: BiblioBus at Rincon Valley Library on 2026-04-05 13:00:00-07:00
2026-03-16 06:01:06,635 - LibraryScraper - INFO - Found event: Read to a Dog on 2026-04-05 14:00:00-07:00
2026-03-16 06:01:06,636 - LibraryScraper - INFO - Found event: Sound Studio Basics on 2026-04-06 10:00:00-07:00
2026-03-16 06:01:06,636 - LibraryScraper - INFO - Found event: BiblioBus at Rincon Valley Library on 2026-04-06 10:00:00-07:00
2026-03-16 06:01:06,636 - LibraryScraper - INFO - Found event: BiblioBus at Rincon Valley Library on 2026-04-06 10:00:00-07:00
2026-03-16 06:01:06,637 - LibraryScraper - INFO - Found event: AARP Tax-Aide on 2026-04-06 10:00:00-07:00
2026-03-16 06:01:06,637 - LibraryScraper - INFO - Found event: Babytime! on 2026-04-06 10:30:00-07:00
2026-03-16 06:01:06,637 - LibraryScraper - INFO - Found event: Join Our Podcast! on 2026-04-06 10:45:00-07:00
2026-03-16 06:01:06,637 - LibraryScraper - INFO - Found event: One-On-One Tech Help on 2026-04-06 11:00:00-07:00
2026-03-16 06:01:06,638 - LibraryScraper - INFO - Found event: English Conversation Club on 2026-04-06 14:00:00-07:00
2026-03-16 06:01:06,638 - LibraryScraper - INFO - Found event: English Conversation Club on 2026-04-06 14:00:00-07:00
2026-03-16 06:01:06,638 - LibraryScraper - INFO - Found event: **Drop-In Camera Help on 2026-04-06 14:30:00-07:00
2026-03-16 06:01:06,638 - LibraryScraper - INFO - Found event: Windsor Senior Center - Monday Mystery Book Club on 2026-04-06 14:30:00-07:00
2026-03-16 06:01:06,639 - LibraryScraper - INFO - Found event: Intergenerational Chess Club on 2026-04-06 15:15:00-07:00
2026-03-16 06:01:06,639 - LibraryScraper - INFO - Found event: Club de cultura on 2026-04-06 15:30:00-07:00
2026-03-16 06:01:06,639 - LibraryScraper - INFO - Found event: 4-H STEM Club on 2026-04-06 16:00:00-07:00
2026-03-16 06:01:06,640 - LibraryScraper - INFO - Found event: 1:1 Tech Help on 2026-04-07 10:15:00-07:00
2026-03-16 06:01:06,640 - LibraryScraper - INFO - Found event: Toddler Storytime on 2026-04-07 10:30:00-07:00
2026-03-16 06:01:06,640 - LibraryScraper - INFO - Found event: Spanish Music & Movement on 2026-04-07 10:30:00-07:00
2026-03-16 06:01:06,641 - LibraryScraper - INFO - Found event: BiblioBus at Living Room Life Center on 2026-04-07 10:30:00-07:00
2026-03-16 06:01:06,641 - LibraryScraper - INFO - Found event: Coventry & Kaluza Show on 2026-04-07 10:30:00-07:00
2026-03-16 06:01:06,641 - LibraryScraper - INFO - Found event: Family Storytime on 2026-04-07 11:00:00-07:00
2026-03-16 06:01:06,642 - LibraryScraper - INFO - Found event: Spanish Music & Movement on 2026-04-07 11:00:00-07:00
2026-03-16 06:01:06,642 - LibraryScraper - INFO - Found event: One-On-One Tech Help on 2026-04-07 11:00:00-07:00
2026-03-16 06:01:06,642 - LibraryScraper - INFO - Scraping page 17
2026-03-16 06:01:08,770 - LibraryScraper - INFO - Found event: Baby Village on 2026-04-07 11:00:00-07:00
2026-03-16 06:01:08,771 - LibraryScraper - INFO - Found event: Healdsburg Book Club on 2026-04-07 12:00:00-07:00
2026-03-16 06:01:08,771 - LibraryScraper - INFO - Found event: BiblioBus at Silvercrest Apartments on 2026-04-07 13:00:00-07:00
2026-03-16 06:01:08,771 - LibraryScraper - INFO - Found event: Chair Yoga with Lavender Lotus on 2026-04-07 13:00:00-07:00
2026-03-16 06:01:08,772 - LibraryScraper - INFO - Found event: Teen Hangout: Universal Yums on 2026-04-07 13:45:00-07:00
2026-03-16 06:01:08,772 - LibraryScraper - INFO - Found event: Sonoma Ready: What is your Emergency APP-titude! on 2026-04-07 14:00:00-07:00
2026-03-16 06:01:08,772 - LibraryScraper - INFO - Found event: Teen Volunteer Tuesday on 2026-04-07 15:15:00-07:00
2026-03-16 06:01:08,773 - LibraryScraper - INFO - Found event: BABYTIME (Tickets Required) on 2026-04-07 16:00:00-07:00
2026-03-16 06:01:08,773 - LibraryScraper - INFO - Found event: Build Club (Legos, Keva Planks and more) on 2026-04-07 16:00:00-07:00
2026-03-16 06:01:08,773 - LibraryScraper - INFO - Found event: English Conversation Club on 2026-04-07 16:00:00-07:00
2026-03-16 06:01:08,774 - LibraryScraper - INFO - Found event: Bedazzle Your Favorite Book! on 2026-04-07 16:00:00-07:00
2026-03-16 06:01:08,774 - LibraryScraper - INFO - Found event: What do Texts and Poems Have in Common? on 2026-04-07 16:00:00-07:00
2026-03-16 06:01:08,774 - LibraryScraper - INFO - Found event: First Chapter Book Club on 2026-04-07 16:30:00-07:00
2026-03-16 06:01:08,775 - LibraryScraper - INFO - Found event: Asian Cuisine Cooking Demo - Dumplings! on 2026-04-07 18:00:00-07:00
2026-03-16 06:01:08,775 - LibraryScraper - INFO - Found event: History Talk: Shopping in Old Time Healdsburg:  Favorite Markets and Stores on 2026-04-07 18:00:00-07:00
2026-03-16 06:01:08,775 - LibraryScraper - INFO - Found event: Paying for College with Scholarships Series on 2026-04-07 18:00:00-07:00
2026-03-16 06:01:08,775 - LibraryScraper - INFO - Found event: Sonoma Co. Zine Club on 2026-04-07 18:00:00-07:00
2026-03-16 06:01:08,776 - LibraryScraper - INFO - Found event: Spanish Music & Movement on 2026-04-08 10:30:00-07:00
2026-03-16 06:01:08,776 - LibraryScraper - INFO - Found event: Family Storytime on 2026-04-08 10:30:00-07:00
2026-03-16 06:01:08,776 - LibraryScraper - INFO - Found event: Family is a Rainbow Storytime on 2026-04-08 10:30:00-07:00
2026-03-16 06:01:08,777 - LibraryScraper - INFO - Found event: Family Law Consultations at Sonoma County Public Law Library on 2026-04-08 10:30:00-07:00
2026-03-16 06:01:08,777 - LibraryScraper - INFO - Found event: Tai Chi with David Chung on 2026-04-08 11:00:00-07:00
2026-03-16 06:01:08,777 - LibraryScraper - INFO - Found event: One-on-One Genealogy Research Help on 2026-04-08 13:00:00-07:00
2026-03-16 06:01:08,778 - LibraryScraper - INFO - Found event: BiblioBus at Rincon Valley Library on 2026-04-08 13:00:00-07:00
2026-03-16 06:01:08,778 - LibraryScraper - INFO - Scraping page 18
2026-03-16 06:01:10,962 - LibraryScraper - INFO - Found event: BiblioBus at Rincon Valley Library on 2026-04-08 13:00:00-07:00
2026-03-16 06:01:10,963 - LibraryScraper - INFO - Found event: Tween Game On! on 2026-04-08 13:15:00-07:00
2026-03-16 06:01:10,963 - LibraryScraper - INFO - Found event: Rincon Valley Book Club on 2026-04-08 13:30:00-07:00
2026-03-16 06:01:10,964 - LibraryScraper - INFO - Found event: *iMovie Editing on 2026-04-08 13:30:00-07:00
2026-03-16 06:01:10,964 - LibraryScraper - INFO - Found event: Read to a Dog on 2026-04-08 14:00:00-07:00
2026-03-16 06:01:10,964 - LibraryScraper - INFO - Found event: After School Hang Out (Grades 6-12) on 2026-04-08 14:00:00-07:00
2026-03-16 06:01:10,965 - LibraryScraper - INFO - Found event: Bilingual Paint Party on 2026-04-08 14:45:00-07:00
2026-03-16 06:01:10,965 - LibraryScraper - INFO - Found event: Club de Cultura on 2026-04-08 15:00:00-07:00
2026-03-16 06:01:10,965 - LibraryScraper - INFO - Found event: Petaluma Chess Club on 2026-04-08 15:00:00-07:00
2026-03-16 06:01:10,966 - LibraryScraper - INFO - Found event: Read to a Dog on 2026-04-08 15:30:00-07:00
2026-03-16 06:01:10,966 - LibraryScraper - INFO - Found event: First Chapter Book Club on 2026-04-08 16:00:00-07:00
2026-03-16 06:01:10,967 - LibraryScraper - INFO - Found event: Universal Yums on 2026-04-08 16:00:00-07:00
2026-03-16 06:01:10,967 - LibraryScraper - INFO - Found event: Bedazzle Your Favorite Book! on 2026-04-08 16:00:00-07:00
2026-03-16 06:01:10,967 - LibraryScraper - INFO - Found event: What do Texts and Poems Have in Common? on 2026-04-08 16:00:00-07:00
2026-03-16 06:01:10,968 - LibraryScraper - INFO - Found event: Paying for College with Scholarships Series on 2026-04-08 16:30:00-07:00
2026-03-16 06:01:10,968 - LibraryScraper - INFO - Found event: River Friends of the Library Board meeting on 2026-04-08 16:30:00-07:00
2026-03-16 06:01:10,968 - LibraryScraper - INFO - Found event: Sebastopol Library Advisory Board Meeting on 2026-04-08 16:30:00-07:00
2026-03-16 06:01:10,969 - LibraryScraper - INFO - Found event: One-On-One Tech Help on 2026-04-08 17:00:00-07:00
2026-03-16 06:01:10,969 - LibraryScraper - INFO - Found event: Free Citizenship Classes in Spanish on 2026-04-08 17:30:00-07:00
2026-03-16 06:01:10,970 - LibraryScraper - INFO - Found event: Queer Book Club on 2026-04-08 18:00:00-07:00
2026-03-16 06:01:10,970 - LibraryScraper - INFO - Found event: Sonoma Ready: What is your Emergency APP-titude! on 2026-04-08 18:00:00-07:00
2026-03-16 06:01:10,970 - LibraryScraper - INFO - Found event: Library Commission Regular Meeting on 2026-04-08 18:00:00-07:00
2026-03-16 06:01:10,971 - LibraryScraper - INFO - Found event: Pajama Family Storytime on 2026-04-08 18:30:00-07:00
2026-03-16 06:01:10,971 - LibraryScraper - INFO - Found event: Cozy Retreat: Tea, Reads, & Analog Activities on 2026-04-08 18:30:00-07:00
2026-03-16 06:01:10,971 - LibraryScraper - INFO - Scraping page 19
2026-03-16 06:01:12,976 - LibraryScraper - INFO - Found event: BiblioBus at Petaluma Senior Center on 2026-04-09 10:00:00-07:00
2026-03-16 06:01:12,976 - LibraryScraper - INFO - Found event: Coventry & Kaluza Show on 2026-04-09 10:00:00-07:00
2026-03-16 06:01:12,976 - LibraryScraper - INFO - Found event: AARP Tax-Aide on 2026-04-09 10:00:00-07:00
2026-03-16 06:01:12,977 - LibraryScraper - INFO - Found event: Babytime on 2026-04-09 10:15:00-07:00
2026-03-16 06:01:12,977 - LibraryScraper - INFO - Found event: Bilingual Babytime on 2026-04-09 10:30:00-07:00
2026-03-16 06:01:12,977 - LibraryScraper - INFO - Found event: Family Storytime (Tickets Required) on 2026-04-09 10:30:00-07:00
2026-03-16 06:01:12,978 - LibraryScraper - INFO - Found event: Kids & Family Bilingual Yoga on 2026-04-09 10:30:00-07:00
2026-03-16 06:01:12,978 - LibraryScraper - INFO - Found event: Family Storytime on 2026-04-09 10:30:00-07:00
2026-03-16 06:01:12,978 - LibraryScraper - INFO - Found event: Create and Build: Thursday fun days on 2026-04-09 10:30:00-07:00
2026-03-16 06:01:12,978 - LibraryScraper - INFO - Found event: One-On-One Tech Help on 2026-04-09 11:00:00-07:00
2026-03-16 06:01:12,979 - LibraryScraper - INFO - Found event: Sonoma Gymnastics Academy on 2026-04-09 11:00:00-07:00
2026-03-16 06:01:12,979 - LibraryScraper - INFO - Found event: Stay & Play! on 2026-04-09 11:00:00-07:00
2026-03-16 06:01:12,979 - LibraryScraper - INFO - Found event: BiblioBus at Rohnert Park Senior Center on 2026-04-09 12:00:00-07:00
2026-03-16 06:01:12,980 - LibraryScraper - INFO - Found event: Northwest Library Book Club on 2026-04-09 12:00:00-07:00
2026-03-16 06:01:12,980 - LibraryScraper - INFO - Found event: Petaluma Library Book Club on 2026-04-09 12:00:00-07:00
2026-03-16 06:01:12,980 - LibraryScraper - INFO - Found event: Lawyers in the Library: Employment & Civil Law on 2026-04-09 12:00:00-07:00
2026-03-16 06:01:12,980 - LibraryScraper - INFO - Found event: Scanning Station - Playback Memory Lab on 2026-04-09 13:00:00-07:00
2026-03-16 06:01:12,981 - LibraryScraper - INFO - Found event: VHS Station - Playback Memory Lab on 2026-04-09 13:00:00-07:00
2026-03-16 06:01:12,981 - LibraryScraper - INFO - Found event: Tween Game Lounge on 2026-04-09 13:15:00-07:00
2026-03-16 06:01:12,981 - LibraryScraper - INFO - Found event: BiblioBus at The Palms on 2026-04-09 15:00:00-07:00
2026-03-16 06:01:12,981 - LibraryScraper - INFO - Found event: Jueves de juegos on 2026-04-09 15:00:00-07:00
2026-03-16 06:01:12,982 - LibraryScraper - INFO - Found event: Read to a Dog on 2026-04-09 15:30:00-07:00
2026-03-16 06:01:12,982 - LibraryScraper - INFO - Found event: Read to a Dog on 2026-04-09 15:30:00-07:00
2026-03-16 06:01:12,982 - LibraryScraper - INFO - Found event: Tabletop Role-Playing Game Club on 2026-04-09 15:30:00-07:00
2026-03-16 06:01:12,982 - LibraryScraper - INFO - Scraping page 20
2026-03-16 06:01:15,705 - LibraryScraper - INFO - Found event: Lego & Build Club on 2026-04-09 16:00:00-07:00
2026-03-16 06:01:15,705 - LibraryScraper - INFO - Found event: Make a Zine on 2026-04-09 16:00:00-07:00
2026-03-16 06:01:15,705 - LibraryScraper - INFO - Found event: Sonoma Valley Library Advisory Board Meeting on 2026-04-09 16:00:00-07:00
2026-03-16 06:01:15,706 - LibraryScraper - INFO - Found event: Book Buddies (Grades TK-3rd) on 2026-04-09 16:00:00-07:00
2026-03-16 06:01:15,706 - LibraryScraper - INFO - Found event: Nintendo Switch 2: Free Play on 2026-04-09 16:00:00-07:00
2026-03-16 06:01:15,706 - LibraryScraper - INFO - Found event: Intercambio on 2026-04-09 16:30:00-07:00
2026-03-16 06:01:15,706 - LibraryScraper - INFO - Found event: Paying for College with Scholarships Series on 2026-04-09 16:30:00-07:00
2026-03-16 06:01:15,707 - LibraryScraper - INFO - Found event: Mujeres Unidas on 2026-04-09 17:00:00-07:00
2026-03-16 06:01:15,707 - LibraryScraper - INFO - Found event: AARP Tax-Aide on 2026-04-10 10:00:00-07:00
2026-03-16 06:01:15,707 - LibraryScraper - INFO - Found event: Cultivating Your Inner Landscape: a 10-session series on 2026-04-10 10:00:00-07:00
2026-03-16 06:01:15,708 - LibraryScraper - INFO - Found event: AARP Tax-Aide on 2026-04-10 10:15:00-07:00
2026-03-16 06:01:15,708 - LibraryScraper - INFO - Found event: Bilingual Baby and Toddler Storytime on 2026-04-10 10:30:00-07:00
2026-03-16 06:01:15,708 - LibraryScraper - INFO - Found event: Family Storytime (Tickets Required) on 2026-04-10 10:30:00-07:00
2026-03-16 06:01:15,709 - LibraryScraper - INFO - Found event: AARP Tax-Aide on 2026-04-10 11:00:00-07:00
2026-03-16 06:01:15,709 - LibraryScraper - INFO - Found event: Tai Chi with David Chung on 2026-04-10 11:00:00-07:00
2026-03-16 06:01:15,709 - LibraryScraper - INFO - Found event: Kids & Family Bilingual Yoga on 2026-04-10 11:30:00-07:00
2026-03-16 06:01:15,710 - LibraryScraper - INFO - Found event: Baby Village on 2026-04-10 11:30:00-07:00
2026-03-16 06:01:15,710 - LibraryScraper - INFO - Found event: AARP Tax-Aide on 2026-04-10 12:15:00-07:00
2026-03-16 06:01:15,710 - LibraryScraper - INFO - Found event: One-on-One Genealogy Research Help on 2026-04-10 13:00:00-07:00
2026-03-16 06:01:15,710 - LibraryScraper - INFO - Found event: Scanning Station - Playback Memory Lab on 2026-04-10 13:00:00-07:00
2026-03-16 06:01:15,711 - LibraryScraper - INFO - Found event: VHS Station (2) - Playback Memory Lab on 2026-04-10 13:00:00-07:00
2026-03-16 06:01:15,711 - LibraryScraper - INFO - Found event: VHS Station - Playback Memory Lab on 2026-04-10 13:00:00-07:00
2026-03-16 06:01:15,711 - LibraryScraper - INFO - Found event: AARP Tax-Aide on 2026-04-10 13:15:00-07:00
2026-03-16 06:01:15,712 - LibraryScraper - INFO - Found event: Sensory Craft & Create: Fuzzy Fidgets on 2026-04-10 15:30:00-07:00
2026-03-16 06:01:15,712 - LibraryScraper - INFO - Scraping page 21
2026-03-16 06:01:18,299 - LibraryScraper - INFO - Found event: Studio Ghibli Movie Series on 2026-04-10 15:30:00-07:00
2026-03-16 06:01:18,299 - LibraryScraper - INFO - Found event: 404 Found: Robotics Workshops - Week 5 (Ages 9-17) on 2026-04-10 16:00:00-07:00
2026-03-16 06:01:18,299 - LibraryScraper - INFO - Found event: Paying for College with Scholarships Series on 2026-04-10 16:30:00-07:00
2026-03-16 06:01:18,300 - LibraryScraper - INFO - Found event: BiblioBus at Andy's Unity Park on 2026-04-11 10:30:00-07:00
2026-03-16 06:01:18,300 - LibraryScraper - INFO - Found event: Santa Rosa Symphony: Brass Trio on 2026-04-11 11:00:00-07:00
2026-03-16 06:01:18,300 - LibraryScraper - INFO - Found event: Lego & Build Club on 2026-04-11 11:00:00-07:00
2026-03-16 06:01:18,300 - LibraryScraper - INFO - Found event: Read to a Dog on 2026-04-11 11:00:00-07:00
2026-03-16 06:01:18,301 - LibraryScraper - INFO - Found event: Dungeons & Dragons Beginner Campaign on 2026-04-11 11:00:00-07:00
2026-03-16 06:01:18,301 - LibraryScraper - INFO - Found event: Queer Family Social on 2026-04-11 11:00:00-07:00
2026-03-16 06:01:18,301 - LibraryScraper - INFO - Found event: Spanish Music & Movement on 2026-04-11 11:30:00-07:00
2026-03-16 06:01:18,302 - LibraryScraper - INFO - Found event: Cookbook Club on 2026-04-11 12:00:00-07:00
2026-03-16 06:01:18,302 - LibraryScraper - INFO - Found event: Scanning Station - Playback Memory Lab on 2026-04-11 13:00:00-07:00
2026-03-16 06:01:18,302 - LibraryScraper - INFO - Found event: VHS Station - Playback Memory Lab on 2026-04-11 13:00:00-07:00
2026-03-16 06:01:18,302 - LibraryScraper - INFO - Found event: Santa Rosa Symphony: Brass Trio on 2026-04-11 14:00:00-07:00
2026-03-16 06:01:18,303 - LibraryScraper - INFO - Found event: LoCura Music Trio on 2026-04-11 14:00:00-07:00
2026-03-16 06:01:18,303 - LibraryScraper - INFO - Found event: One on One Tech Help on 2026-04-11 14:00:00-07:00
2026-03-16 06:01:18,303 - LibraryScraper - INFO - Found event: Poetry Reading on 2026-04-11 14:00:00-07:00
2026-03-16 06:01:18,304 - LibraryScraper - INFO - Found event: One-on-One Tech Help on 2026-04-11 16:00:00-07:00
2026-03-16 06:01:18,304 - LibraryScraper - INFO - Found event: One-on-One Tech Help on 2026-04-11 16:30:00-07:00
2026-03-16 06:01:18,304 - LibraryScraper - INFO - Found event: BiblioBus at Rincon Valley Library on 2026-04-12 13:00:00-07:00
2026-03-16 06:01:18,304 - LibraryScraper - INFO - Found event: BiblioBus at Rincon Valley Library on 2026-04-12 13:00:00-07:00
2026-03-16 06:01:18,305 - LibraryScraper - INFO - Found event: Read to a Dog on 2026-04-12 14:00:00-07:00
2026-03-16 06:01:18,305 - LibraryScraper - INFO - Found event: Read to a Dog on 2026-04-12 14:00:00-07:00
2026-03-16 06:01:18,305 - LibraryScraper - INFO - Found event: Let's Play Family Lotería! on 2026-04-12 14:30:00-07:00
2026-03-16 06:01:18,305 - LibraryScraper - INFO - Scraping page 22
2026-03-16 06:01:20,941 - LibraryScraper - INFO - Found event: Sound Studio Basics on 2026-04-13 10:00:00-07:00
2026-03-16 06:01:20,941 - LibraryScraper - INFO - Found event: BiblioBus at Rincon Valley Library on 2026-04-13 10:00:00-07:00
2026-03-16 06:01:20,941 - LibraryScraper - INFO - Found event: BiblioBus at Rincon Valley Library on 2026-04-13 10:00:00-07:00
2026-03-16 06:01:20,942 - LibraryScraper - INFO - Found event: AARP Tax-Aide on 2026-04-13 10:00:00-07:00
2026-03-16 06:01:20,942 - LibraryScraper - INFO - Found event: Babytime! on 2026-04-13 10:30:00-07:00
2026-03-16 06:01:20,943 - LibraryScraper - INFO - Found event: Join Our Podcast! on 2026-04-13 10:45:00-07:00
2026-03-16 06:01:20,943 - LibraryScraper - INFO - Found event: One-On-One Tech Help on 2026-04-13 11:00:00-07:00
2026-03-16 06:01:20,943 - LibraryScraper - INFO - Found event: **Drop-In Camera Help on 2026-04-13 14:30:00-07:00
2026-03-16 06:01:20,944 - LibraryScraper - INFO - Found event: Intergenerational Chess Club on 2026-04-13 15:15:00-07:00
2026-03-16 06:01:20,944 - LibraryScraper - INFO - Found event: Sit & Stitch 3:30 to 5:30 on 2026-04-13 15:30:00-07:00
2026-03-16 06:01:20,944 - LibraryScraper - INFO - Found event: 1:1 Tech Help on 2026-04-14 10:15:00-07:00
2026-03-16 06:01:20,945 - LibraryScraper - INFO - Found event: Toddler Storytime on 2026-04-14 10:30:00-07:00
2026-03-16 06:01:20,945 - LibraryScraper - INFO - Found event: Family Storytime on 2026-04-14 11:00:00-07:00
2026-03-16 06:01:20,946 - LibraryScraper - INFO - Found event: Spanish Music & Movement on 2026-04-14 11:00:00-07:00
2026-03-16 06:01:20,946 - LibraryScraper - INFO - Found event: One-On-One Tech Help on 2026-04-14 11:00:00-07:00
2026-03-16 06:01:20,946 - LibraryScraper - INFO - Found event: Chair Yoga with Gail Gaskins on 2026-04-14 11:00:00-07:00
2026-03-16 06:01:20,947 - LibraryScraper - INFO - Found event: Baby Village on 2026-04-14 11:00:00-07:00
2026-03-16 06:01:20,947 - LibraryScraper - INFO - Found event: Bedazzle Your Favorite Book! on 2026-04-14 13:45:00-07:00
2026-03-16 06:01:20,948 - LibraryScraper - INFO - Found event: Windsor Tuesday Book Club on 2026-04-14 14:00:00-07:00
2026-03-16 06:01:20,948 - LibraryScraper - INFO - Found event: BiblioBus at Bodega Bay School on 2026-04-14 14:30:00-07:00
2026-03-16 06:01:20,948 - LibraryScraper - INFO - Found event: Teen Volunteer Tuesday on 2026-04-14 15:15:00-07:00
2026-03-16 06:01:20,949 - LibraryScraper - INFO - Found event: Homework Help on 2026-04-14 15:30:00-07:00
2026-03-16 06:01:20,949 - LibraryScraper - INFO - Found event: BABYTIME (Tickets Required) on 2026-04-14 16:00:00-07:00
2026-03-16 06:01:20,949 - LibraryScraper - INFO - Found event: Author Talks: On Writing Suspenseful Spycraft with Brad Taylor on 2026-04-14 16:00:00-07:00
2026-03-16 06:01:20,949 - LibraryScraper - INFO - Scraping page 23
2026-03-16 06:01:23,526 - LibraryScraper - INFO - Found event: Read to a Dog on 2026-04-14 16:00:00-07:00
2026-03-16 06:01:23,527 - LibraryScraper - INFO - Found event: Crafting with Creativebug: Punch Needle Embroidery on 2026-04-14 16:00:00-07:00
2026-03-16 06:01:23,527 - LibraryScraper - INFO - Found event: Spanish First Chapter Book Club on 2026-04-14 16:30:00-07:00
2026-03-16 06:01:23,528 - LibraryScraper - INFO - Found event: Evening Family Storytime on 2026-04-14 17:00:00-07:00
2026-03-16 06:01:23,528 - LibraryScraper - INFO - Found event: One on One Tech Help on 2026-04-14 17:00:00-07:00
2026-03-16 06:01:23,528 - LibraryScraper - INFO - Found event: Healthy Relationships with VOICES Sonoma on 2026-04-14 17:30:00-07:00
2026-03-16 06:01:23,529 - LibraryScraper - INFO - Found event: Central Santa Rosa Book Club on 2026-04-14 18:00:00-07:00
2026-03-16 06:01:23,529 - LibraryScraper - INFO - Found event: Cloverdale Library Book Club on 2026-04-14 18:00:00-07:00
2026-03-16 06:01:23,530 - LibraryScraper - INFO - Found event: Paying for College with Scholarships Series on 2026-04-14 18:00:00-07:00
2026-03-16 06:01:23,530 - LibraryScraper - INFO - Found event: Bilingual Family Storytime on 2026-04-15 10:30:00-07:00
2026-03-16 06:01:23,530 - LibraryScraper - INFO - Found event: Family Storytime on 2026-04-15 10:30:00-07:00
2026-03-16 06:01:23,531 - LibraryScraper - INFO - Found event: Family Storytime on 2026-04-15 10:30:00-07:00
2026-03-16 06:01:23,531 - LibraryScraper - INFO - Found event: Baby Storytime on 2026-04-15 11:00:00-07:00
2026-03-16 06:01:23,531 - LibraryScraper - INFO - Found event: One-on-One Genealogy Research Help on 2026-04-15 13:00:00-07:00
2026-03-16 06:01:23,532 - LibraryScraper - INFO - Found event: BiblioBus at Rincon Valley Library on 2026-04-15 13:00:00-07:00
2026-03-16 06:01:23,532 - LibraryScraper - INFO - Found event: BiblioBus at Rincon Valley Library on 2026-04-15 13:00:00-07:00
2026-03-16 06:01:23,532 - LibraryScraper - INFO - Found event: Tween Game On! on 2026-04-15 13:15:00-07:00
2026-03-16 06:01:23,533 - LibraryScraper - INFO - Found event: Read to a Dog on 2026-04-15 14:00:00-07:00
2026-03-16 06:01:23,533 - LibraryScraper - INFO - Found event: After School Hang Out (Grades 6-12) on 2026-04-15 14:00:00-07:00
2026-03-16 06:01:23,533 - LibraryScraper - INFO - Found event: ¡Lotería! on 2026-04-15 14:15:00-07:00
2026-03-16 06:01:23,534 - LibraryScraper - INFO - Found event: Bedazzle Your Favorite Book! on 2026-04-15 14:45:00-07:00
2026-03-16 06:01:23,534 - LibraryScraper - INFO - Found event: Game On! for Teens on 2026-04-15 15:00:00-07:00
2026-03-16 06:01:23,534 - LibraryScraper - INFO - Found event: Petaluma Chess Club on 2026-04-15 15:00:00-07:00
2026-03-16 06:01:23,535 - LibraryScraper - INFO - Found event: Read to a Dog on 2026-04-15 15:30:00-07:00
2026-03-16 06:01:23,535 - LibraryScraper - INFO - Scraping page 24
2026-03-16 06:01:26,193 - LibraryScraper - INFO - Found event: Teen Hangout: Make a Zine on 2026-04-15 16:00:00-07:00
2026-03-16 06:01:26,193 - LibraryScraper - INFO - Found event: Teens Create Club! on 2026-04-15 16:00:00-07:00
2026-03-16 06:01:26,194 - LibraryScraper - INFO - Found event: Paying for College with Scholarships Series on 2026-04-15 16:30:00-07:00
2026-03-16 06:01:26,194 - LibraryScraper - INFO - Found event: One-On-One Tech Help on 2026-04-15 17:00:00-07:00
2026-03-16 06:01:26,195 - LibraryScraper - INFO - Found event: Members Only! Friends of the Rohnert Park Cotati Library Book Sale on 2026-04-15 17:00:00-07:00
2026-03-16 06:01:26,195 - LibraryScraper - INFO - Found event: Poem in Your Pocket Preview on 2026-04-15 18:00:00-07:00
2026-03-16 06:01:26,195 - LibraryScraper - INFO - Found event: Russian River Zine Club on 2026-04-15 18:00:00-07:00
2026-03-16 06:01:26,196 - LibraryScraper - INFO - Found event: Sewing in Community on 2026-04-15 18:00:00-07:00
2026-03-16 06:01:26,196 - LibraryScraper - INFO - Found event: Pajama Family Storytime on 2026-04-15 18:30:00-07:00
2026-03-16 06:01:26,197 - LibraryScraper - INFO - Found event: Roseland Book Club on 2026-04-15 18:30:00-07:00
2026-03-16 06:01:26,197 - LibraryScraper - INFO - Found event: Windsor Nonfiction Book Club on 2026-04-15 18:30:00-07:00
2026-03-16 06:01:26,197 - LibraryScraper - INFO - Found event: Friends of the Rohnert Park Cotati Library Book Sale on 2026-04-16 10:00:00-07:00
2026-03-16 06:01:26,198 - LibraryScraper - INFO - Found event: Bilingual Babytime on 2026-04-16 10:30:00-07:00
2026-03-16 06:01:26,198 - LibraryScraper - INFO - Found event: Family Storytime (Tickets Required) on 2026-04-16 10:30:00-07:00
2026-03-16 06:01:26,199 - LibraryScraper - INFO - Found event: Family Storytime on 2026-04-16 10:30:00-07:00
2026-03-16 06:01:26,199 - LibraryScraper - INFO - Found event: The Book of Wonders on 2026-04-16 10:30:00-07:00
2026-03-16 06:01:26,199 - LibraryScraper - INFO - Found event: Toddler Storytime on 2026-04-16 11:00:00-07:00
2026-03-16 06:01:26,200 - LibraryScraper - INFO - Found event: One-On-One Tech Help on 2026-04-16 11:00:00-07:00
2026-03-16 06:01:26,200 - LibraryScraper - INFO - Found event: Stay & Play! on 2026-04-16 11:00:00-07:00
2026-03-16 06:01:26,200 - LibraryScraper - INFO - Found event: Sensory Craft & Create: Fuzzy Fidgets on 2026-04-16 11:00:00-07:00
2026-03-16 06:01:26,201 - LibraryScraper - INFO - Found event: Rohnert Park Senior Center Mystery Book Club on 2026-04-16 11:00:00-07:00
2026-03-16 06:01:26,201 - LibraryScraper - INFO - Found event: BiblioBus at Cazadero History Learning Center on 2026-04-16 12:00:00-07:00
2026-03-16 06:01:26,201 - LibraryScraper - INFO - Found event: Create and Build: Thursday fun days on 2026-04-16 12:30:00-07:00
2026-03-16 06:01:26,202 - LibraryScraper - INFO - Found event: Central Solve the Mystery Book Club on 2026-04-16 13:00:00-07:00
2026-03-16 06:01:26,202 - LibraryScraper - INFO - Scraping page 25
2026-03-16 06:01:28,593 - LibraryScraper - INFO - Found event: Scanning Station - Playback Memory Lab on 2026-04-16 13:00:00-07:00
2026-03-16 06:01:28,594 - LibraryScraper - INFO - Found event: VHS Station - Playback Memory Lab on 2026-04-16 13:00:00-07:00
2026-03-16 06:01:28,594 - LibraryScraper - INFO - Found event: Tween Game Lounge on 2026-04-16 13:15:00-07:00
2026-03-16 06:01:28,594 - LibraryScraper - INFO - Found event: BiblioBus at Monte Rio Community Center on 2026-04-16 14:00:00-07:00
2026-03-16 06:01:28,595 - LibraryScraper - INFO - Found event: Sonoma Reads! Book Club on 2026-04-16 14:00:00-07:00
2026-03-16 06:01:28,595 - LibraryScraper - INFO - Found event: Jueves de juegos on 2026-04-16 15:00:00-07:00
2026-03-16 06:01:28,595 - LibraryScraper - INFO - Found event: Read to a Dog on 2026-04-16 15:30:00-07:00
2026-03-16 06:01:28,595 - LibraryScraper - INFO - Found event: Read to a Dog on 2026-04-16 15:30:00-07:00
2026-03-16 06:01:28,596 - LibraryScraper - INFO - Found event: Tabletop Role-Playing Game Club on 2026-04-16 15:30:00-07:00
2026-03-16 06:01:28,596 - LibraryScraper - INFO - Found event: What do Texts and Poems Have in Common? on 2026-04-16 15:45:00-07:00
2026-03-16 06:01:28,596 - LibraryScraper - INFO - Found event: Lego & Build Club on 2026-04-16 16:00:00-07:00
2026-03-16 06:01:28,597 - LibraryScraper - INFO - Found event: First Chapter Book Club on 2026-04-16 16:00:00-07:00
2026-03-16 06:01:28,597 - LibraryScraper - INFO - Found event: Book Buddies (Grades TK-3rd) on 2026-04-16 16:00:00-07:00
2026-03-16 06:01:28,597 - LibraryScraper - INFO - Found event: TTRPG Club (Tabletop Role-Playing Game Club) on 2026-04-16 16:00:00-07:00
2026-03-16 06:01:28,598 - LibraryScraper - INFO - Found event: Intercambio on 2026-04-16 16:30:00-07:00
2026-03-16 06:01:28,598 - LibraryScraper - INFO - Found event: Paying for College with Scholarships Series on 2026-04-16 16:30:00-07:00
2026-03-16 06:01:28,598 - LibraryScraper - INFO - Found event: Cultivating Your Inner Landscape: a 10-session series on 2026-04-17 10:00:00-07:00
2026-03-16 06:01:28,598 - LibraryScraper - INFO - Found event: Friends of the Rohnert Park Cotati Library Book Sale on 2026-04-17 10:00:00-07:00
2026-03-16 06:01:28,599 - LibraryScraper - INFO - Found event: Kids & Family Bilingual Yoga on 2026-04-17 10:30:00-07:00
2026-03-16 06:01:28,599 - LibraryScraper - INFO - Found event: Bilingual Baby and Toddler Storytime on 2026-04-17 10:30:00-07:00
2026-03-16 06:01:28,599 - LibraryScraper - INFO - Found event: Baby Village on 2026-04-17 11:30:00-07:00
2026-03-16 06:01:28,600 - LibraryScraper - INFO - Found event: One-on-One Genealogy Research Help on 2026-04-17 13:00:00-07:00
2026-03-16 06:01:28,600 - LibraryScraper - INFO - Found event: Scanning Station - Playback Memory Lab on 2026-04-17 13:00:00-07:00
2026-03-16 06:01:28,600 - LibraryScraper - INFO - Found event: VHS Station (2) - Playback Memory Lab on 2026-04-17 13:00:00-07:00
2026-03-16 06:01:28,600 - LibraryScraper - INFO - Scraping page 26
2026-03-16 06:01:31,273 - LibraryScraper - INFO - Found event: VHS Station - Playback Memory Lab on 2026-04-17 13:00:00-07:00
2026-03-16 06:01:31,273 - LibraryScraper - INFO - Found event: Computer Basics: Files & Tools on 2026-04-17 16:00:00-07:00
2026-03-16 06:01:31,274 - LibraryScraper - INFO - Found event: 404 Found: Robotics Workshops - Week 6 (Ages 9-17) on 2026-04-17 16:00:00-07:00
2026-03-16 06:01:31,274 - LibraryScraper - INFO - Found event: Paying for College with Scholarships Series on 2026-04-17 16:30:00-07:00
2026-03-16 06:01:31,275 - LibraryScraper - INFO - Found event: BiblioBus at Santa Rosa Original Certified Farmers Market on 2026-04-18 09:00:00-07:00
2026-03-16 06:01:31,275 - LibraryScraper - INFO - Found event: Spanish Music & Movement on 2026-04-18 10:00:00-07:00
2026-03-16 06:01:31,275 - LibraryScraper - INFO - Found event: Friends of the Rohnert Park Cotati Library Book Sale on 2026-04-18 10:00:00-07:00
2026-03-16 06:01:31,276 - LibraryScraper - INFO - Found event: Community Gardening Workshop on 2026-04-18 10:00:00-07:00
2026-03-16 06:01:31,276 - LibraryScraper - INFO - Found event: Weekend Storytime on 2026-04-18 11:00:00-07:00
2026-03-16 06:01:31,276 - LibraryScraper - INFO - Found event: Mosaic Workshop– Sunflower on 2026-04-18 11:00:00-07:00
2026-03-16 06:01:31,276 - LibraryScraper - INFO - Found event: Marching in the Butter & Egg Days Parade on 2026-04-18 11:30:00-07:00
2026-03-16 06:01:31,277 - LibraryScraper - INFO - Found event: Coventry & Kaluza Show on 2026-04-18 12:00:00-07:00
2026-03-16 06:01:31,277 - LibraryScraper - INFO - Found event: Quiet Reading Time Together on 2026-04-18 13:00:00-07:00
2026-03-16 06:01:31,277 - LibraryScraper - INFO - Found event: Scanning Station - Playback Memory Lab on 2026-04-18 13:00:00-07:00
2026-03-16 06:01:31,278 - LibraryScraper - INFO - Found event: VHS Station (2) - Playback Memory Lab on 2026-04-18 13:00:00-07:00
2026-03-16 06:01:31,278 - LibraryScraper - INFO - Found event: VHS Station - Playback Memory Lab on 2026-04-18 13:00:00-07:00
2026-03-16 06:01:31,278 - LibraryScraper - INFO - Found event: Crafting with Creativebug: Punch Needle Embroidery on 2026-04-18 14:00:00-07:00
2026-03-16 06:01:31,278 - LibraryScraper - INFO - Found event: Creation Station on 2026-04-18 14:00:00-07:00
2026-03-16 06:01:31,279 - LibraryScraper - INFO - Found event: Global Goodies on 2026-04-18 14:00:00-07:00
2026-03-16 06:01:31,279 - LibraryScraper - INFO - Found event: Puzzle Swap on 2026-04-18 15:30:00-07:00
2026-03-16 06:01:31,279 - LibraryScraper - INFO - Found event: One-on-One Tech Help on 2026-04-18 16:00:00-07:00
2026-03-16 06:01:31,279 - LibraryScraper - INFO - Found event: One-on-One Tech Help on 2026-04-18 16:30:00-07:00
2026-03-16 06:01:31,280 - LibraryScraper - INFO - Found event: BiblioBus at Rincon Valley Library on 2026-04-19 13:00:00-07:00
2026-03-16 06:01:31,280 - LibraryScraper - INFO - Found event: BiblioBus at Rincon Valley Library on 2026-04-19 13:00:00-07:00
2026-03-16 06:01:31,280 - LibraryScraper - INFO - Scraping page 27
2026-03-16 06:01:34,098 - LibraryScraper - INFO - Found event: Santa Rosa Symphony: Brass Trio on 2026-04-19 14:00:00-07:00
2026-03-16 06:01:34,098 - LibraryScraper - INFO - Found event: Author Visit: San Francisco Bay Area: An Environmental History on 2026-04-19 14:00:00-07:00
2026-03-16 06:01:34,099 - LibraryScraper - INFO - Found event: Read to a Dog on 2026-04-19 14:00:00-07:00
2026-03-16 06:01:34,099 - LibraryScraper - INFO - Found event: The Librarians: Film Screening and Discussion on 2026-04-19 14:00:00-07:00
2026-03-16 06:01:34,100 - LibraryScraper - INFO - Found event: TCG Club: Pokemon & Magic the Gathering on 2026-04-19 14:30:00-07:00
2026-03-16 06:01:34,100 - LibraryScraper - INFO - Found event: Sound Studio Basics on 2026-04-20 10:00:00-07:00
2026-03-16 06:01:34,100 - LibraryScraper - INFO - Found event: BiblioBus at Rincon Valley Library on 2026-04-20 10:00:00-07:00
2026-03-16 06:01:34,101 - LibraryScraper - INFO - Found event: BiblioBus at Rincon Valley Library on 2026-04-20 10:00:00-07:00
2026-03-16 06:01:34,101 - LibraryScraper - INFO - Found event: Babytime! on 2026-04-20 10:30:00-07:00
2026-03-16 06:01:34,102 - LibraryScraper - INFO - Found event: Join Our Podcast! on 2026-04-20 10:45:00-07:00
2026-03-16 06:01:34,102 - LibraryScraper - INFO - Found event: One-On-One Tech Help on 2026-04-20 11:00:00-07:00
2026-03-16 06:01:34,102 - LibraryScraper - INFO - Found event: Monday Movie Matinee for Adults: Moonstruck on 2026-04-20 14:00:00-07:00
2026-03-16 06:01:34,103 - LibraryScraper - INFO - Found event: **Drop-In Camera Help on 2026-04-20 14:30:00-07:00
2026-03-16 06:01:34,103 - LibraryScraper - INFO - Found event: Intergenerational Chess Club on 2026-04-20 15:15:00-07:00
2026-03-16 06:01:34,103 - LibraryScraper - INFO - Found event: Kids & Family Bilingual Yoga on 2026-04-20 15:30:00-07:00
2026-03-16 06:01:34,104 - LibraryScraper - INFO - Found event: Healdsburg Senior Center Book Club on 2026-04-21 10:00:00-07:00
2026-03-16 06:01:34,104 - LibraryScraper - INFO - Found event: 1:1 Tech Help on 2026-04-21 10:15:00-07:00
2026-03-16 06:01:34,104 - LibraryScraper - INFO - Found event: Toddler Storytime on 2026-04-21 10:30:00-07:00
2026-03-16 06:01:34,105 - LibraryScraper - INFO - Found event: BiblioBus at Living Room Life Center on 2026-04-21 10:30:00-07:00
2026-03-16 06:01:34,105 - LibraryScraper - INFO - Found event: Spanish Music & Movement on 2026-04-21 11:00:00-07:00
2026-03-16 06:01:34,105 - LibraryScraper - INFO - Found event: One-On-One Tech Help on 2026-04-21 11:00:00-07:00
2026-03-16 06:01:34,106 - LibraryScraper - INFO - Found event: Rohnert Park Book Club on 2026-04-21 11:00:00-07:00
2026-03-16 06:01:34,106 - LibraryScraper - INFO - Found event: Baby Village on 2026-04-21 11:00:00-07:00
2026-03-16 06:01:34,106 - LibraryScraper - INFO - Found event: BiblioBus at Silvercrest Apartments on 2026-04-21 13:00:00-07:00
2026-03-16 06:01:34,106 - LibraryScraper - INFO - Scraping page 28
2026-03-16 06:01:36,526 - LibraryScraper - INFO - Found event: Chair Yoga with Lavender Lotus on 2026-04-21 13:00:00-07:00
2026-03-16 06:01:36,526 - LibraryScraper - INFO - Found event: Teen Hangout: Game On! on 2026-04-21 13:45:00-07:00
2026-03-16 06:01:36,527 - LibraryScraper - INFO - Found event: Teen Volunteer Tuesday on 2026-04-21 15:15:00-07:00
2026-03-16 06:01:36,527 - LibraryScraper - INFO - Found event: What do Texts and Poems Have in Common? on 2026-04-21 15:30:00-07:00
2026-03-16 06:01:36,527 - LibraryScraper - INFO - Found event: BABYTIME (Tickets Required) on 2026-04-21 16:00:00-07:00
2026-03-16 06:01:36,528 - LibraryScraper - INFO - Found event: French Family Storytime on 2026-04-21 16:00:00-07:00
2026-03-16 06:01:36,528 - LibraryScraper - INFO - Found event: Stay and Make on 2026-04-21 16:00:00-07:00
2026-03-16 06:01:36,528 - LibraryScraper - INFO - Found event: Feminist Icons in Zine History on 2026-04-21 16:00:00-07:00
2026-03-16 06:01:36,529 - LibraryScraper - INFO - Found event: Rohnert Park Cotati Library Advisory Board on 2026-04-21 17:00:00-07:00
2026-03-16 06:01:36,529 - LibraryScraper - INFO - Found event: Asian Cuisine Cooking Demo - Dumplings! on 2026-04-21 18:00:00-07:00
2026-03-16 06:01:36,529 - LibraryScraper - INFO - Found event: Paying for College with Scholarships Series on 2026-04-21 18:00:00-07:00
2026-03-16 06:01:36,529 - LibraryScraper - INFO - Found event: Santa Rosa Junior College Information Session on 2026-04-21 18:00:00-07:00
2026-03-16 06:01:36,530 - LibraryScraper - INFO - Found event: Bilingual Family Storytime on 2026-04-22 10:30:00-07:00
2026-03-16 06:01:36,530 - LibraryScraper - INFO - Found event: Family Storytime on 2026-04-22 10:30:00-07:00
2026-03-16 06:01:36,530 - LibraryScraper - INFO - Found event: Family Storytime on 2026-04-22 10:30:00-07:00
2026-03-16 06:01:36,531 - LibraryScraper - INFO - Found event: Author Talks: Lush Lyricism with Miranda Cowley Heller on 2026-04-22 11:00:00-07:00
2026-03-16 06:01:36,531 - LibraryScraper - INFO - Found event: Get Your Content On TV on 2026-04-22 12:30:00-07:00
2026-03-16 06:01:36,531 - LibraryScraper - INFO - Found event: One-on-One Genealogy Research Help on 2026-04-22 13:00:00-07:00
2026-03-16 06:01:36,531 - LibraryScraper - INFO - Found event: BiblioBus at Rincon Valley Library on 2026-04-22 13:00:00-07:00
2026-03-16 06:01:36,532 - LibraryScraper - INFO - Found event: BiblioBus at Rincon Valley Library on 2026-04-22 13:00:00-07:00
2026-03-16 06:01:36,532 - LibraryScraper - INFO - Found event: Library Commission Budget Workshop on 2026-04-22 13:00:00-07:00
2026-03-16 06:01:36,532 - LibraryScraper - INFO - Found event: Tween Game On! on 2026-04-22 13:15:00-07:00
2026-03-16 06:01:36,533 - LibraryScraper - INFO - Found event: Read to a Dog on 2026-04-22 14:00:00-07:00
2026-03-16 06:01:36,533 - LibraryScraper - INFO - Found event: After School Hang Out (Grades 6-12) on 2026-04-22 14:00:00-07:00
2026-03-16 06:01:36,533 - LibraryScraper - INFO - Scraping page 29
2026-03-16 06:01:38,662 - LibraryScraper - INFO - Found event: Teen Hangout: Game On! on 2026-04-22 14:45:00-07:00
2026-03-16 06:01:38,662 - LibraryScraper - INFO - Found event: Petaluma Chess Club on 2026-04-22 15:00:00-07:00
2026-03-16 06:01:38,663 - LibraryScraper - INFO - Found event: Graphic Novel Book Club on 2026-04-22 15:30:00-07:00
2026-03-16 06:01:38,663 - LibraryScraper - INFO - Found event: Read to a Dog on 2026-04-22 15:30:00-07:00
2026-03-16 06:01:38,663 - LibraryScraper - INFO - Found event: Teen Hangout: Bedroom Door Poster Design on 2026-04-22 16:00:00-07:00
2026-03-16 06:01:38,663 - LibraryScraper - INFO - Found event: Teens Create Club! on 2026-04-22 16:00:00-07:00
2026-03-16 06:01:38,664 - LibraryScraper - INFO - Found event: Paying for College with Scholarships Series on 2026-04-22 16:30:00-07:00
2026-03-16 06:01:38,664 - LibraryScraper - INFO - Found event: One-On-One Tech Help on 2026-04-22 17:00:00-07:00
2026-03-16 06:01:38,664 - LibraryScraper - INFO - Found event: Pajama Storytime on 2026-04-22 18:00:00-07:00
2026-03-16 06:01:38,665 - LibraryScraper - INFO - Found event: Mosaic Workshop– Sunflower on 2026-04-22 18:00:00-07:00
2026-03-16 06:01:38,665 - LibraryScraper - INFO - Found event: Pajama Family Storytime on 2026-04-22 18:30:00-07:00
2026-03-16 06:01:38,665 - LibraryScraper - INFO - Found event: BiblioBus at Petaluma Senior Center on 2026-04-23 10:00:00-07:00
2026-03-16 06:01:38,665 - LibraryScraper - INFO - Found event: Bilingual Babytime on 2026-04-23 10:30:00-07:00
2026-03-16 06:01:38,666 - LibraryScraper - INFO - Found event: Family Storytime (Tickets Required) on 2026-04-23 10:30:00-07:00
2026-03-16 06:01:38,666 - LibraryScraper - INFO - Found event: Family is a Rainbow on 2026-04-23 10:30:00-07:00
2026-03-16 06:01:38,666 - LibraryScraper - INFO - Found event: Create and Build: Thursday fun days on 2026-04-23 10:30:00-07:00
2026-03-16 06:01:38,667 - LibraryScraper - INFO - Found event: Toddler Storytime on 2026-04-23 11:00:00-07:00
2026-03-16 06:01:38,667 - LibraryScraper - INFO - Found event: One-On-One Tech Help on 2026-04-23 11:00:00-07:00
2026-03-16 06:01:38,667 - LibraryScraper - INFO - Found event: Stay & Play! on 2026-04-23 11:00:00-07:00
2026-03-16 06:01:38,667 - LibraryScraper - INFO - Found event: BiblioBus at Rohnert Park Senior Center on 2026-04-23 12:00:00-07:00
2026-03-16 06:01:38,668 - LibraryScraper - INFO - Found event: Scanning Station - Playback Memory Lab on 2026-04-23 13:00:00-07:00
2026-03-16 06:01:38,668 - LibraryScraper - INFO - Found event: VHS Station - Playback Memory Lab on 2026-04-23 13:00:00-07:00
2026-03-16 06:01:38,668 - LibraryScraper - INFO - Found event: Tween Game Lounge on 2026-04-23 13:15:00-07:00
2026-03-16 06:01:38,669 - LibraryScraper - INFO - Found event: 4-H STEM Club on 2026-04-23 15:00:00-07:00
2026-03-16 06:01:38,669 - LibraryScraper - INFO - Scraping page 30
2026-03-16 06:01:40,668 - LibraryScraper - INFO - Found event: BiblioBus at The Palms on 2026-04-23 15:00:00-07:00
2026-03-16 06:01:40,668 - LibraryScraper - INFO - Found event: Jueves de juegos on 2026-04-23 15:00:00-07:00
2026-03-16 06:01:40,668 - LibraryScraper - INFO - Found event: Read to a Dog on 2026-04-23 15:30:00-07:00
2026-03-16 06:01:40,669 - LibraryScraper - INFO - Found event: Read to a Dog on 2026-04-23 15:30:00-07:00
2026-03-16 06:01:40,669 - LibraryScraper - INFO - Found event: Teen Hangout & Volunteer Hour on 2026-04-23 15:45:00-07:00
2026-03-16 06:01:40,669 - LibraryScraper - INFO - Found event: Lego & Build Club ft. Zines! on 2026-04-23 16:00:00-07:00
2026-03-16 06:01:40,669 - LibraryScraper - INFO - Found event: Universal Yums for Teens: Greece and Germany on 2026-04-23 16:00:00-07:00
2026-03-16 06:01:40,670 - LibraryScraper - INFO - Found event: Book Buddies (Grades TK-3rd) on 2026-04-23 16:00:00-07:00
2026-03-16 06:01:40,670 - LibraryScraper - INFO - Found event: Computer Basics: Files & Tools (Spanish) on 2026-04-23 16:00:00-07:00
2026-03-16 06:01:40,670 - LibraryScraper - INFO - Found event: Intercambio on 2026-04-23 16:30:00-07:00
2026-03-16 06:01:40,671 - LibraryScraper - INFO - Found event: Paying for College with Scholarships Series on 2026-04-23 16:30:00-07:00
2026-03-16 06:01:40,671 - LibraryScraper - INFO - Found event: Cultivating Your Inner Landscape: a 10-session series on 2026-04-24 10:00:00-07:00
2026-03-16 06:01:40,671 - LibraryScraper - INFO - Found event: River Friends Book & Bake Sale on 2026-04-24 10:00:00-07:00
2026-03-16 06:01:40,672 - LibraryScraper - INFO - Found event: Kids & Family Bilingual Yoga on 2026-04-24 10:30:00-07:00
2026-03-16 06:01:40,672 - LibraryScraper - INFO - Found event: Family Storytime in Giorgi Park on 2026-04-24 10:30:00-07:00
2026-03-16 06:01:40,672 - LibraryScraper - INFO - Found event: Baby Village on 2026-04-24 11:30:00-07:00
2026-03-16 06:01:40,672 - LibraryScraper - INFO - Found event: One-on-One Genealogy Research Help on 2026-04-24 13:00:00-07:00
2026-03-16 06:01:40,673 - LibraryScraper - INFO - Found event: Scanning Station - Playback Memory Lab on 2026-04-24 13:00:00-07:00
2026-03-16 06:01:40,673 - LibraryScraper - INFO - Found event: VHS Station (2) - Playback Memory Lab on 2026-04-24 13:00:00-07:00
2026-03-16 06:01:40,673 - LibraryScraper - INFO - Found event: VHS Station - Playback Memory Lab on 2026-04-24 13:00:00-07:00
2026-03-16 06:01:40,674 - LibraryScraper - INFO - Found event: Seeds and Reads: The True Story of Poison Oak on 2026-04-24 15:30:00-07:00
2026-03-16 06:01:40,674 - LibraryScraper - INFO - Found event: Crafting with Creativebug: Monoprints with Watercolor on 2026-04-24 16:00:00-07:00
2026-03-16 06:01:40,674 - LibraryScraper - INFO - Found event: 404 Found: Robotics Workshops - Week 7 (Ages 9-17) on 2026-04-24 16:00:00-07:00
2026-03-16 06:01:40,675 - LibraryScraper - INFO - Found event: UC Master Gardeners Succulent Swap on 2026-04-25 10:00:00-07:00
2026-03-16 06:01:40,675 - LibraryScraper - INFO - Scraping page 31
2026-03-16 06:01:42,729 - LibraryScraper - INFO - Found event: River Friends Book & Bake Sale on 2026-04-25 10:00:00-07:00
2026-03-16 06:01:42,730 - LibraryScraper - INFO - Found event: Spanish Music & Movement on 2026-04-25 10:30:00-07:00
2026-03-16 06:01:42,730 - LibraryScraper - INFO - Found event: Let's Draw! Cartoon Expressions on 2026-04-25 11:00:00-07:00
2026-03-16 06:01:42,730 - LibraryScraper - INFO - Found event: Read to a Dog on 2026-04-25 11:00:00-07:00
2026-03-16 06:01:42,731 - LibraryScraper - INFO - Found event: Weekend Storytime on 2026-04-25 11:00:00-07:00
2026-03-16 06:01:42,731 - LibraryScraper - INFO - Found event: Teen STEM Saturdays on 2026-04-25 11:00:00-07:00
2026-03-16 06:01:42,732 - LibraryScraper - INFO - Found event: Scanning Station - Playback Memory Lab on 2026-04-25 13:00:00-07:00
2026-03-16 06:01:42,732 - LibraryScraper - INFO - Found event: VHS Station (2) - Playback Memory Lab on 2026-04-25 13:00:00-07:00
2026-03-16 06:01:42,732 - LibraryScraper - INFO - Found event: VHS Station - Playback Memory Lab on 2026-04-25 13:00:00-07:00
2026-03-16 06:01:42,733 - LibraryScraper - INFO - Found event: One on One Tech Help on 2026-04-25 14:00:00-07:00
2026-03-16 06:01:42,733 - LibraryScraper - INFO - Found event: Mosaic Workshop– Sunflower on 2026-04-25 14:00:00-07:00
2026-03-16 06:01:42,734 - LibraryScraper - INFO - Found event: One-on-One Tech Help on 2026-04-25 16:00:00-07:00
2026-03-16 06:01:42,734 - LibraryScraper - INFO - Found event: Coventry & Kaluza Show on 2026-04-25 16:00:00-07:00
2026-03-16 06:01:42,734 - LibraryScraper - INFO - Found event: One-on-One Tech Help on 2026-04-25 16:30:00-07:00
2026-03-16 06:01:42,735 - LibraryScraper - INFO - Found event: BiblioBus at Rincon Valley Library on 2026-04-26 13:00:00-07:00
2026-03-16 06:01:42,735 - LibraryScraper - INFO - Found event: BiblioBus at Rincon Valley Library on 2026-04-26 13:00:00-07:00
2026-03-16 06:01:42,735 - LibraryScraper - INFO - Found event: River Friends Book & Bake Sale on 2026-04-26 13:00:00-07:00
2026-03-16 06:01:42,736 - LibraryScraper - INFO - Found event: Read to a Dog on 2026-04-26 14:00:00-07:00
2026-03-16 06:01:42,736 - LibraryScraper - INFO - Found event: Read to a Dog on 2026-04-26 14:00:00-07:00
2026-03-16 06:01:42,737 - LibraryScraper - INFO - Found event: Puzzle Swap on 2026-04-26 15:30:00-07:00
2026-03-16 06:01:42,737 - LibraryScraper - INFO - Found event: Sound Studio Basics on 2026-04-27 10:00:00-07:00
2026-03-16 06:01:42,737 - LibraryScraper - INFO - Found event: BiblioBus at Rincon Valley Library on 2026-04-27 10:00:00-07:00
2026-03-16 06:01:42,738 - LibraryScraper - INFO - Found event: BiblioBus at Rincon Valley Library on 2026-04-27 10:00:00-07:00
2026-03-16 06:01:42,738 - LibraryScraper - INFO - Found event: Babytime! on 2026-04-27 10:30:00-07:00
2026-03-16 06:01:42,738 - LibraryScraper - INFO - Scraping page 32
2026-03-16 06:01:44,853 - LibraryScraper - INFO - Found event: Join Our Podcast! on 2026-04-27 10:45:00-07:00
2026-03-16 06:01:44,853 - LibraryScraper - INFO - Found event: One-On-One Tech Help on 2026-04-27 11:00:00-07:00
2026-03-16 06:01:44,854 - LibraryScraper - INFO - Found event: Spanish Music & Movement on 2026-04-27 11:30:00-07:00
2026-03-16 06:01:44,854 - LibraryScraper - INFO - Found event: **Drop-In Camera Help on 2026-04-27 14:30:00-07:00
2026-03-16 06:01:44,854 - LibraryScraper - INFO - Found event: Intergenerational Chess Club on 2026-04-27 15:15:00-07:00
2026-03-16 06:01:44,855 - LibraryScraper - INFO - Found event: LEGO Build Club & Rubik's Cube Corner on 2026-04-27 15:30:00-07:00
2026-03-16 06:01:44,855 - LibraryScraper - INFO - Found event: Tween Hangout! Universal Yums (and Tambourine Craft) on 2026-04-27 15:30:00-07:00
2026-03-16 06:01:44,855 - LibraryScraper - INFO - Found event: Chapter Chats 4th-6th Grade Book Club on 2026-04-27 16:00:00-07:00
2026-03-16 06:01:44,856 - LibraryScraper - INFO - Found event: 1:1 Tech Help on 2026-04-28 10:15:00-07:00
2026-03-16 06:01:44,856 - LibraryScraper - INFO - Found event: Toddler Storytime on 2026-04-28 10:30:00-07:00
2026-03-16 06:01:44,856 - LibraryScraper - INFO - Found event: Family Storytime on 2026-04-28 11:00:00-07:00
2026-03-16 06:01:44,857 - LibraryScraper - INFO - Found event: Spanish Music & Movement on 2026-04-28 11:00:00-07:00
2026-03-16 06:01:44,857 - LibraryScraper - INFO - Found event: One-On-One Tech Help on 2026-04-28 11:00:00-07:00
2026-03-16 06:01:44,857 - LibraryScraper - INFO - Found event: Chair Yoga with Gail Gaskins on 2026-04-28 11:00:00-07:00
2026-03-16 06:01:44,858 - LibraryScraper - INFO - Found event: Baby Village on 2026-04-28 11:00:00-07:00
2026-03-16 06:01:44,858 - LibraryScraper - INFO - Found event: Chair Yoga with Lavender Lotus on 2026-04-28 13:00:00-07:00
2026-03-16 06:01:44,858 - LibraryScraper - INFO - Found event: Guerneville Book Club on 2026-04-28 13:30:00-07:00
2026-03-16 06:01:44,859 - LibraryScraper - INFO - Found event: BiblioBus at Bodega Bay School on 2026-04-28 14:30:00-07:00
2026-03-16 06:01:44,859 - LibraryScraper - INFO - Found event: Teen Volunteer Tuesday on 2026-04-28 15:15:00-07:00
2026-03-16 06:01:44,860 - LibraryScraper - INFO - Found event: Make a Zine on 2026-04-28 15:30:00-07:00
2026-03-16 06:01:44,860 - LibraryScraper - INFO - Found event: Homework Help on 2026-04-28 15:30:00-07:00
2026-03-16 06:01:44,860 - LibraryScraper - INFO - Found event: BABYTIME (Tickets Required) on 2026-04-28 16:00:00-07:00
2026-03-16 06:01:44,861 - LibraryScraper - INFO - Found event: English Conversation Club on 2026-04-28 16:00:00-07:00
2026-03-16 06:01:44,861 - LibraryScraper - INFO - Found event: Seeds and Reads on 2026-04-28 16:00:00-07:00
2026-03-16 06:01:44,861 - LibraryScraper - INFO - Scraping page 33
2026-03-16 06:01:46,885 - LibraryScraper - INFO - Found event: One on One Tech Help on 2026-04-28 17:00:00-07:00
2026-03-16 06:01:46,886 - LibraryScraper - INFO - Found event: Asian Cuisine Cooking Demo - Dumplings! on 2026-04-28 18:00:00-07:00
2026-03-16 06:01:46,886 - LibraryScraper - INFO - Found event: Read BIPOC Book Club on 2026-04-28 18:00:00-07:00
2026-03-16 06:01:46,887 - LibraryScraper - INFO - Found event: Roseland Teen Manga Club on 2026-04-28 18:00:00-07:00
2026-03-16 06:01:46,887 - LibraryScraper - INFO - Found event: Canon Book Club on 2026-04-28 18:00:00-07:00
2026-03-16 06:01:46,887 - LibraryScraper - INFO - Found event: Bilingual Family Storytime on 2026-04-29 10:30:00-07:00
2026-03-16 06:01:46,888 - LibraryScraper - INFO - Found event: Celebrate Día: Word Chains on 2026-04-29 10:30:00-07:00
2026-03-16 06:01:46,888 - LibraryScraper - INFO - Found event: Family Storytime on 2026-04-29 10:30:00-07:00
2026-03-16 06:01:46,888 - LibraryScraper - INFO - Found event: One-on-One Genealogy Research Help on 2026-04-29 13:00:00-07:00
2026-03-16 06:01:46,889 - LibraryScraper - INFO - Found event: BiblioBus at Rincon Valley Library on 2026-04-29 13:00:00-07:00
2026-03-16 06:01:46,889 - LibraryScraper - INFO - Found event: BiblioBus at Rincon Valley Library on 2026-04-29 13:00:00-07:00
2026-03-16 06:01:46,890 - LibraryScraper - INFO - Found event: Tween Game On! on 2026-04-29 13:15:00-07:00
2026-03-16 06:01:46,890 - LibraryScraper - INFO - Found event: Read to a Dog on 2026-04-29 14:00:00-07:00
2026-03-16 06:01:46,890 - LibraryScraper - INFO - Found event: After School Hang Out (Grades 6-12) on 2026-04-29 14:00:00-07:00
2026-03-16 06:01:46,891 - LibraryScraper - INFO - Found event: Hecho en Roseland: Magical Expanding Books on 2026-04-29 15:00:00-07:00
2026-03-16 06:01:46,891 - LibraryScraper - INFO - Found event: Petaluma Chess Club on 2026-04-29 15:00:00-07:00
2026-03-16 06:01:46,891 - LibraryScraper - INFO - Found event: Bilingual Paint Party on 2026-04-29 15:00:00-07:00
2026-03-16 06:01:46,892 - LibraryScraper - INFO - Found event: Forestville Book Club on 2026-04-29 15:30:00-07:00
2026-03-16 06:01:46,892 - LibraryScraper - INFO - Found event: Read to a Dog on 2026-04-29 15:30:00-07:00
2026-03-16 06:01:46,892 - LibraryScraper - INFO - Found event: Dungeons & Dragons Beginner Campaign on 2026-04-29 15:30:00-07:00
2026-03-16 06:01:46,893 - LibraryScraper - INFO - Found event: Teen Hangout: Universal Yums on 2026-04-29 16:00:00-07:00
2026-03-16 06:01:46,893 - LibraryScraper - INFO - Found event: Smartphone Camera Club on 2026-04-29 16:00:00-07:00
2026-03-16 06:01:46,893 - LibraryScraper - INFO - Found event: Teens Create Club! on 2026-04-29 16:00:00-07:00
2026-03-16 06:01:46,894 - LibraryScraper - INFO - Found event: What do Texts and Poems Have in Common? on 2026-04-29 16:30:00-07:00
2026-03-16 06:01:46,894 - LibraryScraper - INFO - Scraping page 34
2026-03-16 06:01:49,235 - LibraryScraper - INFO - Found event: One-On-One Tech Help on 2026-04-29 17:00:00-07:00
2026-03-16 06:01:49,236 - LibraryScraper - INFO - Found event: Mosaic Workshop– Sunflower on 2026-04-29 18:00:00-07:00
2026-03-16 06:01:49,236 - LibraryScraper - INFO - Found event: Sonoma Ready: What is your Emergency APP-titude! on 2026-04-29 18:00:00-07:00
2026-03-16 06:01:49,236 - LibraryScraper - INFO - Found event: Pajama Family Storytime on 2026-04-29 18:30:00-07:00
2026-03-16 06:01:49,237 - LibraryScraper - INFO - Found event: Bilingual Babytime on 2026-04-30 10:30:00-07:00
2026-03-16 06:01:49,237 - LibraryScraper - INFO - Found event: Family Storytime (Tickets Required) on 2026-04-30 10:30:00-07:00
2026-03-16 06:01:49,237 - LibraryScraper - INFO - Found event: Stay & Play on 2026-04-30 10:30:00-07:00
2026-03-16 06:01:49,237 - LibraryScraper - INFO - Found event: Create and Build: Thursday fun days on 2026-04-30 10:30:00-07:00
2026-03-16 06:01:49,238 - LibraryScraper - INFO - Found event: Toddler Storytime on 2026-04-30 11:00:00-07:00
2026-03-16 06:01:49,238 - LibraryScraper - INFO - Found event: One-On-One Tech Help on 2026-04-30 11:00:00-07:00
2026-03-16 06:01:49,238 - LibraryScraper - INFO - Found event: Stay & Play! on 2026-04-30 11:00:00-07:00
2026-03-16 06:01:49,238 - LibraryScraper - INFO - Found event: Celebrate Día: Word Chains on 2026-04-30 11:00:00-07:00
2026-03-16 06:01:49,239 - LibraryScraper - INFO - Found event: Scanning Station - Playback Memory Lab on 2026-04-30 13:00:00-07:00
2026-03-16 06:01:49,239 - LibraryScraper - INFO - Found event: VHS Station - Playback Memory Lab on 2026-04-30 13:00:00-07:00
2026-03-16 06:01:49,239 - LibraryScraper - INFO - Found event: Tween Game Lounge on 2026-04-30 13:15:00-07:00
2026-03-16 06:01:49,240 - LibraryScraper - INFO - Found event: Jueves de juegos on 2026-04-30 15:00:00-07:00
2026-03-16 06:01:49,240 - LibraryScraper - INFO - Found event: Celebrate Día: Tambourines for Tweens on 2026-04-30 15:30:00-07:00
2026-03-16 06:01:49,240 - LibraryScraper - INFO - Found event: Read to a Dog on 2026-04-30 15:30:00-07:00
2026-03-16 06:01:49,240 - LibraryScraper - INFO - Found event: Read to a Dog on 2026-04-30 15:30:00-07:00
2026-03-16 06:01:49,241 - LibraryScraper - INFO - Found event: Tabletop Role-Playing Game Club on 2026-04-30 15:30:00-07:00
2026-03-16 06:01:49,241 - LibraryScraper - INFO - Found event: Celebrate Día: Word Chains on 2026-04-30 16:00:00-07:00
2026-03-16 06:01:49,241 - LibraryScraper - INFO - Found event: Author Talks: Jason Reynolds on 2026-04-30 16:00:00-07:00
2026-03-16 06:01:49,242 - LibraryScraper - INFO - Found event: Celebrate Día: Tambourines for Tweens on 2026-04-30 16:00:00-07:00
2026-03-16 06:01:49,242 - LibraryScraper - INFO - Found event: Make a Zine on 2026-04-30 16:00:00-07:00
2026-03-16 06:01:49,242 - LibraryScraper - INFO - Scraping page 35
2026-03-16 06:01:51,902 - LibraryScraper - INFO - Found event: Book Buddies (Grades TK-3rd) on 2026-04-30 16:00:00-07:00
2026-03-16 06:01:51,902 - LibraryScraper - INFO - Found event: Celebrate Día: Tambourines for Tweens on 2026-04-30 16:30:00-07:00
2026-03-16 06:01:51,902 - LibraryScraper - INFO - Found event: Celebrate Día: Tambourines for Tweens on 2026-04-30 16:30:00-07:00
2026-03-16 06:01:51,903 - LibraryScraper - INFO - Found event: Celebrate Día: Word Chains on 2026-04-30 16:30:00-07:00
2026-03-16 06:01:51,903 - LibraryScraper - INFO - Found event: Intercambio on 2026-04-30 16:30:00-07:00
2026-03-16 06:01:51,903 - LibraryScraper - INFO - Found event: Cultivating Your Inner Landscape: a 10-session series on 2026-05-01 10:00:00-07:00
2026-03-16 06:01:51,904 - LibraryScraper - INFO - Found event: Common Ground Book Club: books by & about people with disabilities on 2026-05-01 10:30:00-07:00
2026-03-16 06:01:51,904 - LibraryScraper - INFO - Found event: Kids & Family Bilingual Yoga on 2026-05-01 11:30:00-07:00
2026-03-16 06:01:51,904 - LibraryScraper - INFO - Found event: Baby Village on 2026-05-01 11:30:00-07:00
2026-03-16 06:01:51,905 - LibraryScraper - INFO - Found event: One-on-One Genealogy Research Help on 2026-05-01 13:00:00-07:00
2026-03-16 06:01:51,905 - LibraryScraper - INFO - Found event: First Chapter Book Club on 2026-05-01 15:45:00-07:00
2026-03-16 06:01:51,905 - LibraryScraper - INFO - Found event: Celebrate Día: Tambourines for Tweens on 2026-05-01 16:00:00-07:00
2026-03-16 06:01:51,905 - LibraryScraper - INFO - Found event: Let's Play Family Lotería! on 2026-05-01 16:00:00-07:00
2026-03-16 06:01:51,906 - LibraryScraper - INFO - Found event: 404 Found: Robotics Workshops - Week 8 (Ages 9-17) on 2026-05-01 16:00:00-07:00
2026-03-16 06:01:51,906 - LibraryScraper - INFO - Found event: Spanish Music & Movement on 2026-05-02 10:00:00-07:00
2026-03-16 06:01:51,906 - LibraryScraper - INFO - Found event: Celebrate Día: Word Chains on 2026-05-02 10:45:00-07:00
2026-03-16 06:01:51,907 - LibraryScraper - INFO - Found event: Santa Rosa Zine Fest 2026 on 2026-05-02 12:00:00-07:00
2026-03-16 06:01:51,907 - LibraryScraper - INFO - Found event: Classics You Missed Book Club on 2026-05-02 14:00:00-07:00
2026-03-16 06:01:51,907 - LibraryScraper - INFO - Found event: UC Master Gardeners - Climate Adaptation in Your Yard on 2026-05-02 14:00:00-07:00
2026-03-16 06:01:51,907 - LibraryScraper - INFO - Found event: Celebrate Reading with Comics! (FCBD) on 2026-05-02 14:00:00-07:00
2026-03-16 06:01:51,908 - LibraryScraper - INFO - Found event: One-on-One Tech Help on 2026-05-02 16:00:00-07:00
2026-03-16 06:01:51,908 - LibraryScraper - INFO - Found event: One-on-One Tech Help on 2026-05-02 16:30:00-07:00
2026-03-16 06:01:51,908 - LibraryScraper - INFO - Found event: BiblioBus at Rincon Valley Library on 2026-05-03 13:00:00-07:00
2026-03-16 06:01:51,909 - LibraryScraper - INFO - Found event: BiblioBus at Rincon Valley Library on 2026-05-03 13:00:00-07:00
2026-03-16 06:01:51,909 - LibraryScraper - INFO - Scraping page 36
2026-03-16 06:01:54,443 - LibraryScraper - INFO - Found event: Keenan Webster - Afro Roots World Music on 2026-05-03 14:00:00-07:00
2026-03-16 06:01:54,444 - LibraryScraper - INFO - Found event: Read to a Dog on 2026-05-03 14:00:00-07:00
2026-03-16 06:01:54,444 - LibraryScraper - INFO - Found event: Sound Studio Basics on 2026-05-04 10:00:00-07:00
2026-03-16 06:01:54,445 - LibraryScraper - INFO - Found event: BiblioBus at Rincon Valley Library on 2026-05-04 10:00:00-07:00
2026-03-16 06:01:54,445 - LibraryScraper - INFO - Found event: BiblioBus at Rincon Valley Library on 2026-05-04 10:00:00-07:00
2026-03-16 06:01:54,445 - LibraryScraper - INFO - Found event: Babytime! on 2026-05-04 10:30:00-07:00
2026-03-16 06:01:54,446 - LibraryScraper - INFO - Found event: Join Our Podcast! on 2026-05-04 10:45:00-07:00
2026-03-16 06:01:54,446 - LibraryScraper - INFO - Found event: One-On-One Tech Help on 2026-05-04 11:00:00-07:00
2026-03-16 06:01:54,446 - LibraryScraper - INFO - Found event: **Drop-In Camera Help on 2026-05-04 14:30:00-07:00
2026-03-16 06:01:54,447 - LibraryScraper - INFO - Found event: Windsor Senior Center - Monday Mystery Book Club on 2026-05-04 14:30:00-07:00
2026-03-16 06:01:54,447 - LibraryScraper - INFO - Found event: Intergenerational Chess Club on 2026-05-04 15:15:00-07:00
2026-03-16 06:01:54,448 - LibraryScraper - INFO - Found event: Club de cultura on 2026-05-04 15:30:00-07:00
2026-03-16 06:01:54,448 - LibraryScraper - INFO - Found event: Hansel and Gretel Puppet Show on 2026-05-04 16:00:00-07:00
2026-03-16 06:01:54,448 - LibraryScraper - INFO - Found event: 4-H STEM Club on 2026-05-04 16:00:00-07:00
2026-03-16 06:01:54,449 - LibraryScraper - INFO - Found event: 1:1 Tech Help on 2026-05-05 10:15:00-07:00
2026-03-16 06:01:54,449 - LibraryScraper - INFO - Found event: Spanish Music & Movement on 2026-05-05 10:30:00-07:00
2026-03-16 06:01:54,449 - LibraryScraper - INFO - Found event: BiblioBus at Living Room Life Center on 2026-05-05 10:30:00-07:00
2026-03-16 06:01:54,450 - LibraryScraper - INFO - Found event: Family is a Rainbow Storytime on 2026-05-05 10:30:00-07:00
2026-03-16 06:01:54,450 - LibraryScraper - INFO - Found event: Family Storytime on 2026-05-05 11:00:00-07:00
2026-03-16 06:01:54,451 - LibraryScraper - INFO - Found event: Spanish Music & Movement on 2026-05-05 11:00:00-07:00
2026-03-16 06:01:54,451 - LibraryScraper - INFO - Found event: One-On-One Tech Help on 2026-05-05 11:00:00-07:00
2026-03-16 06:01:54,451 - LibraryScraper - INFO - Found event: Baby Village on 2026-05-05 11:00:00-07:00
2026-03-16 06:01:54,452 - LibraryScraper - INFO - Found event: Healdsburg Book Club on 2026-05-05 12:00:00-07:00
2026-03-16 06:01:54,452 - LibraryScraper - INFO - Found event: BiblioBus at Silvercrest Apartments on 2026-05-05 13:00:00-07:00
2026-03-16 06:01:54,452 - LibraryScraper - INFO - Scraping page 37
2026-03-16 06:01:56,541 - LibraryScraper - INFO - Found event: Chair Yoga with Lavender Lotus on 2026-05-05 13:00:00-07:00
2026-03-16 06:01:56,541 - LibraryScraper - INFO - Found event: Teen Hangout: Universal Yums on 2026-05-05 13:45:00-07:00
2026-03-16 06:01:56,542 - LibraryScraper - INFO - Found event: Teen Volunteer Tuesday on 2026-05-05 15:15:00-07:00
2026-03-16 06:01:56,542 - LibraryScraper - INFO - Found event: Build Club (Legos, Keva Planks and more) on 2026-05-05 16:00:00-07:00
2026-03-16 06:01:56,542 - LibraryScraper - INFO - Found event: English Conversation Club on 2026-05-05 16:00:00-07:00
2026-03-16 06:01:56,543 - LibraryScraper - INFO - Found event: Healthy Relationships with VOICES Sonoma on 2026-05-05 16:00:00-07:00
2026-03-16 06:01:56,543 - LibraryScraper - INFO - Found event: Petaluma Conversations on 2026-05-05 17:30:00-07:00
2026-03-16 06:01:56,544 - LibraryScraper - INFO - Found event: Computer Basics: Mouse and Keyboard on 2026-05-05 18:00:00-07:00
2026-03-16 06:01:56,544 - LibraryScraper - INFO - Found event: Sonoma Co. Zine Club on 2026-05-05 18:00:00-07:00
2026-03-16 06:01:56,544 - LibraryScraper - INFO - Found event: Bilingual Family Storytime on 2026-05-06 10:30:00-07:00
2026-03-16 06:01:56,545 - LibraryScraper - INFO - Found event: Family Storytime at Ives Park on 2026-05-06 10:30:00-07:00
2026-03-16 06:01:56,545 - LibraryScraper - INFO - Found event: Family Storytime on 2026-05-06 10:30:00-07:00
2026-03-16 06:01:56,545 - LibraryScraper - INFO - Found event: One-on-One Genealogy Research Help on 2026-05-06 13:00:00-07:00
2026-03-16 06:01:56,546 - LibraryScraper - INFO - Found event: BiblioBus at Rincon Valley Library on 2026-05-06 13:00:00-07:00
2026-03-16 06:01:56,546 - LibraryScraper - INFO - Found event: BiblioBus at Rincon Valley Library on 2026-05-06 13:00:00-07:00
2026-03-16 06:01:56,547 - LibraryScraper - INFO - Found event: Tween Game On! on 2026-05-06 13:15:00-07:00
2026-03-16 06:01:56,547 - LibraryScraper - INFO - Found event: Read to a Dog on 2026-05-06 14:00:00-07:00
2026-03-16 06:01:56,547 - LibraryScraper - INFO - Found event: After School Hang Out (Grades 6-12) on 2026-05-06 14:00:00-07:00
2026-03-16 06:01:56,548 - LibraryScraper - INFO - Found event: Teen Hangout! Universal Yums on 2026-05-06 14:45:00-07:00
2026-03-16 06:01:56,548 - LibraryScraper - INFO - Found event: Game On! for Teens on 2026-05-06 15:00:00-07:00
2026-03-16 06:01:56,548 - LibraryScraper - INFO - Found event: Petaluma Chess Club on 2026-05-06 15:00:00-07:00
2026-03-16 06:01:56,549 - LibraryScraper - INFO - Found event: Read to a Dog on 2026-05-06 15:30:00-07:00
2026-03-16 06:01:56,549 - LibraryScraper - INFO - Found event: Teens Create Club! on 2026-05-06 16:00:00-07:00
2026-03-16 06:01:56,550 - LibraryScraper - INFO - Found event: Bilingual Paint Party on 2026-05-06 16:00:00-07:00
2026-03-16 06:01:56,550 - LibraryScraper - INFO - Scraping page 38
2026-03-16 06:01:58,742 - LibraryScraper - INFO - Found event: Game On! for Teens on 2026-05-06 16:30:00-07:00
2026-03-16 06:01:58,742 - LibraryScraper - INFO - Found event: Teen Advisory Group Meeting on 2026-05-06 16:30:00-07:00
2026-03-16 06:01:58,743 - LibraryScraper - INFO - Found event: One-On-One Tech Help on 2026-05-06 17:00:00-07:00
2026-03-16 06:01:58,743 - LibraryScraper - INFO - Found event: Lawyers in the Library on 2026-05-06 17:00:00-07:00
2026-03-16 06:01:58,743 - LibraryScraper - INFO - Found event: Quiet Reading Time Together on 2026-05-06 17:30:00-07:00
2026-03-16 06:01:58,744 - LibraryScraper - INFO - Found event: Creative Club: Punch Needle Embroidery on 2026-05-06 18:00:00-07:00
2026-03-16 06:01:58,744 - LibraryScraper - INFO - Found event: Sewing in Community on 2026-05-06 18:00:00-07:00
2026-03-16 06:01:58,744 - LibraryScraper - INFO - Found event: Library Commission Regular Meeting on 2026-05-06 18:00:00-07:00
2026-03-16 06:01:58,745 - LibraryScraper - INFO - Found event: Pajama Family Storytime on 2026-05-06 18:30:00-07:00
2026-03-16 06:01:58,745 - LibraryScraper - INFO - Found event: Kids & Family Bilingual Yoga on 2026-05-07 10:30:00-07:00
2026-03-16 06:01:58,746 - LibraryScraper - INFO - Found event: Family Storytime on 2026-05-07 10:30:00-07:00
2026-03-16 06:01:58,746 - LibraryScraper - INFO - Found event: Create and Build: Thursday fun days on 2026-05-07 10:30:00-07:00
2026-03-16 06:01:58,746 - LibraryScraper - INFO - Found event: Toddler Storytime on 2026-05-07 11:00:00-07:00
2026-03-16 06:01:58,747 - LibraryScraper - INFO - Found event: One-On-One Tech Help on 2026-05-07 11:00:00-07:00
2026-03-16 06:01:58,747 - LibraryScraper - INFO - Found event: BiblioBus at Cazadero History Learning Center on 2026-05-07 12:00:00-07:00
2026-03-16 06:01:58,747 - LibraryScraper - INFO - Found event: Lawyers in the Library: Employment & Civil Law on 2026-05-07 12:00:00-07:00
2026-03-16 06:01:58,748 - LibraryScraper - INFO - Found event: All LAB Meeting on 2026-05-07 13:00:00-07:00
2026-03-16 06:01:58,748 - LibraryScraper - INFO - Found event: Tween Game Lounge on 2026-05-07 13:15:00-07:00
2026-03-16 06:01:58,749 - LibraryScraper - INFO - Found event: BiblioBus at Monte Rio Community Center on 2026-05-07 14:00:00-07:00
2026-03-16 06:01:58,749 - LibraryScraper - INFO - Found event: Jueves de juegos on 2026-05-07 15:00:00-07:00
2026-03-16 06:01:58,749 - LibraryScraper - INFO - Found event: Read to a Dog on 2026-05-07 15:30:00-07:00
2026-03-16 06:01:58,750 - LibraryScraper - INFO - Found event: Read to a Dog on 2026-05-07 15:30:00-07:00
2026-03-16 06:01:58,750 - LibraryScraper - INFO - Found event: Tabletop Role-Playing Game Club on 2026-05-07 15:30:00-07:00
2026-03-16 06:01:58,750 - LibraryScraper - INFO - Found event: Author Talks: The Transformative Power of Love with Marjan Kamali on 2026-05-07 16:00:00-07:00
2026-03-16 06:01:58,750 - LibraryScraper - INFO - Scraping page 39
2026-03-16 06:02:02,236 - LibraryScraper - INFO - Found event: Lucky Diaz Music for Kids on 2026-05-07 16:00:00-07:00
2026-03-16 06:02:02,236 - LibraryScraper - INFO - Found event: Sonoma Mystery Book Club on 2026-05-07 16:00:00-07:00
2026-03-16 06:02:02,236 - LibraryScraper - INFO - Found event: Book Buddies (Grades TK-3rd) on 2026-05-07 16:00:00-07:00
2026-03-16 06:02:02,237 - LibraryScraper - INFO - Found event: Bilingual Paint Party on 2026-05-07 16:00:00-07:00
2026-03-16 06:02:02,237 - LibraryScraper - INFO - Found event: Intercambio on 2026-05-07 16:30:00-07:00
2026-03-16 06:02:02,237 - LibraryScraper - INFO - Found event: Mujeres Unidas on 2026-05-07 17:00:00-07:00
2026-03-16 06:02:02,237 - LibraryScraper - INFO - Found event: Cultivating Your Inner Landscape: a 10-session series on 2026-05-08 10:00:00-07:00
2026-03-16 06:02:02,238 - LibraryScraper - INFO - Found event: Tai Chi with David Chung on 2026-05-08 11:00:00-07:00
2026-03-16 06:02:02,238 - LibraryScraper - INFO - Found event: One-on-One Genealogy Research Help on 2026-05-08 13:00:00-07:00
2026-03-16 06:02:02,238 - LibraryScraper - INFO - Found event: Seeds and Reads: The True Story of Poison Oak on 2026-05-08 16:00:00-07:00
2026-03-16 06:02:02,239 - LibraryScraper - INFO - Found event: 404 Found: Robotics Workshops - Week 9 (Ages 9-17) on 2026-05-08 16:00:00-07:00
2026-03-16 06:02:02,239 - LibraryScraper - INFO - Found event: Sensory Craft & Create: Fuzzy Fidgets on 2026-05-08 16:30:00-07:00
2026-03-16 06:02:02,239 - LibraryScraper - INFO - Found event: BiblioBus at Andy's Unity Park on 2026-05-09 10:30:00-07:00
2026-03-16 06:02:02,239 - LibraryScraper - INFO - Found event: Lego Club on 2026-05-09 10:30:00-07:00
2026-03-16 06:02:02,240 - LibraryScraper - INFO - Found event: Spanish Music & Movement on 2026-05-09 11:30:00-07:00
2026-03-16 06:02:02,240 - LibraryScraper - INFO - Found event: Mad Hatter's Tea Party on 2026-05-09 11:30:00-07:00
2026-03-16 06:02:02,240 - LibraryScraper - INFO - Found event: Cookbook Club on 2026-05-09 12:00:00-07:00
2026-03-16 06:02:02,241 - LibraryScraper - INFO - Found event: LoCura Music Trio on 2026-05-09 14:00:00-07:00
2026-03-16 06:02:02,241 - LibraryScraper - INFO - Found event: One on One Tech Help on 2026-05-09 14:00:00-07:00
2026-03-16 06:02:02,241 - LibraryScraper - INFO - Found event: UC Master Gardeners - Native Trees and Shrubs for Home Gardens on 2026-05-09 14:00:00-07:00
2026-03-16 06:02:02,241 - LibraryScraper - INFO - Found event: One-on-One Tech Help on 2026-05-09 16:00:00-07:00
2026-03-16 06:02:02,242 - LibraryScraper - INFO - Found event: One-on-One Tech Help on 2026-05-09 16:30:00-07:00
2026-03-16 06:02:02,242 - LibraryScraper - INFO - Found event: BiblioBus at Rincon Valley Library on 2026-05-10 13:00:00-07:00
2026-03-16 06:02:02,242 - LibraryScraper - INFO - Found event: BiblioBus at Rincon Valley Library on 2026-05-10 13:00:00-07:00
2026-03-16 06:02:02,242 - LibraryScraper - INFO - Scraping page 40
2026-03-16 06:02:05,018 - LibraryScraper - INFO - Found event: Read to a Dog on 2026-05-10 14:00:00-07:00
2026-03-16 06:02:05,019 - LibraryScraper - INFO - Found event: Read to a Dog on 2026-05-10 14:00:00-07:00
2026-03-16 06:02:05,019 - LibraryScraper - INFO - Found event: Sound Studio Basics on 2026-05-11 10:00:00-07:00
2026-03-16 06:02:05,019 - LibraryScraper - INFO - Found event: BiblioBus at Rincon Valley Library on 2026-05-11 10:00:00-07:00
2026-03-16 06:02:05,019 - LibraryScraper - INFO - Found event: BiblioBus at Rincon Valley Library on 2026-05-11 10:00:00-07:00
2026-03-16 06:02:05,020 - LibraryScraper - INFO - Found event: Join Our Podcast! on 2026-05-11 10:45:00-07:00
2026-03-16 06:02:05,020 - LibraryScraper - INFO - Found event: One-On-One Tech Help on 2026-05-11 11:00:00-07:00
2026-03-16 06:02:05,020 - LibraryScraper - INFO - Found event: **Drop-In Camera Help on 2026-05-11 14:30:00-07:00
2026-03-16 06:02:05,021 - LibraryScraper - INFO - Found event: The Book of Wonders on 2026-05-12 10:30:00-07:00
2026-03-16 06:02:05,021 - LibraryScraper - INFO - Found event: Family Storytime on 2026-05-12 11:00:00-07:00
2026-03-16 06:02:05,021 - LibraryScraper - INFO - Found event: Spanish Music & Movement on 2026-05-12 11:00:00-07:00
2026-03-16 06:02:05,021 - LibraryScraper - INFO - Found event: One-On-One Tech Help on 2026-05-12 11:00:00-07:00
2026-03-16 06:02:05,022 - LibraryScraper - INFO - Found event: Author Talks: How to Robot-Proof Your Kids (and Yourself) with Dr. Vivienne Ming on 2026-05-12 11:00:00-07:00
2026-03-16 06:02:05,022 - LibraryScraper - INFO - Found event: Teen Hangout: Game On! on 2026-05-12 13:45:00-07:00
2026-03-16 06:02:05,022 - LibraryScraper - INFO - Found event: Windsor Tuesday Book Club on 2026-05-12 14:00:00-07:00
2026-03-16 06:02:05,023 - LibraryScraper - INFO - Found event: BiblioBus at Bodega Bay School on 2026-05-12 14:30:00-07:00
2026-03-16 06:02:05,023 - LibraryScraper - INFO - Found event: Teen Volunteer Tuesday on 2026-05-12 15:15:00-07:00
2026-03-16 06:02:05,023 - LibraryScraper - INFO - Found event: Homework Help on 2026-05-12 15:30:00-07:00
2026-03-16 06:02:05,023 - LibraryScraper - INFO - Found event: English Conversation Club on 2026-05-12 16:00:00-07:00
2026-03-16 06:02:05,024 - LibraryScraper - INFO - Found event: Lunch at the Library: Teen Volunteer Orientation on 2026-05-12 16:00:00-07:00
2026-03-16 06:02:05,024 - LibraryScraper - INFO - Found event: Read to a Dog on 2026-05-12 16:00:00-07:00
2026-03-16 06:02:05,024 - LibraryScraper - INFO - Found event: Windsor Library Advisory Board Meeting on 2026-05-12 16:00:00-07:00
2026-03-16 06:02:05,024 - LibraryScraper - INFO - Found event: Spanish First Chapter Book Club on 2026-05-12 16:30:00-07:00
2026-03-16 06:02:05,025 - LibraryScraper - INFO - Found event: Evening Family Storytime on 2026-05-12 17:00:00-07:00
2026-03-16 06:02:05,025 - LibraryScraper - INFO - Scraping page 41
2026-03-16 06:02:07,946 - LibraryScraper - INFO - Found event: One on One Tech Help on 2026-05-12 17:00:00-07:00
2026-03-16 06:02:07,946 - LibraryScraper - INFO - Found event: Social Media Safety with Polly Klaas Foundation on 2026-05-12 17:30:00-07:00
2026-03-16 06:02:07,947 - LibraryScraper - INFO - Found event: Petaluma Conversations on 2026-05-12 17:30:00-07:00
2026-03-16 06:02:07,947 - LibraryScraper - INFO - Found event: Central Santa Rosa Book Club on 2026-05-12 18:00:00-07:00
2026-03-16 06:02:07,947 - LibraryScraper - INFO - Found event: Cloverdale Library Book Club on 2026-05-12 18:00:00-07:00
2026-03-16 06:02:07,947 - LibraryScraper - INFO - Found event: Paying for College with Scholarships Series on 2026-05-12 18:30:00-07:00
2026-03-16 06:02:07,948 - LibraryScraper - INFO - Found event: Bilingual Family Storytime on 2026-05-13 10:30:00-07:00
2026-03-16 06:02:07,948 - LibraryScraper - INFO - Found event: Spanish Music & Movement at Ives Park on 2026-05-13 10:30:00-07:00
2026-03-16 06:02:07,948 - LibraryScraper - INFO - Found event: Family Storytime on 2026-05-13 10:30:00-07:00
2026-03-16 06:02:07,949 - LibraryScraper - INFO - Found event: One-on-One Genealogy Research Help on 2026-05-13 13:00:00-07:00
2026-03-16 06:02:07,949 - LibraryScraper - INFO - Found event: BiblioBus at Rincon Valley Library on 2026-05-13 13:00:00-07:00
2026-03-16 06:02:07,949 - LibraryScraper - INFO - Found event: BiblioBus at Rincon Valley Library on 2026-05-13 13:00:00-07:00
2026-03-16 06:02:07,949 - LibraryScraper - INFO - Found event: Tween Game On! on 2026-05-13 13:15:00-07:00
2026-03-16 06:02:07,950 - LibraryScraper - INFO - Found event: Rincon Valley Book Club on 2026-05-13 13:30:00-07:00
2026-03-16 06:02:07,950 - LibraryScraper - INFO - Found event: Read to a Dog on 2026-05-13 14:00:00-07:00
2026-03-16 06:02:07,950 - LibraryScraper - INFO - Found event: Sonoma Ready: What is your Emergency APP-titude! on 2026-05-13 14:00:00-07:00
2026-03-16 06:02:07,951 - LibraryScraper - INFO - Found event: After School Hang Out (Grades 6-12) on 2026-05-13 14:00:00-07:00
2026-03-16 06:02:07,951 - LibraryScraper - INFO - Found event: Teen Hangout: Game On! on 2026-05-13 14:45:00-07:00
2026-03-16 06:02:07,951 - LibraryScraper - INFO - Found event: Club de Cultura on 2026-05-13 15:00:00-07:00
2026-03-16 06:02:07,952 - LibraryScraper - INFO - Found event: Petaluma Chess Club on 2026-05-13 15:00:00-07:00
2026-03-16 06:02:07,952 - LibraryScraper - INFO - Found event: Read to a Dog on 2026-05-13 15:30:00-07:00
2026-03-16 06:02:07,952 - LibraryScraper - INFO - Found event: Universal Yums on 2026-05-13 16:00:00-07:00
2026-03-16 06:02:07,952 - LibraryScraper - INFO - Found event: Bedroom Door Poster Design on 2026-05-13 16:00:00-07:00
2026-03-16 06:02:07,953 - LibraryScraper - INFO - Found event: Healthy Relationships with VOICES Sonoma on 2026-05-13 16:00:00-07:00
2026-03-16 06:02:07,953 - LibraryScraper - INFO - Scraping page 42
2026-03-16 06:02:10,857 - LibraryScraper - INFO - Found event: Bilingual Paint Party on 2026-05-13 16:30:00-07:00
2026-03-16 06:02:10,857 - LibraryScraper - INFO - Found event: One-On-One Tech Help on 2026-05-13 17:00:00-07:00
2026-03-16 06:02:10,858 - LibraryScraper - INFO - Found event: Friends of Sebastopol Library Book Sale Opening Night on 2026-05-13 17:00:00-07:00
2026-03-16 06:02:10,858 - LibraryScraper - INFO - Found event: Guerneville Library Advisory Board Meeting on 2026-05-13 18:00:00-07:00
2026-03-16 06:02:10,859 - LibraryScraper - INFO - Found event: Queer Book Club on 2026-05-13 18:00:00-07:00
2026-03-16 06:02:10,859 - LibraryScraper - INFO - Found event: Pajama Family Storytime on 2026-05-13 18:30:00-07:00
2026-03-16 06:02:10,859 - LibraryScraper - INFO - Found event: Paying for College with Scholarships Series on 2026-05-13 18:30:00-07:00
2026-03-16 06:02:10,860 - LibraryScraper - INFO - Found event: BiblioBus at Petaluma Senior Center on 2026-05-14 10:00:00-07:00
2026-03-16 06:02:10,860 - LibraryScraper - INFO - Found event: Friends of Sebastopol Library Book Sale on 2026-05-14 10:00:00-07:00
2026-03-16 06:02:10,860 - LibraryScraper - INFO - Found event: Family Storytime on 2026-05-14 10:30:00-07:00
2026-03-16 06:02:10,861 - LibraryScraper - INFO - Found event: Create and Build: Thursday fun days on 2026-05-14 10:30:00-07:00
2026-03-16 06:02:10,861 - LibraryScraper - INFO - Found event: One-On-One Tech Help on 2026-05-14 11:00:00-07:00
2026-03-16 06:02:10,862 - LibraryScraper - INFO - Found event: Sonoma Gymnastics Academy on 2026-05-14 11:00:00-07:00
2026-03-16 06:02:10,862 - LibraryScraper - INFO - Found event: BiblioBus at Rohnert Park Senior Center on 2026-05-14 12:00:00-07:00
2026-03-16 06:02:10,862 - LibraryScraper - INFO - Found event: Northwest Library Book Club on 2026-05-14 12:00:00-07:00
2026-03-16 06:02:10,863 - LibraryScraper - INFO - Found event: Petaluma Library Book Club on 2026-05-14 12:00:00-07:00
2026-03-16 06:02:10,863 - LibraryScraper - INFO - Found event: BiblioBus at The Palms on 2026-05-14 15:00:00-07:00
2026-03-16 06:02:10,863 - LibraryScraper - INFO - Found event: Jueves de juegos on 2026-05-14 15:00:00-07:00
2026-03-16 06:02:10,864 - LibraryScraper - INFO - Found event: Read to a Dog on 2026-05-14 15:30:00-07:00
2026-03-16 06:02:10,864 - LibraryScraper - INFO - Found event: Read to a Dog on 2026-05-14 15:30:00-07:00
2026-03-16 06:02:10,865 - LibraryScraper - INFO - Found event: Tabletop Role-Playing Game Club on 2026-05-14 15:30:00-07:00
2026-03-16 06:02:10,865 - LibraryScraper - INFO - Found event: Lego & Build Club on 2026-05-14 16:00:00-07:00
2026-03-16 06:02:10,865 - LibraryScraper - INFO - Found event: Sonoma Valley Library Advisory Board Meeting on 2026-05-14 16:00:00-07:00
2026-03-16 06:02:10,866 - LibraryScraper - INFO - Found event: Book Buddies (Grades TK-3rd) on 2026-05-14 16:00:00-07:00
2026-03-16 06:02:10,866 - LibraryScraper - INFO - Scraping page 43
2026-03-16 06:02:13,560 - LibraryScraper - INFO - Found event: Computer Basics: Mouse and Keyboard on 2026-05-14 16:00:00-07:00
2026-03-16 06:02:13,560 - LibraryScraper - INFO - Found event: Intercambio on 2026-05-14 16:30:00-07:00
2026-03-16 06:02:13,561 - LibraryScraper - INFO - Found event: Friends of Sebastopol Library Book Sale 1/2 Price Day on 2026-05-15 10:00:00-07:00
2026-03-16 06:02:13,561 - LibraryScraper - INFO - Found event: Kids & Family Bilingual Yoga on 2026-05-15 10:30:00-07:00
2026-03-16 06:02:13,561 - LibraryScraper - INFO - Found event: One-on-One Genealogy Research Help on 2026-05-15 13:00:00-07:00
2026-03-16 06:02:13,562 - LibraryScraper - INFO - Found event: BiblioBus at Santa Rosa Original Certified Farmers Market on 2026-05-16 09:00:00-07:00
2026-03-16 06:02:13,562 - LibraryScraper - INFO - Found event: Spanish Music & Movement on 2026-05-16 10:00:00-07:00
2026-03-16 06:02:13,562 - LibraryScraper - INFO - Found event: Friends of Sebastopol Library Book Sale $5 / Bag Day on 2026-05-16 10:00:00-07:00
2026-03-16 06:02:13,562 - LibraryScraper - INFO - Found event: Community Gardening Workshop on 2026-05-16 10:00:00-07:00
2026-03-16 06:02:13,563 - LibraryScraper - INFO - Found event: Let's Draw! Cartoon Expressions on 2026-05-16 11:00:00-07:00
2026-03-16 06:02:13,563 - LibraryScraper - INFO - Found event: Quiet Reading Time Together on 2026-05-16 13:00:00-07:00
2026-03-16 06:02:13,563 - LibraryScraper - INFO - Found event: Asian Cuisine Cooking Demo - Dumplings! on 2026-05-16 14:00:00-07:00
2026-03-16 06:02:13,563 - LibraryScraper - INFO - Found event: Let's Play Family Lotería! on 2026-05-16 14:00:00-07:00
2026-03-16 06:02:13,564 - LibraryScraper - INFO - Found event: Creation Station on 2026-05-16 14:00:00-07:00
2026-03-16 06:02:13,564 - LibraryScraper - INFO - Found event: Global Goodies on 2026-05-16 14:00:00-07:00
2026-03-16 06:02:13,564 - LibraryScraper - INFO - Found event: Puzzle Swap on 2026-05-16 15:30:00-07:00
2026-03-16 06:02:13,564 - LibraryScraper - INFO - Found event: One-on-One Tech Help on 2026-05-16 16:00:00-07:00
2026-03-16 06:02:13,565 - LibraryScraper - INFO - Found event: One-on-One Tech Help on 2026-05-16 16:30:00-07:00
2026-03-16 06:02:13,565 - LibraryScraper - INFO - Found event: Friends of Sebastopol Library FREE Books on 2026-05-17 13:00:00-07:00
2026-03-16 06:02:13,565 - LibraryScraper - INFO - Found event: BiblioBus at Rincon Valley Library on 2026-05-17 13:00:00-07:00
2026-03-16 06:02:13,566 - LibraryScraper - INFO - Found event: BiblioBus at Rincon Valley Library on 2026-05-17 13:00:00-07:00
2026-03-16 06:02:13,566 - LibraryScraper - INFO - Found event: The Book of Wonders on 2026-05-17 14:00:00-07:00
2026-03-16 06:02:13,566 - LibraryScraper - INFO - Found event: Read to a Dog on 2026-05-17 14:00:00-07:00
2026-03-16 06:02:13,566 - LibraryScraper - INFO - Found event: LoCura Music Trio on 2026-05-17 14:00:00-07:00
2026-03-16 06:02:13,566 - LibraryScraper - INFO - Scraping page 44
2026-03-16 06:02:16,279 - LibraryScraper - INFO - Found event: TCG Club: Pokemon & Magic the Gathering on 2026-05-17 14:30:00-07:00
2026-03-16 06:02:16,280 - LibraryScraper - INFO - Found event: Sound Studio Basics on 2026-05-18 10:00:00-07:00
2026-03-16 06:02:16,280 - LibraryScraper - INFO - Found event: BiblioBus at Rincon Valley Library on 2026-05-18 10:00:00-07:00
2026-03-16 06:02:16,280 - LibraryScraper - INFO - Found event: BiblioBus at Rincon Valley Library on 2026-05-18 10:00:00-07:00
2026-03-16 06:02:16,281 - LibraryScraper - INFO - Found event: Babytime! on 2026-05-18 10:30:00-07:00
2026-03-16 06:02:16,281 - LibraryScraper - INFO - Found event: Join Our Podcast! on 2026-05-18 10:45:00-07:00
2026-03-16 06:02:16,281 - LibraryScraper - INFO - Found event: One-On-One Tech Help on 2026-05-18 11:00:00-07:00
2026-03-16 06:02:16,281 - LibraryScraper - INFO - Found event: **Drop-In Camera Help on 2026-05-18 14:30:00-07:00
2026-03-16 06:02:16,282 - LibraryScraper - INFO - Found event: Intergenerational Chess Club on 2026-05-18 15:15:00-07:00
2026-03-16 06:02:16,282 - LibraryScraper - INFO - Found event: LEGO Build Club & Rubik's Cube Corner on 2026-05-18 15:30:00-07:00
2026-03-16 06:02:16,282 - LibraryScraper - INFO - Found event: Kids & Family Bilingual Yoga on 2026-05-18 16:00:00-07:00
2026-03-16 06:02:16,282 - LibraryScraper - INFO - Found event: Healdsburg Senior Center Book Club on 2026-05-19 10:00:00-07:00
2026-03-16 06:02:16,283 - LibraryScraper - INFO - Found event: 1:1 Tech Help on 2026-05-19 10:15:00-07:00
2026-03-16 06:02:16,283 - LibraryScraper - INFO - Found event: BiblioBus at Living Room Life Center on 2026-05-19 10:30:00-07:00
2026-03-16 06:02:16,283 - LibraryScraper - INFO - Found event: Spanish Music & Movement on 2026-05-19 11:00:00-07:00
2026-03-16 06:02:16,284 - LibraryScraper - INFO - Found event: One-On-One Tech Help on 2026-05-19 11:00:00-07:00
2026-03-16 06:02:16,284 - LibraryScraper - INFO - Found event: Copy of Author Talks: Unlock Your True Potential with Nir Eyal on 2026-05-19 11:00:00-07:00
2026-03-16 06:02:16,284 - LibraryScraper - INFO - Found event: Rohnert Park Book Club on 2026-05-19 11:00:00-07:00
2026-03-16 06:02:16,284 - LibraryScraper - INFO - Found event: Baby Village on 2026-05-19 11:00:00-07:00
2026-03-16 06:02:16,285 - LibraryScraper - INFO - Found event: BiblioBus at Silvercrest Apartments on 2026-05-19 13:00:00-07:00
2026-03-16 06:02:16,285 - LibraryScraper - INFO - Found event: Social Service Day on 2026-05-19 13:30:00-07:00
2026-03-16 06:02:16,285 - LibraryScraper - INFO - Found event: Teen Volunteer Tuesday on 2026-05-19 15:15:00-07:00
2026-03-16 06:02:16,285 - LibraryScraper - INFO - Found event: Healthy Relationships with VOICES Sonoma on 2026-05-19 15:30:00-07:00
2026-03-16 06:02:16,286 - LibraryScraper - INFO - Found event: French Family Storytime on 2026-05-19 16:00:00-07:00
2026-03-16 06:02:16,286 - LibraryScraper - INFO - Stopping: page 44 events are beyond 2 months
2026-03-16 06:02:16,287 - LibraryScraper - INFO - Filtered 6 events beyond 2 months out
2026-03-16 06:02:16,287 - LibraryScraper - INFO - Found 1024 events
2026-03-16 06:02:16,436 - LibraryScraper - INFO - Written to cities/santarosa/library_intercept.ics
2026-03-16 06:02:16,595 - BohemianScraper - INFO - Scraping North Bay Bohemian
2026-03-16 06:02:16,595 - BohemianScraper - INFO - Fetching page at skip=0
2026-03-16 06:02:17,098 - BohemianScraper - INFO - Fetching page at skip=100
2026-03-16 06:02:17,464 - BohemianScraper - INFO - Fetching page at skip=200
2026-03-16 06:02:17,831 - BohemianScraper - INFO - Fetching page at skip=300
2026-03-16 06:02:18,180 - BohemianScraper - INFO - Fetching page at skip=400
2026-03-16 06:02:18,527 - BohemianScraper - INFO - Fetching page at skip=500
2026-03-16 06:02:18,888 - BohemianScraper - INFO - Fetching page at skip=600
2026-03-16 06:02:19,236 - BohemianScraper - INFO - Fetching page at skip=700
2026-03-16 06:02:19,582 - BohemianScraper - INFO - Fetching page at skip=800
2026-03-16 06:02:19,927 - BohemianScraper - INFO - Fetching page at skip=900
2026-03-16 06:02:20,273 - BohemianScraper - INFO - Fetching page at skip=1000
2026-03-16 06:02:20,642 - BohemianScraper - INFO - Fetching page at skip=1100
2026-03-16 06:02:20,991 - BohemianScraper - INFO - Fetching page at skip=1200
2026-03-16 06:02:21,349 - BohemianScraper - INFO - Fetching page at skip=1300
2026-03-16 06:02:21,719 - BohemianScraper - INFO - Fetching page at skip=1400
2026-03-16 06:02:22,071 - BohemianScraper - INFO - Fetching page at skip=1500
2026-03-16 06:02:22,444 - BohemianScraper - INFO - Fetching page at skip=1600
2026-03-16 06:02:22,791 - BohemianScraper - INFO - Fetching page at skip=1700
2026-03-16 06:02:23,141 - BohemianScraper - INFO - Fetching page at skip=1800
2026-03-16 06:02:23,491 - BohemianScraper - INFO - Fetching page at skip=1900
2026-03-16 06:02:23,849 - BohemianScraper - INFO - Fetching page at skip=2000
2026-03-16 06:02:24,198 - BohemianScraper - INFO - Fetching page at skip=2100
2026-03-16 06:02:24,388 - BohemianScraper - INFO - Found 2100 events
2026-03-16 06:02:24,817 - BohemianScraper - INFO - Written to cities/santarosa/bohemian.ics
2026-03-16 06:02:24,955 - PressDemocratScraper - INFO - Scraping Press Democrat
2026-03-16 06:02:24,955 - PressDemocratScraper - INFO - Fetching page at skip=0
2026-03-16 06:02:25,344 - PressDemocratScraper - INFO - Fetching page at skip=100
2026-03-16 06:02:25,713 - PressDemocratScraper - INFO - Fetching page at skip=200
2026-03-16 06:02:26,087 - PressDemocratScraper - INFO - Fetching page at skip=300
2026-03-16 06:02:26,458 - PressDemocratScraper - INFO - Fetching page at skip=400
2026-03-16 06:02:26,828 - PressDemocratScraper - INFO - Fetching page at skip=500
2026-03-16 06:02:27,202 - PressDemocratScraper - INFO - Fetching page at skip=600
2026-03-16 06:02:27,577 - PressDemocratScraper - INFO - Fetching page at skip=700
2026-03-16 06:02:27,950 - PressDemocratScraper - INFO - Fetching page at skip=800
2026-03-16 06:02:28,318 - PressDemocratScraper - INFO - Fetching page at skip=900
2026-03-16 06:02:28,703 - PressDemocratScraper - INFO - Fetching page at skip=1000
2026-03-16 06:02:29,074 - PressDemocratScraper - INFO - Fetching page at skip=1100
2026-03-16 06:02:29,445 - PressDemocratScraper - INFO - Fetching page at skip=1200
2026-03-16 06:02:29,815 - PressDemocratScraper - INFO - Fetching page at skip=1300
2026-03-16 06:02:30,188 - PressDemocratScraper - INFO - Fetching page at skip=1400
2026-03-16 06:02:30,561 - PressDemocratScraper - INFO - Fetching page at skip=1500
2026-03-16 06:02:30,939 - PressDemocratScraper - INFO - Fetching page at skip=1600
2026-03-16 06:02:31,325 - PressDemocratScraper - INFO - Fetching page at skip=1700
2026-03-16 06:02:31,714 - PressDemocratScraper - INFO - Fetching page at skip=1800
2026-03-16 06:02:32,098 - PressDemocratScraper - INFO - Fetching page at skip=1900
2026-03-16 06:02:32,484 - PressDemocratScraper - INFO - Fetching page at skip=2000
2026-03-16 06:02:32,871 - PressDemocratScraper - INFO - Fetching page at skip=2100
2026-03-16 06:02:33,061 - PressDemocratScraper - INFO - Found 2100 events
2026-03-16 06:02:33,488 - PressDemocratScraper - INFO - Written to cities/santarosa/pressdemocrat.ics
2026-03-16 06:02:33,685 - SonomaParksScraper - INFO - Scraping Sonoma County Parks
2026-03-16 06:02:33,685 - SonomaParksScraper - INFO - Fetching https://parks.sonomacounty.ca.gov/play/calendar
2026-03-16 06:02:34,441 - SonomaParksScraper - INFO - Found event: Volunteer: Ice Plant Removal on 2026-03-18 09:30:00
2026-03-16 06:02:34,441 - SonomaParksScraper - INFO - Found event: Volunteer Grab Bag: Litter Pick-up…and More on 2026-03-18 10:00:00
2026-03-16 06:02:34,441 - SonomaParksScraper - INFO - Found event: Park Preview: Wright Hill (10:00 am session) on 2026-03-21 10:00:00
2026-03-16 06:02:34,442 - SonomaParksScraper - INFO - Found event: Park Preview: Wright Hill (10:45 am session) on 2026-03-21 10:45:00
2026-03-16 06:02:34,442 - SonomaParksScraper - INFO - Found event: Park Preview: Wright Hill (11:30 am session) on 2026-03-21 11:30:00
2026-03-16 06:02:34,442 - SonomaParksScraper - INFO - Found event: Park Preview: Wright Hill (12:30 pm session) on 2026-03-21 12:30:00
2026-03-16 06:02:34,442 - SonomaParksScraper - INFO - Found event: Winging it Wednesday on 2026-03-25 08:30:00
2026-03-16 06:02:34,442 - SonomaParksScraper - INFO - Found event: Volunteer: Ice Plant Removal on 2026-03-25 09:30:00
2026-03-16 06:02:34,443 - SonomaParksScraper - INFO - Found event: Volunteer: Invasive Plant Removal on 2026-03-26 09:00:00
2026-03-16 06:02:34,443 - SonomaParksScraper - INFO - Found event: All Abilities Adventures: Birding on 2026-03-26 10:00:00
2026-03-16 06:02:34,443 - SonomaParksScraper - INFO - Found event: Migration is Beautiful - La Migración es Hermosa on 2026-03-26 17:00:00
2026-03-16 06:02:34,443 - SonomaParksScraper - INFO - Found event: Wildflower Walk on 2026-03-27 14:00:00
2026-03-16 06:02:34,443 - SonomaParksScraper - INFO - Found event: Volunteer: Invasive Plant Removal on 2026-03-28 09:00:00
2026-03-16 06:02:34,444 - SonomaParksScraper - INFO - Found event: Tide Pool Talk on 2026-03-29 14:00:00
2026-03-16 06:02:34,444 - SonomaParksScraper - INFO - Found event: Feelin' Crabby on 2026-03-29 10:00:00
2026-03-16 06:02:34,444 - SonomaParksScraper - INFO - Found event: Volunteer: Ice Plant Removal on 2026-04-01 09:30:00
2026-03-16 06:02:34,445 - SonomaParksScraper - INFO - Found event: Kayak: Full Moon Paddle on 2026-04-01 19:00:00
2026-03-16 06:02:34,445 - SonomaParksScraper - INFO - Found event: Wildflower Walk on 2026-04-02 14:00:00
2026-03-16 06:02:34,445 - SonomaParksScraper - INFO - Found event: Wildflower Walk on 2026-04-03 10:00:00
2026-03-16 06:02:34,445 - SonomaParksScraper - INFO - Found event: Wild Words Book Club: Owls of the Eastern Ice on 2026-04-03 15:00:00
2026-03-16 06:02:34,446 - SonomaParksScraper - INFO - Found event: Rainbow Hike on 2026-04-03 14:00:00
2026-03-16 06:02:34,446 - SonomaParksScraper - INFO - Found event: Wildflower Walk on 2026-04-04 10:00:00
2026-03-16 06:02:34,446 - SonomaParksScraper - INFO - Found event: Little Parkies on 2026-04-04 09:30:00
2026-03-16 06:02:34,446 - SonomaParksScraper - INFO - Found event: Park Preview: Mark West on 2026-04-04 10:00:00
2026-03-16 06:02:34,447 - SonomaParksScraper - INFO - Found event: Volunteer: Shoreline Sweep on 2026-04-04 09:00:00
2026-03-16 06:02:34,447 - SonomaParksScraper - INFO - Found event: Senior Saunter on 2026-04-07 10:00:00
2026-03-16 06:02:34,447 - SonomaParksScraper - INFO - Found event: Volunteer: Ice Plant Removal on 2026-04-08 09:30:00
2026-03-16 06:02:34,447 - SonomaParksScraper - INFO - Found event: Wildflower Walk on 2026-04-11 10:00:00
2026-03-16 06:02:34,448 - SonomaParksScraper - INFO - Found event: Science Saturdays: Watercolor Wildflowers 1-2pm on 2026-04-11 13:00:00
2026-03-16 06:02:34,448 - SonomaParksScraper - INFO - Found event: Science Saturdays: Watercolor Wildflowers 11am-12pm on 2026-04-11 11:00:00
2026-03-16 06:02:34,448 - SonomaParksScraper - INFO - Found event: Feelin' Crabby on 2026-04-11 10:00:00
2026-03-16 06:02:34,449 - SonomaParksScraper - INFO - Found event: Feelin' Crabby on 2026-04-11 13:00:00
2026-03-16 06:02:34,449 - SonomaParksScraper - INFO - Found event: Art in the Parks: Miniature Fairy Gardens on 2026-04-11 13:00:00
2026-03-16 06:02:34,449 - SonomaParksScraper - INFO - Found event: Vamos a Nadar: Honeybee Pool on 2026-04-11 14:00:00
2026-03-16 06:02:34,449 - SonomaParksScraper - INFO - Found event: Peaks and Views: Pastoral Panorama on 2026-04-11 09:00:00
2026-03-16 06:02:34,450 - SonomaParksScraper - INFO - Found event: Volunteer: Invasive Plant Removal on 2026-04-11 09:00:00
2026-03-16 06:02:34,450 - SonomaParksScraper - INFO - Found event: Volunteer: Ice Plant Removal on 2026-04-15 09:30:00
2026-03-16 06:02:34,450 - SonomaParksScraper - INFO - Found event: Volunteer Grab Bag: Litter Pick-up…and More on 2026-04-15 10:00:00
2026-03-16 06:02:34,450 - SonomaParksScraper - INFO - Found event: Wildflower Walk on 2026-04-16 14:00:00
2026-03-16 06:02:34,451 - SonomaParksScraper - INFO - Found event: Kayak: Introductory Skills on 2026-04-16 17:00:00
2026-03-16 06:02:34,451 - SonomaParksScraper - INFO - Found event: Wildflower Walk on 2026-04-17 10:00:00
2026-03-16 06:02:34,451 - SonomaParksScraper - INFO - Found event: Volunteer: Orientation on 2026-04-18 10:00:00
2026-03-16 06:02:34,451 - SonomaParksScraper - INFO - Found event: Vamos a Nadar: Finley Aquatics Center on 2026-04-18 13:30:00
2026-03-16 06:02:34,452 - SonomaParksScraper - INFO - Found event: Annadel Half Marathon, 10k and 5k on 2026-04-18 09:00:00
2026-03-16 06:02:34,452 - SonomaParksScraper - INFO - Found event: Species Spotlight: Heron Hike on 2026-04-20 17:30:00
2026-03-16 06:02:34,452 - SonomaParksScraper - INFO - Found event: Kayak: Settle Down at Sundown Paddle on 2026-04-21 18:30:00
2026-03-16 06:02:34,452 - SonomaParksScraper - INFO - Found event: Pups in Parks: Bilingual Dog Training on 2026-04-21 17:00:00
2026-03-16 06:02:34,453 - SonomaParksScraper - INFO - Found event: Volunteer: Ice Plant Removal on 2026-04-22 09:30:00
2026-03-16 06:02:34,453 - SonomaParksScraper - INFO - Found event: Kayak: Senior Paddle on 2026-04-23 10:00:00
2026-03-16 06:02:34,453 - SonomaParksScraper - INFO - Found event: Pups in Parks: Hiking with Hounds on 2026-04-23 17:00:00
2026-03-16 06:02:34,454 - SonomaParksScraper - INFO - Found event: Volunteer: Invasive Plant Removal on 2026-04-23 09:00:00
2026-03-16 06:02:34,454 - SonomaParksScraper - INFO - Found event: Feelin' Crabby on 2026-04-25 10:00:00
2026-03-16 06:02:34,454 - SonomaParksScraper - INFO - Found event: Feelin' Crabby on 2026-04-25 13:00:00
2026-03-16 06:02:34,454 - SonomaParksScraper - INFO - Found event: Volunteer: Earth Day Creek Clean-Up on 2026-04-25 09:00:00
2026-03-16 06:02:34,455 - SonomaParksScraper - INFO - Found event: Volunteer: Earth Day Creek Clean-Up on 2026-04-25 09:00:00
2026-03-16 06:02:34,455 - SonomaParksScraper - INFO - Found event: Nuestros Parques: Family Friendly Hike on 2026-04-25 10:00:00
2026-03-16 06:02:34,455 - SonomaParksScraper - INFO - Found event: Vamos a Nadar: Ridgway Pool on 2026-04-25 13:30:00
2026-03-16 06:02:34,455 - SonomaParksScraper - INFO - Found event: All Abilities Adventures: Dragonflies on 2026-04-25 10:00:00
2026-03-16 06:02:34,456 - SonomaParksScraper - INFO - Found event: Tide Pool Talk on 2026-04-26 14:00:00
2026-03-16 06:02:34,456 - SonomaParksScraper - INFO - Found event: Winging it Wednesday on 2026-04-29 08:30:00
2026-03-16 06:02:34,456 - SonomaParksScraper - INFO - Found event: Volunteer: Ice Plant Removal on 2026-04-29 09:30:00
2026-03-16 06:02:34,456 - SonomaParksScraper - INFO - Found event: Wild Words Book Club: The Signature of All Things on 2026-05-01 15:00:00
2026-03-16 06:02:34,457 - SonomaParksScraper - INFO - Found event: Rainbow Hike on 2026-05-01 13:00:00
2026-03-16 06:02:34,457 - SonomaParksScraper - INFO - Found event: Kayak: Full Moon Paddle on 2026-05-01 20:00:00
2026-03-16 06:02:34,457 - SonomaParksScraper - INFO - Found event: Little Parkies on 2026-05-02 09:30:00
2026-03-16 06:02:34,457 - SonomaParksScraper - INFO - Found event: Peaks and Views: Forest Focus on 2026-05-02 09:00:00
2026-03-16 06:02:34,458 - SonomaParksScraper - INFO - Found event: Volunteer: Shoreline Sweep on 2026-05-02 09:00:00
2026-03-16 06:02:34,458 - SonomaParksScraper - INFO - Found event: All Abilities Adventures: Wildflowers on 2026-05-02 10:00:00
2026-03-16 06:02:34,458 - SonomaParksScraper - INFO - Found event: Past Lives of Parks: Watson School on 2026-05-02 10:00:00
2026-03-16 06:02:34,458 - SonomaParksScraper - INFO - Found event: Senior Saunter on 2026-05-05 10:00:00
2026-03-16 06:02:34,459 - SonomaParksScraper - INFO - Found event: Volunteer: Ice Plant Removal on 2026-05-06 09:30:00
2026-03-16 06:02:34,459 - SonomaParksScraper - INFO - Found event: Kayak: Senior Paddle on 2026-05-07 09:30:00
2026-03-16 06:02:34,459 - SonomaParksScraper - INFO - Found event: Science Saturdays: Make it Float! 1-2pm on 2026-05-09 13:00:00
2026-03-16 06:02:34,460 - SonomaParksScraper - INFO - Found event: Science Saturdays: Make it Float! 11am-12pm on 2026-05-09 11:00:00
2026-03-16 06:02:34,460 - SonomaParksScraper - INFO - Found event: Naturalist Hike: Mark West Creek Regional Park on 2026-05-09 09:30:00
2026-03-16 06:02:34,460 - SonomaParksScraper - INFO - Found event: Park Preview: Wright Hill (10:00 am session) on 2026-05-09 10:00:00
2026-03-16 06:02:34,460 - SonomaParksScraper - INFO - Found event: Park Preview: Wright Hill (10:45 am session) on 2026-05-09 10:45:00
2026-03-16 06:02:34,461 - SonomaParksScraper - INFO - Found event: Park Preview: Wright Hill (11:30 am session) on 2026-05-09 11:30:00
2026-03-16 06:02:34,461 - SonomaParksScraper - INFO - Found event: Park Preview: Wright Hill (12:30 pm session) on 2026-05-09 12:30:00
2026-03-16 06:02:34,461 - SonomaParksScraper - INFO - Found event: Vamos a Nadar: Windsor Senior Center on 2026-05-09 14:30:00
2026-03-16 06:02:34,461 - SonomaParksScraper - INFO - Found event: Volunteer: Ice Plant Removal on 2026-05-13 09:30:00
2026-03-16 06:02:34,462 - SonomaParksScraper - INFO - Found event: Kayak: Introductory Skills on 2026-05-14 17:30:00
2026-03-16 06:02:34,462 - SonomaParksScraper - INFO - Found event: Parks After Dark: Adapting to Darkness on 2026-05-16 19:30:00
2026-03-16 06:02:34,462 - SonomaParksScraper - INFO - Found event: Vamos a Nadar: Petaluma Swim Center on 2026-05-16 11:00:00
2026-03-16 06:02:34,463 - SonomaParksScraper - INFO - Found event: Volunteer: Ice Plant Removal on 2026-05-20 09:30:00
2026-03-16 06:02:34,463 - SonomaParksScraper - INFO - Found event: Volunteer Grab Bag: Litter Pick-up…and More on 2026-05-20 10:00:00
2026-03-16 06:02:34,463 - SonomaParksScraper - INFO - Found event: Winging it Wednesday on 2026-05-27 08:30:00
2026-03-16 06:02:34,463 - SonomaParksScraper - INFO - Found event: Volunteer: Ice Plant Removal on 2026-05-27 09:30:00
2026-03-16 06:02:34,464 - SonomaParksScraper - INFO - Found event: Volunteer: Invasive Plant Removal on 2026-05-28 09:00:00
2026-03-16 06:02:34,464 - SonomaParksScraper - INFO - Found event: Kayak: Full Moon Paddle on 2026-05-30 20:00:00
2026-03-16 06:02:34,464 - SonomaParksScraper - INFO - Found event: Nuestros Parques: Let's Climb a Mountain! on 2026-05-30 09:00:00
2026-03-16 06:02:34,465 - SonomaParksScraper - INFO - Found event: Vamos a Nadar: Rio Nido Roadhouse on 2026-06-28 10:30:00
2026-03-16 06:02:34,465 - SonomaParksScraper - INFO - Found event: Discovery Camp: Water and Nature Adventures on 2026-07-02 09:00:00
2026-03-16 06:02:34,465 - SonomaParksScraper - INFO - Found event: Vamos a Nadar Para Adultos: Ridgway Swim Center on 2026-07-11 10:00:00
2026-03-16 06:02:34,466 - SonomaParksScraper - INFO - Filtered 10 events beyond 2 months out
2026-03-16 06:02:34,466 - SonomaParksScraper - INFO - Found 84 events
2026-03-16 06:02:34,478 - SonomaParksScraper - INFO - Written to cities/santarosa/sonoma_parks.ics
2026-03-16 06:02:34,680 - CalTheatreScraper - INFO - Scraping Cal Theatre
2026-03-16 06:02:34,680 - CalTheatreScraper - INFO - Fetching https://www.caltheatre.com/calendar
2026-03-16 06:02:37,377 - CalTheatreScraper - WARNING - No events found with static fetch - Wix may require JavaScript
2026-03-16 06:02:37,377 - CalTheatreScraper - INFO - Found 0 events
2026-03-16 06:02:37,377 - CalTheatreScraper - INFO - Written to cities/santarosa/cal_theatre.ics
2026-03-16 06:02:37,576 - CopperfieldsScraper - INFO - Scraping Copperfield's Books
2026-03-16 06:02:37,576 - CopperfieldsScraper - INFO - Fetching https://copperfieldsbooks.com/upcoming-events
2026-03-16 06:02:38,716 - CopperfieldsScraper - INFO - Found event: CRYSTAL WAHPEPAH & DR. ERICA TOM on 2026-03-20 18:00:00
2026-03-16 06:02:38,717 - CopperfieldsScraper - INFO - Found event: M&G: MARY STEPHENS, JEN FERRIS & BARBARA SAPIENZA on 2026-03-21 18:00:00
2026-03-16 06:02:38,718 - CopperfieldsScraper - INFO - Found event: MYRTLE HEERY M&G on 2026-03-21 18:00:00
2026-03-16 06:02:38,719 - CopperfieldsScraper - INFO - Found event: PETER RUSSELL on 2026-03-27 18:00:00
2026-03-16 06:02:38,720 - CopperfieldsScraper - INFO - Found event: JANELL STRUBE M&G on 2026-04-04 18:00:00
2026-03-16 06:02:38,721 - CopperfieldsScraper - INFO - Found event: MARISSA MEYER & TAMARA MOSS on 2026-04-06 18:00:00
2026-03-16 06:02:38,722 - CopperfieldsScraper - INFO - Found event: BRIAN FIES on 2026-04-09 18:00:00
2026-03-16 06:02:38,723 - CopperfieldsScraper - INFO - Found event: VICTORIA TATUM & JENNIFER MYGATT on 2026-04-10 18:00:00
2026-03-16 06:02:38,724 - CopperfieldsScraper - INFO - Found event: ON TOUR: CAMERON CROWE on 2026-04-17 18:00:00
2026-03-16 06:02:38,725 - CopperfieldsScraper - INFO - Found event: PETER RICHARDSON & TIM LYNCH on 2026-04-17 18:00:00
2026-03-16 06:02:38,726 - CopperfieldsScraper - INFO - Found event: JANE SMILEY on 2026-04-23 18:00:00
2026-03-16 06:02:38,727 - CopperfieldsScraper - INFO - Found event: SAVALA NOLAN & EIRINIE CARSON on 2026-04-24 18:00:00
2026-03-16 06:02:38,727 - CopperfieldsScraper - INFO - Found event: GAELYNN LEA on 2026-04-27 18:00:00
2026-03-16 06:02:38,728 - CopperfieldsScraper - INFO - Found event: ROY REMER & SCOTT EBERLE on 2026-05-01 18:00:00
2026-03-16 06:02:38,729 - CopperfieldsScraper - INFO - Found event: TJ KLUNE on 2026-05-03 18:00:00
2026-03-16 06:02:38,730 - CopperfieldsScraper - INFO - Found event: DAVID SEDARIS on 2026-05-08 18:00:00
2026-03-16 06:02:38,731 - CopperfieldsScraper - INFO - Found event: NICK GREENE on 2026-05-15 18:00:00
2026-03-16 06:02:38,732 - CopperfieldsScraper - INFO - Found event: MAC BARNETT on 2026-05-17 18:00:00
2026-03-16 06:02:38,733 - CopperfieldsScraper - INFO - Found event: KAILEA ROSE LOFTEN & KATE ROSE WEINER on 2026-05-19 18:00:00
2026-03-16 06:02:38,734 - CopperfieldsScraper - INFO - Found event: ELISA SUNGA on 2026-06-13 18:00:00
2026-03-16 06:02:38,735 - CopperfieldsScraper - INFO - Filtered 3 events beyond 2 months out
2026-03-16 06:02:38,735 - CopperfieldsScraper - INFO - Found 17 events
2026-03-16 06:02:38,738 - CopperfieldsScraper - INFO - Written to cities/santarosa/copperfields.ics
2026-03-16 06:02:38,875 - SonomaCountyGovScraper - INFO - Scraping Sonoma County Government
2026-03-16 06:02:38,875 - SonomaCountyGovScraper - INFO - Fetching events from 2026-03-01 to 2026-04-01
2026-03-16 06:02:40,563 - SonomaCountyGovScraper - INFO - Found event: Coast Municipal Advisory Council (MAC) Meeting March 26, 2026 on 2026-03-26 17:30:00
2026-03-16 06:02:40,563 - SonomaCountyGovScraper - INFO - Found event: Dry Creek Valley Citizens Advisory Council Meeting on 2026-03-19 18:00:00
2026-03-16 06:02:40,563 - SonomaCountyGovScraper - INFO - Found event: Lower Russian River Municipal Advisory Council Meeting March 12, 2026 on 2026-03-12 17:30:00
2026-03-16 06:02:40,563 - SonomaCountyGovScraper - INFO - Found event: Mark West Area Municipal Advisory Council (MWAMAC) Meeting on 2026-03-11 18:00:00
2026-03-16 06:02:40,563 - SonomaCountyGovScraper - INFO - Found event: North Sonoma Valley Municipal Advisory Council Meeting on 2026-03-17 17:30:00
2026-03-16 06:02:40,563 - SonomaCountyGovScraper - INFO - Found event: Sonoma Valley Community Advisory Commission Meeting on 2026-03-25 18:30:00
2026-03-16 06:02:40,563 - SonomaCountyGovScraper - INFO - Found event: Springs Municipal Advisory Council Meeting on 2026-03-11 18:30:00
2026-03-16 06:02:40,564 - SonomaCountyGovScraper - INFO - Found event: Historical Records Commission Meeting on 2026-03-12 16:00:00
2026-03-16 06:02:40,564 - SonomaCountyGovScraper - INFO - Found event: Measure H Oversight Committee Meeting on 2026-03-25 17:00:00
2026-03-16 06:02:40,564 - SonomaCountyGovScraper - INFO - Found event: Commission on the Status of Women Meeting on 2026-03-12 18:00:00
2026-03-16 06:02:40,564 - SonomaCountyGovScraper - INFO - Found event: Commission on Human Rights Meeting on 2026-03-24 17:30:00
2026-03-16 06:02:40,564 - SonomaCountyGovScraper - INFO - Found event: Civil Service Commission Meeting on 2026-03-19 15:00:00
2026-03-16 06:02:40,564 - SonomaCountyGovScraper - INFO - Found event: Community Advisory Council (CAC) Meeting on 2026-03-11 18:00:00
2026-03-16 06:02:40,564 - SonomaCountyGovScraper - INFO - Found event: Community Development Committee Meeting on 2026-03-18 10:00:00
2026-03-16 06:02:40,564 - SonomaCountyGovScraper - INFO - Found event: Homeless Coalition Board Meeting on 2026-03-25 13:00:00
2026-03-16 06:02:40,564 - SonomaCountyGovScraper - INFO - Found event: Coordinated Entry Advisory Committee Meeting April 1, 2026 on 2026-04-01 12:00:00
2026-03-16 06:02:40,564 - SonomaCountyGovScraper - INFO - Found event: Behavioral Health Board Meeting Annual Report/Integrated Plan Subcommittee on 2026-03-03 12:30:00
2026-03-16 06:02:40,564 - SonomaCountyGovScraper - INFO - Found event: Behavioral Health Board Meeting on 2026-03-17 17:00:00
2026-03-16 06:02:40,564 - SonomaCountyGovScraper - INFO - Found event: Behavioral Health Board Executive Meeting on 2026-03-04 10:30:00
2026-03-16 06:02:40,564 - SonomaCountyGovScraper - INFO - Found event: Behavioral Health Board Executive Meeting on 2026-04-01 10:30:00
2026-03-16 06:02:40,564 - SonomaCountyGovScraper - INFO - Found event: Maternal, Child and Adolescent Health Advisory Board Meeting on 2026-03-05 12:30:00
2026-03-16 06:02:40,564 - SonomaCountyGovScraper - INFO - Found event: Aging & Disability Commission Meeting on 2026-03-18 13:00:00
2026-03-16 06:02:40,564 - SonomaCountyGovScraper - INFO - Found event: Aging & Disability Commission: Executive Committee Meeting on 2026-03-10 11:00:00
2026-03-16 06:02:40,564 - SonomaCountyGovScraper - INFO - Found event: Data Management and Evaluation Subcommittee Meeting on 2026-03-02 11:00:00
2026-03-16 06:02:40,565 - SonomaCountyGovScraper - INFO - Found event: Juvenile Justice Realignment Subcommittee (JJRS) Meeting on 2026-03-12 15:00:00
2026-03-16 06:02:40,565 - SonomaCountyGovScraper - INFO - Found event: Holiday Closure: Cesar Chavez Day 2026 on 2026-03-31 00:00:00
2026-03-16 06:02:40,565 - SonomaCountyGovScraper - INFO - Found event: Volunteer: Ice Plant Removal on 2026-03-18 09:30:00
2026-03-16 06:02:40,565 - SonomaCountyGovScraper - INFO - Found event: Volunteer Grab Bag: Litter Pick-up…and More on 2026-03-18 10:00:00
2026-03-16 06:02:40,565 - SonomaCountyGovScraper - INFO - Found event: Park Preview: Wright Hill (10:00 am session) on 2026-03-21 10:00:00
2026-03-16 06:02:40,565 - SonomaCountyGovScraper - INFO - Found event: Park Preview: Wright Hill (10:45 am session) on 2026-03-21 10:45:00
2026-03-16 06:02:40,565 - SonomaCountyGovScraper - INFO - Found event: Park Preview: Wright Hill (11:30 am session) on 2026-03-21 11:30:00
2026-03-16 06:02:40,565 - SonomaCountyGovScraper - INFO - Found event: Park Preview: Wright Hill (12:30 pm session) on 2026-03-21 12:30:00
2026-03-16 06:02:40,565 - SonomaCountyGovScraper - INFO - Found event: Winging it Wednesday on 2026-03-25 08:30:00
2026-03-16 06:02:40,565 - SonomaCountyGovScraper - INFO - Found event: Volunteer: Ice Plant Removal on 2026-03-25 09:30:00
2026-03-16 06:02:40,565 - SonomaCountyGovScraper - INFO - Found event: Volunteer: Invasive Plant Removal on 2026-03-26 09:00:00
2026-03-16 06:02:40,565 - SonomaCountyGovScraper - INFO - Found event: All Abilities Adventures: Birding on 2026-03-26 10:00:00
2026-03-16 06:02:40,565 - SonomaCountyGovScraper - INFO - Found event: Migration is Beautiful - La Migración es Hermosa on 2026-03-26 17:00:00
2026-03-16 06:02:40,565 - SonomaCountyGovScraper - INFO - Found event: Wildflower Walk on 2026-03-27 14:00:00
2026-03-16 06:02:40,566 - SonomaCountyGovScraper - INFO - Found event: Volunteer: Invasive Plant Removal on 2026-03-28 09:00:00
2026-03-16 06:02:40,566 - SonomaCountyGovScraper - INFO - Found event: Tide Pool Talk on 2026-03-29 14:00:00
2026-03-16 06:02:40,566 - SonomaCountyGovScraper - INFO - Found event: Feelin' Crabby on 2026-03-29 10:00:00
2026-03-16 06:02:40,566 - SonomaCountyGovScraper - INFO - Found event: Volunteer: Ice Plant Removal on 2026-04-01 09:30:00
2026-03-16 06:02:40,566 - SonomaCountyGovScraper - INFO - Found event: Kayak: Full Moon Paddle on 2026-04-01 19:00:00
2026-03-16 06:02:40,566 - SonomaCountyGovScraper - INFO - Found event: Wildflower Walk on 2026-04-02 14:00:00
2026-03-16 06:02:40,566 - SonomaCountyGovScraper - INFO - Found event: Wildflower Walk on 2026-04-03 10:00:00
2026-03-16 06:02:40,566 - SonomaCountyGovScraper - INFO - Found event: Wild Words Book Club: Owls of the Eastern Ice on 2026-04-03 15:00:00
2026-03-16 06:02:40,566 - SonomaCountyGovScraper - INFO - Found event: Rainbow Hike on 2026-04-03 14:00:00
2026-03-16 06:02:40,566 - SonomaCountyGovScraper - INFO - Found event: Wildflower Walk on 2026-04-04 10:00:00
2026-03-16 06:02:40,566 - SonomaCountyGovScraper - INFO - Found event: Little Parkies on 2026-04-04 09:30:00
2026-03-16 06:02:40,566 - SonomaCountyGovScraper - INFO - Found event: Park Preview: Mark West on 2026-04-04 10:00:00
2026-03-16 06:02:40,566 - SonomaCountyGovScraper - INFO - Found event: Volunteer: Shoreline Sweep on 2026-04-04 09:00:00
2026-03-16 06:02:40,566 - SonomaCountyGovScraper - INFO - Found event: Senior Saunter on 2026-04-07 10:00:00
2026-03-16 06:02:40,567 - SonomaCountyGovScraper - INFO - Found event: Volunteer: Ice Plant Removal on 2026-04-08 09:30:00
2026-03-16 06:02:40,567 - SonomaCountyGovScraper - INFO - Found event: Wildflower Walk on 2026-04-11 10:00:00
2026-03-16 06:02:40,567 - SonomaCountyGovScraper - INFO - Found event: Science Saturdays: Watercolor Wildflowers 1-2pm on 2026-04-11 13:00:00
2026-03-16 06:02:40,567 - SonomaCountyGovScraper - INFO - Found event: Science Saturdays: Watercolor Wildflowers 11am-12pm on 2026-04-11 11:00:00
2026-03-16 06:02:40,567 - SonomaCountyGovScraper - INFO - Found event: Feelin' Crabby on 2026-04-11 10:00:00
2026-03-16 06:02:40,567 - SonomaCountyGovScraper - INFO - Found event: Feelin' Crabby on 2026-04-11 13:00:00
2026-03-16 06:02:40,567 - SonomaCountyGovScraper - INFO - Found event: Art in the Parks: Miniature Fairy Gardens on 2026-04-11 13:00:00
2026-03-16 06:02:40,567 - SonomaCountyGovScraper - INFO - Found event: Vamos a Nadar: Honeybee Pool on 2026-04-11 14:00:00
2026-03-16 06:02:40,567 - SonomaCountyGovScraper - INFO - Found event: Peaks and Views: Pastoral Panorama on 2026-04-11 09:00:00
2026-03-16 06:02:40,567 - SonomaCountyGovScraper - INFO - Found event: Volunteer: Invasive Plant Removal on 2026-04-11 09:00:00
2026-03-16 06:02:40,567 - SonomaCountyGovScraper - INFO - Found event: Volunteer: Ice Plant Removal on 2026-04-15 09:30:00
2026-03-16 06:02:40,567 - SonomaCountyGovScraper - INFO - Found event: Volunteer Grab Bag: Litter Pick-up…and More on 2026-04-15 10:00:00
2026-03-16 06:02:40,567 - SonomaCountyGovScraper - INFO - Found event: Wildflower Walk on 2026-04-16 14:00:00
2026-03-16 06:02:40,567 - SonomaCountyGovScraper - INFO - Found event: Kayak: Introductory Skills on 2026-04-16 17:00:00
2026-03-16 06:02:40,568 - SonomaCountyGovScraper - INFO - Found event: Wildflower Walk on 2026-04-17 10:00:00
2026-03-16 06:02:40,568 - SonomaCountyGovScraper - INFO - Found event: Volunteer: Orientation on 2026-04-18 10:00:00
2026-03-16 06:02:40,568 - SonomaCountyGovScraper - INFO - Found event: Vamos a Nadar: Finley Aquatics Center on 2026-04-18 13:30:00
2026-03-16 06:02:40,568 - SonomaCountyGovScraper - INFO - Found event: Annadel Half Marathon, 10k and 5k on 2026-04-18 09:00:00
2026-03-16 06:02:40,568 - SonomaCountyGovScraper - INFO - Found event: Species Spotlight: Heron Hike on 2026-04-20 17:30:00
2026-03-16 06:02:40,568 - SonomaCountyGovScraper - INFO - Found event: Kayak: Settle Down at Sundown Paddle on 2026-04-21 18:30:00
2026-03-16 06:02:40,568 - SonomaCountyGovScraper - INFO - Found event: Pups in Parks: Bilingual Dog Training on 2026-04-21 17:00:00
2026-03-16 06:02:40,568 - SonomaCountyGovScraper - INFO - Found event: Volunteer: Ice Plant Removal on 2026-04-22 09:30:00
2026-03-16 06:02:40,568 - SonomaCountyGovScraper - INFO - Found event: Kayak: Senior Paddle on 2026-04-23 10:00:00
2026-03-16 06:02:40,568 - SonomaCountyGovScraper - INFO - Found event: Pups in Parks: Hiking with Hounds on 2026-04-23 17:00:00
2026-03-16 06:02:40,568 - SonomaCountyGovScraper - INFO - Found event: Volunteer: Invasive Plant Removal on 2026-04-23 09:00:00
2026-03-16 06:02:40,568 - SonomaCountyGovScraper - INFO - Found event: Feelin' Crabby on 2026-04-25 10:00:00
2026-03-16 06:02:40,568 - SonomaCountyGovScraper - INFO - Found event: Feelin' Crabby on 2026-04-25 13:00:00
2026-03-16 06:02:40,569 - SonomaCountyGovScraper - INFO - Found event: Volunteer: Earth Day Creek Clean-Up on 2026-04-25 09:00:00
2026-03-16 06:02:40,569 - SonomaCountyGovScraper - INFO - Found event: Volunteer: Earth Day Creek Clean-Up on 2026-04-25 09:00:00
2026-03-16 06:02:40,569 - SonomaCountyGovScraper - INFO - Found event: Nuestros Parques: Family Friendly Hike on 2026-04-25 10:00:00
2026-03-16 06:02:40,569 - SonomaCountyGovScraper - INFO - Found event: Vamos a Nadar: Ridgway Pool on 2026-04-25 13:30:00
2026-03-16 06:02:40,569 - SonomaCountyGovScraper - INFO - Found event: All Abilities Adventures: Dragonflies on 2026-04-25 10:00:00
2026-03-16 06:02:40,569 - SonomaCountyGovScraper - INFO - Found event: Tide Pool Talk on 2026-04-26 14:00:00
2026-03-16 06:02:40,569 - SonomaCountyGovScraper - INFO - Found event: Winging it Wednesday on 2026-04-29 08:30:00
2026-03-16 06:02:40,569 - SonomaCountyGovScraper - INFO - Found event: Volunteer: Ice Plant Removal on 2026-04-29 09:30:00
2026-03-16 06:02:40,569 - SonomaCountyGovScraper - INFO - Found event: Wild Words Book Club: The Signature of All Things on 2026-05-01 15:00:00
2026-03-16 06:02:40,569 - SonomaCountyGovScraper - INFO - Found event: Rainbow Hike on 2026-05-01 13:00:00
2026-03-16 06:02:40,569 - SonomaCountyGovScraper - INFO - Found event: Kayak: Full Moon Paddle on 2026-05-01 20:00:00
2026-03-16 06:02:40,569 - SonomaCountyGovScraper - INFO - Found event: Little Parkies on 2026-05-02 09:30:00
2026-03-16 06:02:40,569 - SonomaCountyGovScraper - INFO - Found event: Peaks and Views: Forest Focus on 2026-05-02 09:00:00
2026-03-16 06:02:40,569 - SonomaCountyGovScraper - INFO - Found event: Volunteer: Shoreline Sweep on 2026-05-02 09:00:00
2026-03-16 06:02:40,570 - SonomaCountyGovScraper - INFO - Found event: All Abilities Adventures: Wildflowers on 2026-05-02 10:00:00
2026-03-16 06:02:40,570 - SonomaCountyGovScraper - INFO - Found event: Past Lives of Parks: Watson School on 2026-05-02 10:00:00
2026-03-16 06:02:40,570 - SonomaCountyGovScraper - INFO - Found event: Senior Saunter on 2026-05-05 10:00:00
2026-03-16 06:02:40,570 - SonomaCountyGovScraper - INFO - Found event: Volunteer: Ice Plant Removal on 2026-05-06 09:30:00
2026-03-16 06:02:40,570 - SonomaCountyGovScraper - INFO - Found event: Kayak: Senior Paddle on 2026-05-07 09:30:00
2026-03-16 06:02:40,570 - SonomaCountyGovScraper - INFO - Found event: Science Saturdays: Make it Float! 1-2pm on 2026-05-09 13:00:00
2026-03-16 06:02:40,570 - SonomaCountyGovScraper - INFO - Found event: Science Saturdays: Make it Float! 11am-12pm on 2026-05-09 11:00:00
2026-03-16 06:02:40,570 - SonomaCountyGovScraper - INFO - Found event: Naturalist Hike: Mark West Creek Regional Park on 2026-05-09 09:30:00
2026-03-16 06:02:40,570 - SonomaCountyGovScraper - INFO - Found event: Park Preview: Wright Hill (10:00 am session) on 2026-05-09 10:00:00
2026-03-16 06:02:40,570 - SonomaCountyGovScraper - INFO - Found event: Park Preview: Wright Hill (10:45 am session) on 2026-05-09 10:45:00
2026-03-16 06:02:40,570 - SonomaCountyGovScraper - INFO - Found event: Park Preview: Wright Hill (11:30 am session) on 2026-05-09 11:30:00
2026-03-16 06:02:40,570 - SonomaCountyGovScraper - INFO - Found event: Park Preview: Wright Hill (12:30 pm session) on 2026-05-09 12:30:00
2026-03-16 06:02:40,570 - SonomaCountyGovScraper - INFO - Found event: Vamos a Nadar: Windsor Senior Center on 2026-05-09 14:30:00
2026-03-16 06:02:40,570 - SonomaCountyGovScraper - INFO - Found event: Volunteer: Ice Plant Removal on 2026-05-13 09:30:00
2026-03-16 06:02:40,571 - SonomaCountyGovScraper - INFO - Found event: Kayak: Introductory Skills on 2026-05-14 17:30:00
2026-03-16 06:02:40,571 - SonomaCountyGovScraper - INFO - Found event: Parks After Dark: Adapting to Darkness on 2026-05-16 19:30:00
2026-03-16 06:02:40,571 - SonomaCountyGovScraper - INFO - Found event: Vamos a Nadar: Petaluma Swim Center on 2026-05-16 11:00:00
2026-03-16 06:02:40,571 - SonomaCountyGovScraper - INFO - Found event: Volunteer: Ice Plant Removal on 2026-05-20 09:30:00
2026-03-16 06:02:40,571 - SonomaCountyGovScraper - INFO - Found event: Volunteer Grab Bag: Litter Pick-up…and More on 2026-05-20 10:00:00
2026-03-16 06:02:40,571 - SonomaCountyGovScraper - INFO - Found event: Winging it Wednesday on 2026-05-27 08:30:00
2026-03-16 06:02:40,571 - SonomaCountyGovScraper - INFO - Found event: Volunteer: Ice Plant Removal on 2026-05-27 09:30:00
2026-03-16 06:02:40,571 - SonomaCountyGovScraper - INFO - Found event: Volunteer: Invasive Plant Removal on 2026-05-28 09:00:00
2026-03-16 06:02:40,571 - SonomaCountyGovScraper - INFO - Found event: Kayak: Full Moon Paddle on 2026-05-30 20:00:00
2026-03-16 06:02:40,571 - SonomaCountyGovScraper - INFO - Found event: Nuestros Parques: Let's Climb a Mountain! on 2026-05-30 09:00:00
2026-03-16 06:02:40,571 - SonomaCountyGovScraper - INFO - Found event: Nature Explorers Camp on 2026-06-15 09:00:00
2026-03-16 06:02:40,571 - SonomaCountyGovScraper - INFO - Found event: Nature Explorers Camp on 2026-06-22 09:00:00
2026-03-16 06:02:40,571 - SonomaCountyGovScraper - INFO - Found event: Junior Lifeguards Camp on 2026-06-22 09:00:00
2026-03-16 06:02:40,571 - SonomaCountyGovScraper - INFO - Found event: Vamos a Nadar: Rio Nido Roadhouse on 2026-06-28 10:30:00
2026-03-16 06:02:40,572 - SonomaCountyGovScraper - INFO - Found event: Discovery Camp: Water and Nature Adventures on 2026-06-29 09:00:00
2026-03-16 06:02:40,572 - SonomaCountyGovScraper - INFO - Found event: Junior Lifeguards Camp on 2026-07-06 09:00:00
2026-03-16 06:02:40,572 - SonomaCountyGovScraper - INFO - Found event: Little Lifesavers Camp on 2026-07-06 09:00:00
2026-03-16 06:02:40,572 - SonomaCountyGovScraper - INFO - Found event: Vamos a Nadar Para Adultos: Ridgway Swim Center on 2026-07-11 10:00:00
2026-03-16 06:02:40,572 - SonomaCountyGovScraper - INFO - Found event: Discovery Camp: Water and Nature Adventures on 2026-07-13 09:00:00
2026-03-16 06:02:40,572 - SonomaCountyGovScraper - INFO - Found event: Little Lifesavers Camp on 2026-07-20 09:00:00
2026-03-16 06:02:40,572 - SonomaCountyGovScraper - INFO - Found event: New Swimmer Junior Lifeguards Camp on 2026-07-20 09:00:00
2026-03-16 06:02:40,572 - SonomaCountyGovScraper - INFO - Found event: Discovery Camp: Water and Nature Adventures on 2026-07-27 09:00:00
2026-03-16 06:02:40,572 - SonomaCountyGovScraper - INFO - Found event: Junior Lifeguards Camp on 2026-08-03 09:00:00
2026-03-16 06:02:40,572 - SonomaCountyGovScraper - INFO - Found event: Junior Rangers: Kayak Skills Camp on 2026-08-04 09:00:00
2026-03-16 06:02:40,572 - SonomaCountyGovScraper - INFO - Found event: Junior Rangers: Outdoor Skills Camp on 2026-08-04 09:00:00
2026-03-16 06:02:40,572 - SonomaCountyGovScraper - INFO - Found event: Foundational Anti-Racist Results-Based Accountability (AR-RBA) Training on 2026-03-04 10:00:00
2026-03-16 06:02:40,572 - SonomaCountyGovScraper - INFO - Found event: AR-RBA Office Hours on 2026-03-18 13:00:00
2026-03-16 06:02:40,572 - SonomaCountyGovScraper - INFO - Found event: Parks and Recreation Advisory Commission Meeting on 2026-04-01 17:30:00
2026-03-16 06:02:40,573 - SonomaCountyGovScraper - INFO - Found event: 2026 Perspectiva Económica on 2026-03-05 09:00:00
2026-03-16 06:02:40,573 - SonomaCountyGovScraper - INFO - Found event: 2026 Economic Perspective on 2026-03-05 09:00:00
2026-03-16 06:02:40,573 - SonomaCountyGovScraper - INFO - Found event: Airport Land Use Commission Meeting on 2026-03-09 09:00:00
2026-03-16 06:02:40,573 - SonomaCountyGovScraper - INFO - Found event: Zoning Administrator Meeting on 2026-03-12 13:00:00
2026-03-16 06:02:40,573 - SonomaCountyGovScraper - INFO - Found event: Zoning Administrator Meeting on 2026-03-26 13:00:00
2026-03-16 06:02:40,573 - SonomaCountyGovScraper - INFO - Found event: Planning Agency and Planning Commission Meeting Combined on 2026-03-19 13:00:00
2026-03-16 06:02:40,573 - SonomaCountyGovScraper - INFO - Found event: Design Review Committee Meeting on 2026-03-18 13:30:00
2026-03-16 06:02:40,573 - SonomaCountyGovScraper - INFO - Found event: Design Review Committee Meeting on 2026-04-01 13:30:00
2026-03-16 06:02:40,573 - SonomaCountyGovScraper - INFO - Fetching events from 2026-04-01 to 2026-05-01
2026-03-16 06:02:42,390 - SonomaCountyGovScraper - INFO - Found event: Dry Creek Valley Citizens Advisory Council Meeting on 2026-04-16 18:00:00
2026-03-16 06:02:42,390 - SonomaCountyGovScraper - INFO - Found event: Lower Russian River Municipal Advisory Council Meeting April 9, 2026 on 2026-04-09 17:30:00
2026-03-16 06:02:42,390 - SonomaCountyGovScraper - INFO - Found event: Mark West Area Municipal Advisory Council (MWAMAC) Meeting on 2026-04-08 18:00:00
2026-03-16 06:02:42,390 - SonomaCountyGovScraper - INFO - Found event: North Sonoma Valley Municipal Advisory Council Meeting on 2026-04-21 17:30:00
2026-03-16 06:02:42,390 - SonomaCountyGovScraper - INFO - Found event: Sonoma Valley Community Advisory Commission Meeting on 2026-04-22 18:30:00
2026-03-16 06:02:42,390 - SonomaCountyGovScraper - INFO - Found event: Historical Records Commission Meeting on 2026-04-09 16:00:00
2026-03-16 06:02:42,390 - SonomaCountyGovScraper - INFO - Found event: Measure H Oversight Committee Meeting on 2026-04-30 17:00:00
2026-03-16 06:02:42,390 - SonomaCountyGovScraper - INFO - Found event: Commission on the Status of Women Meeting on 2026-04-09 18:00:00
2026-03-16 06:02:42,390 - SonomaCountyGovScraper - INFO - Found event: Commission on Human Rights Meeting on 2026-04-28 17:30:00
2026-03-16 06:02:42,390 - SonomaCountyGovScraper - INFO - Found event: Civil Service Commission Meeting on 2026-04-02 15:00:00
2026-03-16 06:02:42,390 - SonomaCountyGovScraper - INFO - Found event: Civil Service Commission Meeting on 2026-04-16 15:00:00
2026-03-16 06:02:42,390 - SonomaCountyGovScraper - INFO - Found event: Community Advisory Council (CAC) Meeting on 2026-04-08 18:00:00
2026-03-16 06:02:42,390 - SonomaCountyGovScraper - INFO - Found event: Cities & Towns Advisory Committee on 2026-04-15 10:00:00
2026-03-16 06:02:42,390 - SonomaCountyGovScraper - INFO - Found event: Community Development Committee Meeting on 2026-04-15 10:00:00
2026-03-16 06:02:42,390 - SonomaCountyGovScraper - INFO - Found event: Homeless Coalition Board Meeting on 2026-04-22 13:00:00
2026-03-16 06:02:42,390 - SonomaCountyGovScraper - INFO - Found event: Sonoma County Homeless Coalition Quarterly Membership Meeting on 2026-04-16 13:00:00
2026-03-16 06:02:42,391 - SonomaCountyGovScraper - INFO - Found event: Behavioral Health Board Meeting on 2026-04-21 17:00:00
2026-03-16 06:02:42,391 - SonomaCountyGovScraper - INFO - Found event: Aging & Disability Commission Meeting on 2026-04-15 13:00:00
2026-03-16 06:02:42,391 - SonomaCountyGovScraper - INFO - Found event: Aging & Disability Commission: Executive Committee Meeting on 2026-04-07 11:00:00
2026-03-16 06:02:42,391 - SonomaCountyGovScraper - INFO - Found event: Fish and Wildlife Commission Meeting on 2026-04-16 19:00:00
2026-03-16 06:02:42,391 - SonomaCountyGovScraper - INFO - Found event: Equity in Data Training on 2026-04-15 09:30:00
2026-03-16 06:02:42,391 - SonomaCountyGovScraper - INFO - Found event: April 15, 2026 Fire Memorial Task Force Meeting on 2026-04-15 15:00:00
2026-03-16 06:02:42,391 - SonomaCountyGovScraper - INFO - Found event: EDC Regular and Foundation Meeting April 2026 on 2026-04-22 07:30:00
2026-03-16 06:02:42,391 - SonomaCountyGovScraper - INFO - Found event: Airport Land Use Commission Meeting on 2026-04-13 09:00:00
2026-03-16 06:02:42,391 - SonomaCountyGovScraper - INFO - Found event: Planning Agency Meeting on 2026-04-30 14:00:00
2026-03-16 06:02:42,391 - SonomaCountyGovScraper - INFO - Found event: Zoning Administrator Meeting on 2026-04-09 13:00:00
2026-03-16 06:02:42,391 - SonomaCountyGovScraper - INFO - Found event: Zoning Administrator Meeting on 2026-04-23 13:00:00
2026-03-16 06:02:42,391 - SonomaCountyGovScraper - INFO - Found event: Planning Commission Meeting on 2026-04-02 13:00:00
2026-03-16 06:02:42,391 - SonomaCountyGovScraper - INFO - Found event: Planning Commission Meeting on 2026-04-16 13:00:00
2026-03-16 06:02:42,391 - SonomaCountyGovScraper - INFO - Found event: Environmental Review Committee Meeting on 2026-04-07 09:00:00
2026-03-16 06:02:42,392 - SonomaCountyGovScraper - INFO - Found event: Design Review Committee Meeting on 2026-04-15 13:30:00
2026-03-16 06:02:42,392 - SonomaCountyGovScraper - INFO - Found event: Landmarks Commission Meeting on 2026-04-07 15:00:00
2026-03-16 06:02:42,392 - SonomaCountyGovScraper - INFO - Fetching events from 2026-05-01 to 2026-06-01
2026-03-16 06:02:43,960 - SonomaCountyGovScraper - INFO - Found event: Coast Municipal Advisory Council (MAC) Meeting May 28, 2026 on 2026-05-28 17:30:00
2026-03-16 06:02:43,960 - SonomaCountyGovScraper - INFO - Found event: Dry Creek Valley Citizens Advisory Council Meeting on 2026-05-21 18:00:00
2026-03-16 06:02:43,960 - SonomaCountyGovScraper - INFO - Found event: Lower Russian River Municipal Advisory Council Meeting May 14, 2026 on 2026-05-14 17:30:00
2026-03-16 06:02:43,960 - SonomaCountyGovScraper - INFO - Found event: Mark West Area Municipal Advisory Council (MWAMAC) Meeting on 2026-05-13 18:00:00
2026-03-16 06:02:43,960 - SonomaCountyGovScraper - INFO - Found event: Sonoma Valley Community Advisory Commission Meeting on 2026-05-27 18:30:00
2026-03-16 06:02:43,960 - SonomaCountyGovScraper - INFO - Found event: Historical Records Commission Meeting on 2026-05-14 16:00:00
2026-03-16 06:02:43,960 - SonomaCountyGovScraper - INFO - Found event: Commission on the Status of Women Meeting on 2026-05-14 18:00:00
2026-03-16 06:02:43,961 - SonomaCountyGovScraper - INFO - Found event: Commission on Human Rights  Meeting on 2026-05-26 17:30:00
2026-03-16 06:02:43,961 - SonomaCountyGovScraper - INFO - Found event: Civil Service Commission Meeting on 2026-05-07 15:00:00
2026-03-16 06:02:43,961 - SonomaCountyGovScraper - INFO - Found event: Civil Service Commission Meeting on 2026-05-21 15:00:00
2026-03-16 06:02:43,961 - SonomaCountyGovScraper - INFO - Found event: Community Advisory Council (CAC) Meeting on 2026-05-13 18:00:00
2026-03-16 06:02:43,961 - SonomaCountyGovScraper - INFO - Found event: Cities & Towns Advisory Committee (SPECIAL Meeting) on 2026-05-13 10:00:00
2026-03-16 06:02:43,961 - SonomaCountyGovScraper - INFO - Found event: Community Development Committee SPECIAL Meeting on 2026-05-13 10:00:00
2026-03-16 06:02:43,961 - SonomaCountyGovScraper - INFO - Found event: Homeless Coalition Board Meeting on 2026-05-27 13:00:00
2026-03-16 06:02:43,961 - SonomaCountyGovScraper - INFO - Found event: Coordinated Entry Advisory Committee Meeting May 6, 2026 on 2026-05-06 12:00:00
2026-03-16 06:02:43,961 - SonomaCountyGovScraper - INFO - Found event: Homeless Management Information Systems (HMIS) Data Committee Meeting on 2026-05-11 10:00:00
2026-03-16 06:02:43,961 - SonomaCountyGovScraper - INFO - Found event: Behavioral Health Board Meeting on 2026-05-19 17:00:00
2026-03-16 06:02:43,961 - SonomaCountyGovScraper - INFO - Found event: Behavioral Health Board Executive Meeting on 2026-05-06 10:30:00
2026-03-16 06:02:43,961 - SonomaCountyGovScraper - INFO - Found event: Aging & Disability Commission Meeting on 2026-05-20 13:00:00
2026-03-16 06:02:43,961 - SonomaCountyGovScraper - INFO - Found event: Aging & Disability Commission: Executive Committee Meeting on 2026-05-12 11:00:00
2026-03-16 06:02:43,961 - SonomaCountyGovScraper - INFO - Found event: Fish and Wildlife Commission Meeting on 2026-05-21 19:00:00
2026-03-16 06:02:43,961 - SonomaCountyGovScraper - INFO - Found event: Holiday Closure: Memorial Day 2026 on 2026-05-25 00:00:00
2026-03-16 06:02:43,962 - SonomaCountyGovScraper - INFO - Found event: Foundational Anti-Racist Results-Based Accountability (AR-RBA) Training on 2026-05-12 10:00:00
2026-03-16 06:02:43,962 - SonomaCountyGovScraper - INFO - Found event: Parks Measure M Citizens Oversight Committee Meeting on 2026-05-18 17:30:00
2026-03-16 06:02:43,962 - SonomaCountyGovScraper - INFO - Found event: May 20, 2026 Fire Memorial Task Force Meeting on 2026-05-20 15:00:00
2026-03-16 06:02:43,962 - SonomaCountyGovScraper - INFO - Found event: EDC Regular and Foundation Meeting May 2026 on 2026-05-27 07:30:00
2026-03-16 06:02:43,962 - SonomaCountyGovScraper - INFO - Found event: Airport Land Use Commission Meeting on 2026-05-11 09:00:00
2026-03-16 06:02:43,962 - SonomaCountyGovScraper - INFO - Found event: Zoning Administrator Meeting on 2026-05-14 13:00:00
2026-03-16 06:02:43,962 - SonomaCountyGovScraper - INFO - Found event: Zoning Administrator Meeting on 2026-05-28 13:00:00
2026-03-16 06:02:43,962 - SonomaCountyGovScraper - INFO - Found event: Planning Commission Meeting on 2026-05-07 13:00:00
2026-03-16 06:02:43,962 - SonomaCountyGovScraper - INFO - Found event: Planning Commission Meeting on 2026-05-21 13:00:00
2026-03-16 06:02:43,962 - SonomaCountyGovScraper - INFO - Found event: Environmental Review Committee Meeting on 2026-05-05 09:00:00
2026-03-16 06:02:43,962 - SonomaCountyGovScraper - INFO - Found event: Design Review Committee Meeting on 2026-05-06 13:30:00
2026-03-16 06:02:43,962 - SonomaCountyGovScraper - INFO - Found event: Design Review Committee Meeting on 2026-05-20 13:30:00
2026-03-16 06:02:43,962 - SonomaCountyGovScraper - INFO - Found event: Landmarks Commission Meeting on 2026-05-05 15:00:00
2026-03-16 06:02:43,963 - SonomaCountyGovScraper - INFO - Filtered 38 events beyond 2 months out
2026-03-16 06:02:43,963 - SonomaCountyGovScraper - INFO - Found 172 events
2026-03-16 06:02:43,985 - SonomaCountyGovScraper - INFO - Written to cities/santarosa/sonoma_county_gov.ics
2026-03-16 06:02:44,117 - CafeFridaScraper - INFO - Scraping Cafe Frida Gallery
2026-03-16 06:02:44,117 - CafeFridaScraper - INFO - Fetching https://www.cafefridagallery.com/events
2026-03-16 06:02:44,451 - CafeFridaScraper - INFO - Found event: Lorri B + The Jazz Pack on 2026-03-15 11:30:00-07:00
2026-03-16 06:02:44,451 - CafeFridaScraper - INFO - Found event: Jack Gobetti Quartet ft. Lynne Morrow on 2026-03-19 11:30:00-07:00
2026-03-16 06:02:44,452 - CafeFridaScraper - INFO - Found event: Art Reception on 2026-03-21 15:00:00-07:00
2026-03-16 06:02:44,452 - CafeFridaScraper - INFO - Found event: Donovan Patrick Walsh on 2026-03-18 12:00:00-07:00
2026-03-16 06:02:44,452 - CafeFridaScraper - INFO - Found event: Open Table Art Night on 2026-03-19 17:30:00-07:00
2026-03-16 06:02:44,452 - CafeFridaScraper - INFO - Found event: Stevie Cornell on 2026-03-26 11:30:00-07:00
2026-03-16 06:02:44,452 - CafeFridaScraper - INFO - Found event: Sonoma County Postcard Network on 2026-03-19 10:00:00-07:00
2026-03-16 06:02:44,452 - CafeFridaScraper - INFO - Found event: Justis on 2026-03-21 11:30:00-07:00
2026-03-16 06:02:44,453 - CafeFridaScraper - INFO - Found event: Son Chévere on 2026-03-27 18:00:00-07:00
2026-03-16 06:02:44,453 - CafeFridaScraper - INFO - Found 9 events
2026-03-16 06:02:44,454 - CafeFridaScraper - INFO - Written to cities/santarosa/cafefrida.ics
2026-03-16 06:02:44,647 - SRCCScraper - INFO - Scraping Santa Rosa Cycling Club
2026-03-16 06:02:44,647 - SRCCScraper - INFO - Fetching RSS feed: https://srcc.com/Calendar/RSS
2026-03-16 06:02:45,384 - SRCCScraper - INFO - Found 40 entries in RSS feed
2026-03-16 06:02:45,395 - SRCCScraper - INFO - Found event: Tailwinds • AB & B Pace Ride on 2026-03-16 09:30:00-07:00
2026-03-16 06:02:45,401 - SRCCScraper - INFO - Found event: Eastside-Westside Loop • 3/AB&B/32 • Esposti Park, Windsor on 2026-03-17 09:30:00-07:00
2026-03-16 06:02:45,407 - SRCCScraper - INFO - Found event: Short and Sweet • 2/A/19 • Ragle Park, Sebastopol on 2026-03-17 09:30:00-07:00
2026-03-16 06:02:45,415 - SRCCScraper - INFO - Found event: Team Wednesday • AB & B Pace Ride on 2026-03-18 09:30:00-07:00
2026-03-16 06:02:45,425 - SRCCScraper - INFO - Found event: C/D Peloton • C & D Paces • Various Locations on 2026-03-18 09:30:00-07:00
2026-03-16 06:02:45,431 - SRCCScraper - INFO - Found event: American River Trail • 2/all paces/39 • Harrington Way River Access, Carmichael, CA on 2026-03-19 10:00:00-07:00
2026-03-16 06:02:45,440 - SRCCScraper - INFO - Found event: Friendly Friday Rides • Third Friday • Howarth Park (Upper Lot) on 2026-03-20 09:30:00-07:00
2026-03-16 06:02:45,445 - SRCCScraper - INFO - Found event: Keiser-Healdsburg-Dry Creek • 2/AB&B/32 • Keiser Park, Windsor on 2026-03-21 09:00:00-07:00
2026-03-16 06:02:45,456 - SRCCScraper - INFO - Found event: Tailwinds • AB & B Pace Ride on 2026-03-23 09:30:00-07:00
2026-03-16 06:02:45,460 - SRCCScraper - INFO - Found event: Esposti-Fitch Mountain • 2-3/AB&B/32 • Esposti Park, Windsor on 2026-03-24 09:00:00-07:00
2026-03-16 06:02:45,468 - SRCCScraper - INFO - Found event: Team Wednesday • AB & B Pace Ride on 2026-03-25 09:30:00-07:00
2026-03-16 06:02:45,479 - SRCCScraper - INFO - Found event: C/D Peloton • C & D Paces • Various Locations on 2026-03-25 09:30:00-07:00
2026-03-16 06:02:45,485 - SRCCScraper - INFO - Found event: Finley to Korbel • 2/AB/38 • Finley Park, Santa Rosa on 2026-03-26 09:00:00-07:00
2026-03-16 06:02:45,493 - SRCCScraper - INFO - Found event: Friendly Friday Rides • Fourth Friday • Healdsburg City Hall on 2026-03-27 09:30:00-07:00
2026-03-16 06:02:45,499 - SRCCScraper - INFO - Found event: HBG-Yoakim-Dry Creek • 2/AB&B/41 • Healdsburg City Hall on 2026-03-28 09:00:00-07:00
2026-03-16 06:02:45,510 - SRCCScraper - INFO - Found event: Tailwinds • AB & B Pace Ride on 2026-03-30 09:30:00-07:00
2026-03-16 06:02:45,515 - SRCCScraper - INFO - Found event: Windsor Geyserville Loop • 3/AB&B/38 • Esposti Park, Windsor on 2026-03-31 09:00:00-07:00
2026-03-16 06:02:45,523 - SRCCScraper - INFO - Found event: Executive Board Meeting on 2026-04-01 18:30:00-07:00
2026-03-16 06:02:45,525 - SRCCScraper - INFO - Found event: Club Monthly Meeting on 2026-04-08 18:30:00-07:00
2026-03-16 06:02:45,533 - SRCCScraper - INFO - Found event: 2026 March Magic "After Party" Picnic on 2026-04-11 12:00:00-07:00
2026-03-16 06:02:45,535 - SRCCScraper - INFO - Found event: Bridgette's Going Away Party! on 2026-04-12 13:30:00-07:00
2026-03-16 06:02:45,536 - SRCCScraper - INFO - Found event: Wine Country Century 2026 on 2026-05-02 06:00:00-07:00
2026-03-16 06:02:45,551 - SRCCScraper - INFO - Found event: 2026 WCC Workers' Ride & Volunteer Appreciation Party on 2026-05-03 06:30:00-07:00
2026-03-16 06:02:45,552 - SRCCScraper - INFO - Found event: Executive Board Meeting on 2026-05-06 18:30:00-07:00
2026-03-16 06:02:45,555 - SRCCScraper - INFO - Found event: Club Monthly Meeting on 2026-05-13 18:30:00-07:00
2026-03-16 06:02:45,564 - SRCCScraper - INFO - Found event: 2026 Bad Little Brother 14,500' • HC*/CD/133 • Lake Sonoma Visitor Center on 2026-05-23 07:00:00-07:00
2026-03-16 06:02:45,566 - SRCCScraper - INFO - Found event: Executive Board Meeting on 2026-06-03 18:30:00-07:00
2026-03-16 06:02:45,569 - SRCCScraper - INFO - Found event: Club Monthly Meeting on 2026-06-10 18:30:00-07:00
2026-03-16 06:02:45,570 - SRCCScraper - INFO - Found event: Executive Board Meeting on 2026-07-01 18:30:00-07:00
2026-03-16 06:02:45,573 - SRCCScraper - INFO - Found event: Club Monthly Meeting on 2026-07-08 18:30:00-07:00
2026-03-16 06:02:45,578 - SRCCScraper - INFO - Found event: Del Norte Tour 2026 on 2026-07-25 00:00:00-07:00
2026-03-16 06:02:45,579 - SRCCScraper - INFO - Found event: Executive Board Meeting on 2026-08-05 18:30:00-07:00
2026-03-16 06:02:45,582 - SRCCScraper - INFO - Found event: Club Monthly Meeting on 2026-08-12 18:30:00-07:00
2026-03-16 06:02:45,583 - SRCCScraper - INFO - Found event: Executive Board Meeting on 2026-09-02 18:30:00-07:00
2026-03-16 06:02:45,586 - SRCCScraper - INFO - Found event: Club Monthly Meeting on 2026-09-09 18:30:00-07:00
2026-03-16 06:02:45,588 - SRCCScraper - INFO - Found event: Executive Board Meeting on 2026-10-07 18:30:00-07:00
2026-03-16 06:02:45,590 - SRCCScraper - INFO - Found event: Club Monthly Meeting on 2026-10-14 18:30:00-07:00
2026-03-16 06:02:45,592 - SRCCScraper - INFO - Found event: Executive Board Meeting on 2026-11-04 18:30:00-08:00
2026-03-16 06:02:45,594 - SRCCScraper - INFO - Found event: Club Monthly Meeting on 2026-11-11 18:30:00-08:00
2026-03-16 06:02:45,597 - SRCCScraper - INFO - Found event: Club Monthly Meeting on 2026-12-09 18:30:00-08:00
2026-03-16 06:02:45,597 - SRCCScraper - INFO - Filtered 15 events beyond 2 months out
2026-03-16 06:02:45,597 - SRCCScraper - INFO - Found 25 events
2026-03-16 06:02:45,601 - SRCCScraper - INFO - Written to cities/santarosa/srcc.ics
Fetching: https://barrelprooflounge.com/
Found 5 events
  03/15 08:00PM - Karaoke Sundays with Razor Entertainment – Hosted by AJ the 
  03/16 07:00PM - The Honeycomb Hideout: Live Music | DJ |Drink Specials | Reg
  03/17 05:00PM - Live Music Happy Hour – Ken Risling with Avery & Oona!
  03/17 08:00PM - Tuesday Night Comedy Showcase with Tony Sparks
  03/18 05:00PM - Live Music Happy Hour – Encore Highway Plays Your Favorites!
Written to cities/santarosa/barrel_proof.ics
2026-03-16 06:02:46,114 - SportsBasementScraper - INFO - Scraping Sports Basement
2026-03-16 06:02:46,114 - SportsBasementScraper - INFO - Fetching Elfsight data for widget c18b022b-4e3e-4ab7-9baa-a3214cef181f
2026-03-16 06:02:46,489 - SportsBasementScraper - INFO - Loaded 306 events, 17 locations, 10 event types
2026-03-16 06:02:46,492 - SportsBasementScraper - INFO - Expanded to 11 event occurrences
2026-03-16 06:02:46,492 - SportsBasementScraper - INFO - Found 11 events
2026-03-16 06:02:46,494 - SportsBasementScraper - INFO - Written to cities/santarosa/sportsbasement.ics
2026-03-16 06:02:46,687 - SebArtsScraper - INFO - Scraping Sebastopol Center for the Arts
2026-03-16 06:02:46,687 - SebArtsScraper - INFO - Fetching https://www.sebarts.org/classes-and-events
2026-03-16 06:02:46,687 - lib.utils - INFO - Fetching: https://www.sebarts.org/classes-and-events
2026-03-16 06:02:46,967 - lib.utils - INFO - Fetching: https://www.sebarts.org/classes-lectures/book-arts-opening-reception
2026-03-16 06:02:47,127 - SebArtsScraper - INFO - Found event: Book Arts Opening Reception — Sebastopol Center For the Arts, California on 2026-03-15 00:00:00
2026-03-16 06:02:49,129 - lib.utils - INFO - Fetching: https://www.sebarts.org/classes-lectures/life-drawing-meet-up-mar-2026-7r6jw-g8zkt
2026-03-16 06:02:49,347 - SebArtsScraper - INFO - Found event: Life Drawing Meet-Up — Sebastopol Center For the Arts, California on 2026-03-16 00:00:00
2026-03-16 06:02:51,349 - lib.utils - INFO - Fetching: https://www.sebarts.org/classes-lectures/floor-loom-weaving-exploring-lace-weave
2026-03-16 06:02:51,532 - SebArtsScraper - INFO - Found event: Floor Loom Weaving: Exploring Lace Weave — Sebastopol Center For the Arts, California on 2026-03-19 00:00:00
2026-03-16 06:02:53,534 - lib.utils - INFO - Fetching: https://www.sebarts.org/classes-lectures/spring-bloom-watercolors
2026-03-16 06:02:53,717 - SebArtsScraper - INFO - Found event: Spring Bloom Watercolors — Sebastopol Center For the Arts, California on 2026-03-21 00:00:00
2026-03-16 06:02:55,719 - lib.utils - INFO - Fetching: https://www.sebarts.org/classes-lectures/remembering-jerry-a-tribute-celebration
2026-03-16 06:02:55,866 - SebArtsScraper - INFO - Found event: Remembering Jerry: A Tribute Concert — Sebastopol Center For the Arts, California on 2026-03-22 00:00:00
2026-03-16 06:02:57,868 - lib.utils - INFO - Fetching: https://www.sebarts.org/classes-lectures/life-drawing-meet-up-mar-2026-7r6jw-g8zkt-lmlhe
2026-03-16 06:02:58,072 - SebArtsScraper - INFO - Found event: Life Drawing Meet-Up — Sebastopol Center For the Arts, California on 2026-03-23 00:00:00
2026-03-16 06:03:00,074 - lib.utils - INFO - Fetching: https://www.sebarts.org/classes-lectures/intro-to-peaceful-pottery-03/25-4/22-2026
2026-03-16 06:03:00,254 - SebArtsScraper - INFO - Found event: Intro to Peaceful Pottery: 03/25- 4/22, 2026 — Sebastopol Center For the Arts, California on 2026-03-25 00:00:00
2026-03-16 06:03:02,256 - lib.utils - INFO - Fetching: https://www.sebarts.org/classes-lectures/upcycled-journal-workshop-03/26/26
2026-03-16 06:03:02,446 - SebArtsScraper - INFO - Found event: Upcycled Journal Workshop — Sebastopol Center For the Arts, California on 2026-03-26 00:00:00
2026-03-16 06:03:04,448 - lib.utils - INFO - Fetching: https://www.sebarts.org/classes-lectures/distant-voices-an-introduction-to-asemic-writing
2026-03-16 06:03:04,597 - SebArtsScraper - INFO - Found event: Distant Voices: An Introduction to Asemic Writing — Sebastopol Center For the Arts, California on 2026-03-28 00:00:00
2026-03-16 06:03:06,599 - lib.utils - INFO - Fetching: https://www.sebarts.org/classes-lectures/explore-gel-plate-printing
2026-03-16 06:03:06,763 - SebArtsScraper - INFO - Found event: Explore Gel Plate Printing — Sebastopol Center For the Arts, California on 2026-03-28 00:00:00
2026-03-16 06:03:08,765 - lib.utils - INFO - Fetching: https://www.sebarts.org/classes-lectures/wabi-sabi-ink-painting-finding-beauty-in-imperfection
2026-03-16 06:03:08,956 - SebArtsScraper - INFO - Found event: Wabi Sabi Ink Painting: Finding Beauty in Imperfection — Sebastopol Center For the Arts, California on 2026-03-29 00:00:00
2026-03-16 06:03:10,958 - lib.utils - INFO - Fetching: https://www.sebarts.org/classes-lectures/life-drawing-meet-up-mar-2026-7r6jw-g8zkt-lmlhe-brjm7
2026-03-16 06:03:11,167 - SebArtsScraper - INFO - Found event: Life Drawing Meet-Up — Sebastopol Center For the Arts, California on 2026-03-30 00:00:00
2026-03-16 06:03:13,169 - lib.utils - INFO - Fetching: https://www.sebarts.org/classes-lectures/observational-drawing-3-week-course
2026-03-16 06:03:13,331 - SebArtsScraper - INFO - Found event: Observational Drawing 3-Week Course — Sebastopol Center For the Arts, California on 2026-04-01 00:00:00
2026-03-16 06:03:15,333 - lib.utils - INFO - Fetching: https://www.sebarts.org/classes-lectures/ceramic-garden-poles-04/02-05/14-2026
2026-03-16 06:03:15,495 - SebArtsScraper - INFO - Found event: Ceramic Garden Poles: 04/02-05/14 2026 — Sebastopol Center For the Arts, California on 2026-04-02 00:00:00
2026-03-16 06:03:17,497 - lib.utils - INFO - Fetching: https://www.sebarts.org/classes-lectures/eco-petals-crafting-a-recycled-bouquet
2026-03-16 06:03:17,703 - SebArtsScraper - INFO - Found event: Eco Petals: Crafting a Recycled Bouquet — Sebastopol Center For the Arts, California on 2026-04-02 00:00:00
2026-03-16 06:03:19,705 - lib.utils - INFO - Fetching: https://www.sebarts.org/classes-lectures/jizo-peace-project-clay-gathering-apr
2026-03-16 06:03:19,872 - SebArtsScraper - INFO - Found event: Jizo Peace Project: Clay Gathering — Sebastopol Center For the Arts, California on 2026-04-03 00:00:00
2026-03-16 06:03:21,874 - lib.utils - INFO - Fetching: https://www.sebarts.org/classes-lectures/pt-1-modifying-thrown-forms-focusing-on-teapot-making-with-ping-zhong
2026-03-16 06:03:22,065 - SebArtsScraper - INFO - Found event: Pt 1: Modifying Thrown Forms – Focusing on Teapot Making with Ping Zhong — Sebastopol Center For the Arts, California on 2026-04-04 00:00:00
2026-03-16 06:03:24,068 - lib.utils - INFO - Fetching: https://www.sebarts.org/classes-lectures/collage-on-panel-from-start-to-finish-44
2026-03-16 06:03:24,503 - SebArtsScraper - INFO - Found event: Collage on Panel from Start to Finish — Sebastopol Center For the Arts, California on 2026-04-04 00:00:00
2026-03-16 06:03:26,505 - lib.utils - INFO - Fetching: https://www.sebarts.org/classes-lectures/life-drawing-meet-up-apr-2026
2026-03-16 06:03:26,670 - SebArtsScraper - INFO - Found event: Life Drawing Meet-Up — Sebastopol Center For the Arts, California on 2026-04-06 00:00:00
2026-03-16 06:03:28,672 - lib.utils - INFO - Fetching: https://www.sebarts.org/classes-lectures/handbuilding-wednesdays-4/8-4/22-2026
2026-03-16 06:03:28,878 - SebArtsScraper - INFO - Found event: Handbuilding Wednesdays: 4/8 - 4/22, 2026 — Sebastopol Center For the Arts, California on 2026-04-08 00:00:00
2026-03-16 06:03:30,880 - lib.utils - INFO - Fetching: https://www.sebarts.org/classes-lectures/sdff-opening-night-harlan-county
2026-03-16 06:03:31,025 - SebArtsScraper - INFO - Found event: SDFF Opening Night: Lens of Power Award & Harlan County Film Screening — Sebastopol Center For the Arts, California on 2026-04-09 00:00:00
2026-03-16 06:03:33,028 - lib.utils - INFO - Fetching: https://www.sebarts.org/classes-lectures/sebastopol-documentary-film-festival-2026
2026-03-16 06:03:33,286 - SebArtsScraper - INFO - Found event: Sebastopol Documentary Film Festival — Sebastopol Center For the Arts, California on 2026-04-10 00:00:00
2026-03-16 06:03:35,288 - lib.utils - INFO - Fetching: https://www.sebarts.org/classes-lectures/life-drawing-meet-up-apr-2026-n85zc
2026-03-16 06:03:35,435 - SebArtsScraper - INFO - Found event: Life Drawing Meet-Up — Sebastopol Center For the Arts, California on 2026-04-13 00:00:00
2026-03-16 06:03:37,437 - lib.utils - INFO - Fetching: https://www.sebarts.org/classes-lectures/colored-pencil-with-nina-antze-4/14-26
2026-03-16 06:03:37,611 - SebArtsScraper - INFO - Found event: Colored Pencil with Nina Antze — Sebastopol Center For the Arts, California on 2026-04-14 00:00:00
2026-03-16 06:03:39,613 - lib.utils - INFO - Fetching: https://www.sebarts.org/classes-lectures/g49kewzosncno7ddvkbyn1qr53gown
2026-03-16 06:03:39,774 - SebArtsScraper - INFO - Found event: Poetic Medicine: An Instrument for Healing — Sebastopol Center For the Arts, California on 2026-04-14 00:00:00
2026-03-16 06:03:41,777 - lib.utils - INFO - Fetching: https://www.sebarts.org/classes-lectures/xw5g9a1ep2zztqt53xlkqf89y2k5n1
2026-03-16 06:03:41,956 - SebArtsScraper - INFO - Found event: FREE: Branding & Marketing — Sebastopol Center For the Arts, California on 2026-04-16 00:00:00
2026-03-16 06:03:43,958 - lib.utils - INFO - Fetching: https://www.sebarts.org/classes-lectures/intro-to-wheel-throwing-04/17-05/22-2026
2026-03-16 06:03:44,148 - SebArtsScraper - INFO - Found event: Intro to Wheel Throwing: 04/17-05/22 2026 — Sebastopol Center For the Arts, California on 2026-04-17 00:00:00
2026-03-16 06:03:46,150 - lib.utils - INFO - Fetching: https://www.sebarts.org/classes-lectures/spring-botanicals-in-watercolor
2026-03-16 06:03:46,296 - SebArtsScraper - INFO - Found event: Spring Botanicals in Watercolor — Sebastopol Center For the Arts, California on 2026-04-18 00:00:00
2026-03-16 06:03:48,298 - lib.utils - INFO - Fetching: https://www.sebarts.org/classes-lectures/experimental-paper-sculpture-2026
2026-03-16 06:03:48,516 - SebArtsScraper - INFO - Found event: Experimental Paper Sculpture: 4/18-4/19 — Sebastopol Center For the Arts, California on 2026-04-18 00:00:00
2026-03-16 06:03:50,518 - lib.utils - INFO - Fetching: https://www.sebarts.org/classes-lectures/pt-2-glaze-as-a-completion-of-form-with-ping-zhong
2026-03-16 06:03:50,664 - SebArtsScraper - INFO - Found event: Pt 2: Glaze as a Completion of Form with Ping Zhong — Sebastopol Center For the Arts, California on 2026-04-18 00:00:00
2026-03-16 06:03:52,667 - SebArtsScraper - INFO - Found 30 events
2026-03-16 06:03:52,676 - SebArtsScraper - INFO - Written to cities/santarosa/sebarts.ics
2026-03-16 06:03:52,891 - INFO - Fetching: https://santarosaartscenter.org/events/
2026-03-16 06:03:53,223 - WARNING - Request failed, retrying in 1.4s (attempt 1/5)
2026-03-16 06:03:54,616 - INFO - Fetching: https://santarosaartscenter.org/events/
2026-03-16 06:03:54,817 - WARNING - Request failed, retrying in 2.4s (attempt 2/5)
2026-03-16 06:03:57,203 - INFO - Fetching: https://santarosaartscenter.org/events/
2026-03-16 06:03:57,397 - WARNING - Request failed, retrying in 4.1s (attempt 3/5)
2026-03-16 06:04:01,493 - INFO - Fetching: https://santarosaartscenter.org/events/
2026-03-16 06:04:01,734 - WARNING - Request failed, retrying in 8.7s (attempt 4/5)
2026-03-16 06:04:10,452 - INFO - Fetching: https://santarosaartscenter.org/events/
2026-03-16 06:04:10,598 - ERROR - Failed to fetch https://santarosaartscenter.org/events/ after 5 attempts: 415 Client Error: Unsupported Media Type for url: https://santarosaartscenter.org/events/
Traceback (most recent call last):
  File "/home/runner/work/community-calendar/community-calendar/scrapers/santa_rosa_arts_center.py", line 280, in <module>
    main()
  File "/home/runner/work/community-calendar/community-calendar/scrapers/santa_rosa_arts_center.py", line 264, in main
    events = scrape_events(y, m)
  File "/home/runner/work/community-calendar/community-calendar/scrapers/santa_rosa_arts_center.py", line 98, in scrape_events
    html = fetch_with_retry(EVENTS_URL)
  File "/home/runner/work/community-calendar/community-calendar/scrapers/lib/utils.py", line 41, in fetch_with_retry
    response.raise_for_status()
  File "/opt/hostedtoolcache/Python/3.10.20/x64/lib/python3.10/site-packages/requests/models.py", line 960, in raise_for_status
    raise HTTPError(http_error_msg, response=self)
requests.exceptions.HTTPError: 415 Client Error: Unsupported Media Type for url: https://santarosaartscenter.org/events/
2026-03-16 06:04:10,795 - INFO - Fetching: https://www.movingwriting.com/workshops
2026-03-16 06:04:11,006 - INFO - Found: MovingWriting Weekend Workshop on 2026-03-21 14:00:00
2026-03-16 06:04:11,006 - INFO - Found: MovingWriting Women's Circle on 2026-03-06 10:00:00
2026-03-16 06:04:11,006 - INFO - Found 2 events for 2026/03
2026-03-16 06:04:11,006 - INFO - Fetching: https://www.movingwriting.com/workshops
2026-03-16 06:04:11,167 - INFO - Found: MovingWriting Women's Circle on 2026-04-03 10:00:00
2026-03-16 06:04:11,167 - INFO - Found 1 events for 2026/04
2026-03-16 06:04:11,168 - INFO - Wrote cities/santarosa/movingwriting.ics
Fetched 7 events from Legistar
Wrote cities/santarosa/legistar.ics
2026-03-16 06:04:12,188 - SpreckelsScraper - INFO - Scraping Spreckels Performing Arts Center
2026-03-16 06:04:12,188 - SpreckelsScraper - INFO - Fetching https://spreckelsonline.com/wp-json/tribe/events/v1/events
2026-03-16 06:04:12,943 - SpreckelsScraper - INFO - Found: Hands on a Hardbody on 2026-02-13
2026-03-16 06:04:12,944 - SpreckelsScraper - INFO - Found: Hands on a Hardbody on 2026-02-14
2026-03-16 06:04:12,944 - SpreckelsScraper - INFO - Found: Hands on a Hardbody on 2026-02-15
2026-03-16 06:04:12,944 - SpreckelsScraper - INFO - Found: Hands on a Hardbody on 2026-02-19
2026-03-16 06:04:12,944 - SpreckelsScraper - INFO - Found 4 events
2026-03-16 06:04:12,945 - SpreckelsScraper - INFO - Written to cities/santarosa/spreckels.ics
2026-03-16 06:04:13,134 - LagunitasScraper - INFO - Scraping Lagunitas Brewing Company
2026-03-16 06:04:13,134 - LagunitasScraper - INFO - Fetching https://lagunitas.com/taproom/petaluma/
2026-03-16 06:04:13,704 - LagunitasScraper - INFO - Found: Taproom Eats - Cousins Maine Lobster on 2026-03-17 12:00
2026-03-16 06:04:13,704 - LagunitasScraper - INFO - Found: Trivia Night on 2026-03-18 17:30
2026-03-16 06:04:13,705 - LagunitasScraper - INFO - Found: Music Bingo on 2026-03-19 17:30
2026-03-16 06:04:13,705 - LagunitasScraper - INFO - Found: Live Music - Bitter Blues Bands on 2026-03-21 15:30
2026-03-16 06:04:13,705 - LagunitasScraper - INFO - Found: Live Music - Dan Durkin (Solo) on 2026-03-22 14:30
2026-03-16 06:04:13,706 - LagunitasScraper - INFO - Found: Trivia Night on 2026-03-25 17:30
2026-03-16 06:04:13,706 - LagunitasScraper - INFO - Found: Music Bingo on 2026-03-26 17:30
2026-03-16 06:04:13,707 - LagunitasScraper - INFO - Found: Board Game Social Night on 2026-03-27 16:00
2026-03-16 06:04:13,707 - LagunitasScraper - INFO - Found: Live Music - Solid Air Trio on 2026-03-28 15:30
2026-03-16 06:04:13,708 - LagunitasScraper - INFO - Found: Live Music - Nate Lopez on 2026-03-29 14:30
2026-03-16 06:04:13,708 - LagunitasScraper - INFO - Found: Trivia Night on 2026-04-01 17:30
2026-03-16 06:04:13,708 - LagunitasScraper - INFO - Found: Music Bingo on 2026-04-02 17:30
2026-03-16 06:04:13,709 - LagunitasScraper - INFO - Found: Trivia Night on 2026-04-08 17:30
2026-03-16 06:04:13,709 - LagunitasScraper - INFO - Found: Music Bingo on 2026-04-09 17:30
2026-03-16 06:04:13,709 - LagunitasScraper - INFO - Found: Board Game Social Night on 2026-04-24 16:00
2026-03-16 06:04:13,710 - LagunitasScraper - INFO - Found: Mother's Day Tea Party on 2026-05-10 12:00
2026-03-16 06:04:13,710 - LagunitasScraper - INFO - Found: Board Game Social Night on 2026-05-29 16:00
2026-03-16 06:04:13,710 - LagunitasScraper - INFO - Filtered 1 events beyond 2 months out
2026-03-16 06:04:13,710 - LagunitasScraper - INFO - Found 16 events
2026-03-16 06:04:13,713 - LagunitasScraper - INFO - Written to cities/santarosa/lagunitas.ics
2026-03-16 06:04:13,909 - CreativeSonomaScraper - INFO - Scraping Creative Sonoma
2026-03-16 06:04:13,909 - CreativeSonomaScraper - INFO - Fetching page 1: https://creativesonoma.org/event/
2026-03-16 06:04:14,577 - CreativeSonomaScraper - INFO - Found: Ralph Barbosa: The Red 40 Tour on 2026-03-15
2026-03-16 06:04:14,578 - CreativeSonomaScraper - INFO - Found: Art Lounge at the Santa Rosa Arts Center on 2026-03-15
2026-03-16 06:04:14,579 - CreativeSonomaScraper - INFO - Found: Artistry in Wood Tour with Don Jereb on 2026-03-21
2026-03-16 06:04:14,579 - CreativeSonomaScraper - INFO - Found: MovingWriting: Embodied Expressive Writing on 2026-03-21
2026-03-16 06:04:14,580 - CreativeSonomaScraper - INFO - Found: David Nihill: Taking Tangents on 2026-03-22
2026-03-16 06:04:14,580 - CreativeSonomaScraper - INFO - Found: Disney's Descendants: The Musical on 2026-03-16
2026-03-16 06:04:14,581 - CreativeSonomaScraper - INFO - Found: Santa Rosa Symphony - Rossini & Schubert on 2026-03-21
2026-03-16 06:04:14,581 - CreativeSonomaScraper - INFO - Found: Sonoma County Youth Poetry Slam on 2026-03-26
2026-03-16 06:04:14,582 - CreativeSonomaScraper - INFO - Found: Natalie MacMaster, Donnell Leahy and the Celtic All-Stars on 2026-03-26
2026-03-16 06:04:14,582 - CreativeSonomaScraper - INFO - Found: Community Flow @ SlowCo on 2026-03-28
2026-03-16 06:04:14,583 - CreativeSonomaScraper - INFO - Found: Free Family Day with La Mezcla on 2026-03-28
2026-03-16 06:04:14,583 - CreativeSonomaScraper - INFO - Found: The Journey: A Painter's Narrative on 2026-03-15
2026-03-16 06:04:14,584 - CreativeSonomaScraper - INFO - Found: Voices of the Valley and Broken Theatre on 2026-03-28
2026-03-16 06:04:14,585 - CreativeSonomaScraper - INFO - Found: Sonoma International Film Festival on 2026-03-25
2026-03-16 06:04:14,585 - CreativeSonomaScraper - INFO - Found: The Glass Menagerie by Tennessee Williams on 2026-03-15
2026-03-16 06:04:14,586 - CreativeSonomaScraper - INFO - Found: Flora & Fauna - Watercolor Course with Hannah Day at Bohemian Flowers Farm on 2026-03-15
2026-03-16 06:04:14,586 - CreativeSonomaScraper - INFO - Found: Art Exhibit: Celebrating Women on 2026-03-15
2026-03-16 06:04:14,587 - CreativeSonomaScraper - INFO - Found: Pure Imagination: A Broadway Junior Revue on 2026-03-17
2026-03-16 06:04:14,587 - CreativeSonomaScraper - INFO - Found: Art from the Heart on 2026-04-04
2026-03-16 06:04:14,588 - CreativeSonomaScraper - INFO - Found: Becky Robinson on 2026-04-04
2026-03-16 06:04:14,588 - CreativeSonomaScraper - INFO - Found: Easter at the Fairgrounds on 2026-04-05
2026-03-16 06:04:14,589 - CreativeSonomaScraper - INFO - Found: Amy Goodman on 2026-04-07
2026-03-16 06:04:14,589 - CreativeSonomaScraper - INFO - Found: Emmet Cohen presents: Miles and Coltrane at 100 on 2026-04-10
2026-03-16 06:04:14,590 - CreativeSonomaScraper - INFO - Found: Classical Impressions: Music of the Fin de Siècle on 2026-04-11
2026-03-16 06:04:14,590 - CreativeSonomaScraper - INFO - Found: Santa Rosa Symphony - Celebrate America! on 2026-04-12
2026-03-16 06:04:14,590 - CreativeSonomaScraper - INFO - Fetching page 2: https://creativesonoma.org/event/?page=2
2026-03-16 06:04:15,334 - CreativeSonomaScraper - INFO - Found: Emmylou Harris on 2026-04-17
2026-03-16 06:04:15,335 - CreativeSonomaScraper - INFO - Found: Acorn MusEcology Project Bell Weather III concerts on 2026-04-18
2026-03-16 06:04:15,336 - CreativeSonomaScraper - INFO - Found: Outback Presents Justin Willman: One for the Ages Tour on 2026-04-18
2026-03-16 06:04:15,336 - CreativeSonomaScraper - INFO - Found: Acorn MusEcology Project Bell Weather III concerts on 2026-04-19
2026-03-16 06:04:15,336 - CreativeSonomaScraper - INFO - Found: Painting Workshop with Maria De Los Angeles on 2026-04-19
2026-03-16 06:04:15,337 - CreativeSonomaScraper - INFO - Found: Sonoma Guitar Series New Century Chamber Orchestra on 2026-04-23
2026-03-16 06:04:15,337 - CreativeSonomaScraper - INFO - Found: Gary Owen: No Hard Feelings Tour on 2026-04-24
2026-03-16 06:04:15,338 - CreativeSonomaScraper - INFO - Found: Ukulele Orchestra of Great Britain on 2026-04-26
2026-03-16 06:04:15,338 - CreativeSonomaScraper - INFO - Found: Old Wine, New Bottle on 2026-04-26
2026-03-16 06:04:15,339 - CreativeSonomaScraper - INFO - Found: Por la Luz de la Luna: A Mexican Ballet on 2026-04-25
2026-03-16 06:04:15,339 - CreativeSonomaScraper - INFO - Found: Maija Peeples-Bright: Life is Just a Bowl of Terriers on 2026-03-15
2026-03-16 06:04:15,340 - CreativeSonomaScraper - INFO - Found: The Art Of Acrylics on 2026-03-18
2026-03-16 06:04:15,340 - CreativeSonomaScraper - INFO - Found: Visiting Artist Lecture Series at Sonoma State University on 2026-03-19
2026-03-16 06:04:15,341 - CreativeSonomaScraper - INFO - Found: Healdsburg Jazz Spring Jam Fundraiser on 2026-05-01
2026-03-16 06:04:15,341 - CreativeSonomaScraper - INFO - Found: Santa Rosa Symphony - Shakespeare in Music on 2026-05-02
2026-03-16 06:04:15,342 - CreativeSonomaScraper - INFO - Found: An Evening with David Sedaris on 2026-05-08
2026-03-16 06:04:15,342 - CreativeSonomaScraper - INFO - Found: Sonoma Storytellers - women's writing retreat on 2026-05-05
2026-03-16 06:04:15,343 - CreativeSonomaScraper - INFO - Found: Bobby Rush & North Mississippi Allstars on 2026-05-09
2026-03-16 06:04:15,343 - CreativeSonomaScraper - INFO - Found: Native Arts Festival on 2026-05-09
2026-03-16 06:04:15,344 - CreativeSonomaScraper - INFO - Found: Matsuri! Japanese Arts Festival on 2026-05-17
2026-03-16 06:04:15,344 - CreativeSonomaScraper - INFO - Found: Mixed Media Painting on 2026-03-24
2026-03-16 06:04:15,345 - CreativeSonomaScraper - INFO - Found: Paul Anka: A Man and His Music on 2026-05-21
2026-03-16 06:04:15,345 - CreativeSonomaScraper - INFO - Found: Pond Farm Artist in Residence 2026 on 2026-05-01
2026-03-16 06:04:15,346 - CreativeSonomaScraper - INFO - Found: Drawing and Composition on 2026-03-20
2026-03-16 06:04:15,346 - CreativeSonomaScraper - INFO - Found: Voces y Pasos: A Cultural Celebration on 2026-05-28
2026-03-16 06:04:15,346 - CreativeSonomaScraper - INFO - Fetching page 3: https://creativesonoma.org/event/?page=3
2026-03-16 06:04:15,967 - CreativeSonomaScraper - INFO - Found: Miles Davis at 100: A Centennial Celebration on 2026-05-30
2026-03-16 06:04:15,968 - CreativeSonomaScraper - INFO - Found: Santa Rosa Symphony - Road to 100, Year 3 on 2026-05-31
2026-03-16 06:04:15,968 - CreativeSonomaScraper - INFO - Found: Emergence - Spring Through the Eyes of the Artists on 2026-03-15
2026-03-16 06:04:15,969 - CreativeSonomaScraper - INFO - Found: Family Art Lab on 2026-03-25
2026-03-16 06:04:15,969 - CreativeSonomaScraper - INFO - Found: I’m With Her on 2026-06-06
2026-03-16 06:04:15,970 - CreativeSonomaScraper - INFO - Found: The Australian Pink Floyd Show on 2026-08-08
2026-03-16 06:04:15,970 - CreativeSonomaScraper - INFO - Found: An Evening with the Rush Tribute Project on 2026-10-15
2026-03-16 06:04:15,971 - CreativeSonomaScraper - INFO - Found: Leonid & Friends on 2026-11-07
2026-03-16 06:04:15,971 - CreativeSonomaScraper - INFO - Found: Brad Williams: The Tall Tales Tour on 2026-11-29
2026-03-16 06:04:15,971 - CreativeSonomaScraper - INFO - Fetching page 4: https://creativesonoma.org/event/?page=4
2026-03-16 06:04:16,470 - CreativeSonomaScraper - INFO - No events on page 4, stopping
2026-03-16 06:04:16,470 - CreativeSonomaScraper - INFO - Filtered 10 events beyond 2 months out
2026-03-16 06:04:16,470 - CreativeSonomaScraper - INFO - Found 49 events
2026-03-16 06:04:16,487 - CreativeSonomaScraper - INFO - Written to cities/santarosa/creative_sonoma.ics
2026-03-16 06:04:16,682 - CinnabarScraper - INFO - Scraping Cinnabar Theater
2026-03-16 06:04:16,682 - CinnabarScraper - INFO - Fetching https://cinnabartheater.org/shows/
Traceback (most recent call last):
  File "/home/runner/work/community-calendar/community-calendar/scrapers/cinnabar.py", line 115, in <module>
    CinnabarScraper.main()
  File "/home/runner/work/community-calendar/community-calendar/scrapers/lib/base.py", line 163, in main
    scraper.run(args.output)
  File "/home/runner/work/community-calendar/community-calendar/scrapers/lib/base.py", line 126, in run
    events = self.fetch_events()
  File "/home/runner/work/community-calendar/community-calendar/scrapers/cinnabar.py", line 36, in fetch_events
    response.raise_for_status()
  File "/opt/hostedtoolcache/Python/3.10.20/x64/lib/python3.10/site-packages/requests/models.py", line 960, in raise_for_status
    raise HTTPError(http_error_msg, response=self)
requests.exceptions.HTTPError: 415 Client Error: Unsupported Media Type for url: https://cinnabartheater.org/shows/
2026-03-16 06:04:17,116 - GreenMusicCenterScraper - INFO - Scraping Green Music Center
2026-03-16 06:04:17,116 - GreenMusicCenterScraper - INFO - Fetching https://gmc.sonoma.edu/all-events/
2026-03-16 06:04:17,497 - GreenMusicCenterScraper - INFO - Found: Rossini & Schubert on 2026-03-21
2026-03-16 06:04:17,498 - GreenMusicCenterScraper - INFO - Found: Natalie MacMaster, Donnell Leahyand the Celtic All-Stars on 2026-03-26
2026-03-16 06:04:17,499 - GreenMusicCenterScraper - INFO - Found: Free Family Day with La Mezcla on 2026-03-28
2026-03-16 06:04:17,500 - GreenMusicCenterScraper - INFO - Found: Amy Goodman on 2026-04-07
2026-03-16 06:04:17,502 - GreenMusicCenterScraper - INFO - Found: Emmet Cohen presents:Miles and Coltrane at 100 on 2026-04-10
2026-03-16 06:04:17,503 - GreenMusicCenterScraper - INFO - Found: Sonoma BachJohannes Brahms and the Geometry of Hope on 2026-04-11
2026-03-16 06:04:17,504 - GreenMusicCenterScraper - INFO - Found: Celebrate America! on 2026-04-12
2026-03-16 06:04:17,505 - GreenMusicCenterScraper - INFO - Found: Sonoma Guitar SeriesNew Century Chamber Orchestra on 2026-04-23
2026-03-16 06:04:17,506 - GreenMusicCenterScraper - INFO - Found: Ukulele Orchestra of Great Britain on 2026-04-26
2026-03-16 06:04:17,507 - GreenMusicCenterScraper - INFO - Found: Shakespeare in Music on 2026-05-02
2026-03-16 06:04:17,507 - GreenMusicCenterScraper - INFO - Found 10 events
2026-03-16 06:04:17,509 - GreenMusicCenterScraper - INFO - Written to cities/santarosa/green_music_center.ics
2026-03-16 06:04:24,047 - JackLondonParkScraper - INFO - Scraping Jack London State Historic Park
2026-03-16 06:04:24,047 - JackLondonParkScraper - INFO - Fetching https://jacklondonpark.com/events/
2026-03-16 06:05:01,582 - JackLondonParkScraper - INFO - Filtered 3 events beyond 2 months out
2026-03-16 06:05:01,583 - JackLondonParkScraper - INFO - Found 6 events
2026-03-16 06:05:01,584 - JackLondonParkScraper - INFO - Written to cities/santarosa/jack_london_park.ics
2026-03-16 06:05:13,166 - INFO - Processing meetup_amorc.ics...
2026-03-16 06:05:13,167 - INFO -   Fetching image for: https://www.meetup.com/amorc-santa-rosa-pronaos/events/313743639/
2026-03-16 06:05:13,975 - INFO -     -> https://secure.meetupstatic.com/photos/event/c/1/a/4/600_533149572.jpeg
2026-03-16 06:05:13,975 - INFO -   Fetching image for: https://www.meetup.com/amorc-santa-rosa-pronaos/events/313744162/
2026-03-16 06:05:14,804 - INFO -     -> https://secure.meetupstatic.com/photos/event/c/3/6/4/600_533150020.jpeg
2026-03-16 06:05:14,805 - INFO -   Fetching image for: https://www.meetup.com/amorc-santa-rosa-pronaos/events/313743827/
2026-03-16 06:05:15,843 - INFO -     -> https://secure.meetupstatic.com/photos/event/c/1/c/1/600_533149601.jpeg
2026-03-16 06:05:15,843 - INFO -   Fetching image for: https://www.meetup.com/amorc-santa-rosa-pronaos/events/313744094/
2026-03-16 06:05:18,493 - INFO -     -> https://secure.meetupstatic.com/photos/event/c/3/c/9/600_533150121.jpeg
2026-03-16 06:05:18,493 - INFO -   Fetching image for: https://www.meetup.com/amorc-santa-rosa-pronaos/events/313724123/
2026-03-16 06:05:19,438 - INFO -     -> https://secure.meetupstatic.com/photos/event/9/c/9/c/600_498880092.jpeg
2026-03-16 06:05:19,438 - INFO -   Fetching image for: https://www.meetup.com/amorc-santa-rosa-pronaos/events/nwvqpsyjchbhb/
2026-03-16 06:05:20,283 - INFO -     -> https://secure.meetupstatic.com/photos/event/9/c/9/c/600_498880092.jpeg
2026-03-16 06:05:20,283 - INFO -   Fetching image for: https://www.meetup.com/amorc-santa-rosa-pronaos/events/nwvqpsyjcjbdb/
2026-03-16 06:05:21,096 - INFO -     -> https://secure.meetupstatic.com/photos/event/9/c/9/c/600_498880092.jpeg
2026-03-16 06:05:21,096 - INFO -   Fetching image for: https://www.meetup.com/amorc-santa-rosa-pronaos/events/nwvqpsyjckbkb/
2026-03-16 06:05:21,914 - INFO -     -> https://secure.meetupstatic.com/photos/event/9/c/9/c/600_498880092.jpeg
2026-03-16 06:05:21,915 - INFO -   Fetching image for: https://www.meetup.com/amorc-santa-rosa-pronaos/events/nwvqpsyjclbgb/
2026-03-16 06:05:22,699 - INFO -     -> https://secure.meetupstatic.com/photos/event/9/c/9/c/600_498880092.jpeg
2026-03-16 06:05:22,699 - INFO -   Fetching image for: https://www.meetup.com/amorc-santa-rosa-pronaos/events/nwvqpsyjcmbcb/
2026-03-16 06:05:23,559 - INFO -     -> https://secure.meetupstatic.com/photos/event/9/c/9/c/600_498880092.jpeg
2026-03-16 06:05:23,560 - INFO - meetup_amorc.ics: added 10 image(s)
2026-03-16 06:05:23,560 - INFO - Processing meetup_boomers.ics...
2026-03-16 06:05:23,560 - INFO - meetup_boomers.ics: no new images
2026-03-16 06:05:23,560 - INFO - Processing meetup_creativity.ics...
2026-03-16 06:05:23,560 - INFO -   Fetching image for: https://www.meetup.com/santa-rosa-womens-creativity-collective/events/312932763/
2026-03-16 06:05:24,364 - INFO -     -> https://secure.meetupstatic.com/photos/event/8/6/6/0/600_532294400.jpeg
2026-03-16 06:05:24,365 - INFO -   Fetching image for: https://www.meetup.com/santa-rosa-womens-creativity-collective/events/313108037/
2026-03-16 06:05:25,152 - INFO -     -> https://secure.meetupstatic.com/photos/event/8/7/c/f/600_532294767.jpeg
2026-03-16 06:05:25,152 - INFO - meetup_creativity.ics: added 2 image(s)
2026-03-16 06:05:25,152 - INFO - Processing meetup_go_wild_hikers.ics...
2026-03-16 06:05:25,153 - INFO -   Fetching image for: https://www.meetup.com/sonoma-county-go-wild-hikers/events/313686476/
2026-03-16 06:05:25,990 - INFO -     -> https://secure.meetupstatic.com/photos/event/2/7/1/c/600_500230012.jpeg
2026-03-16 06:05:25,990 - INFO -   Fetching image for: https://www.meetup.com/sonoma-county-go-wild-hikers/events/313771755/
2026-03-16 06:05:26,799 - INFO -     -> https://secure.meetupstatic.com/photos/event/d/6/1/2/600_531774802.jpeg
2026-03-16 06:05:26,799 - INFO - meetup_go_wild_hikers.ics: added 2 image(s)
2026-03-16 06:05:26,799 - INFO - Processing meetup_sarogn.ics...
2026-03-16 06:05:26,799 - INFO -   Fetching image for: https://www.meetup.com/sarogn/events/313582126/
2026-03-16 06:05:27,589 - INFO -     No image found
2026-03-16 06:05:27,589 - INFO -   Fetching image for: https://www.meetup.com/sarogn/events/313707854/
2026-03-16 06:05:28,380 - INFO -     No image found
2026-03-16 06:05:28,380 - INFO -   Fetching image for: https://www.meetup.com/sarogn/events/hhtwvtyjchbvb/
2026-03-16 06:05:29,176 - INFO -     No image found
2026-03-16 06:05:29,176 - INFO -   Fetching image for: https://www.meetup.com/sarogn/events/hhtwvtyjcjbbc/
2026-03-16 06:05:30,006 - INFO -     No image found
2026-03-16 06:05:30,007 - INFO -   Fetching image for: https://www.meetup.com/sarogn/events/hhtwvtyjckbxb/
2026-03-16 06:05:30,781 - INFO -     No image found
2026-03-16 06:05:30,782 - INFO -   Fetching image for: https://www.meetup.com/sarogn/events/hhtwvtyjclbtb/
2026-03-16 06:05:31,549 - INFO -     No image found
2026-03-16 06:05:31,549 - INFO - meetup_sarogn.ics: no new images
2026-03-16 06:05:31,549 - INFO - Processing meetup_scottish_dancing.ics...
2026-03-16 06:05:31,549 - INFO -   Fetching image for: https://www.meetup.com/scottish-country-dancing/events/313517144/
2026-03-16 06:05:32,325 - INFO -     -> https://secure.meetupstatic.com/photos/event/2/9/e/3/600_515710723.jpeg
2026-03-16 06:05:32,325 - INFO -   Fetching image for: https://www.meetup.com/scottish-country-dancing/events/313628578/
2026-03-16 06:05:33,114 - INFO -     -> https://secure.meetupstatic.com/photos/event/2/9/e/3/600_515710723.jpeg
2026-03-16 06:05:33,114 - INFO -   Fetching image for: https://www.meetup.com/scottish-country-dancing/events/313738587/
2026-03-16 06:05:34,361 - INFO -     -> https://secure.meetupstatic.com/photos/event/2/9/e/3/600_515710723.jpeg
2026-03-16 06:05:34,362 - INFO -   Fetching image for: https://www.meetup.com/scottish-country-dancing/events/rnkxgtyjcgbjb/
2026-03-16 06:05:35,159 - INFO -     -> https://secure.meetupstatic.com/photos/event/2/9/e/3/600_515710723.jpeg
2026-03-16 06:05:35,159 - INFO -   Fetching image for: https://www.meetup.com/scottish-country-dancing/events/rnkxgtyjcgbrb/
2026-03-16 06:05:36,607 - INFO -     -> https://secure.meetupstatic.com/photos/event/2/9/e/3/600_515710723.jpeg
2026-03-16 06:05:36,607 - INFO -   Fetching image for: https://www.meetup.com/scottish-country-dancing/events/rnkxgtyjcgbbc/
2026-03-16 06:05:37,379 - INFO -     -> https://secure.meetupstatic.com/photos/event/2/9/e/3/600_515710723.jpeg
2026-03-16 06:05:37,379 - INFO -   Fetching image for: https://www.meetup.com/scottish-country-dancing/events/rnkxgtyjcgbkc/
2026-03-16 06:05:38,664 - INFO -     -> https://secure.meetupstatic.com/photos/event/2/9/e/3/600_515710723.jpeg
2026-03-16 06:05:38,665 - INFO -   Fetching image for: https://www.meetup.com/scottish-country-dancing/events/rnkxgtyjchbgb/
2026-03-16 06:05:39,560 - INFO -     -> https://secure.meetupstatic.com/photos/event/2/9/e/3/600_515710723.jpeg
2026-03-16 06:05:39,560 - INFO -   Fetching image for: https://www.meetup.com/scottish-country-dancing/events/rnkxgtyjchbpb/
2026-03-16 06:05:40,520 - INFO -     -> https://secure.meetupstatic.com/photos/event/2/9/e/3/600_515710723.jpeg
2026-03-16 06:05:40,520 - INFO -   Fetching image for: https://www.meetup.com/scottish-country-dancing/events/rnkxgtyjchbxb/
2026-03-16 06:05:41,333 - INFO -     -> https://secure.meetupstatic.com/photos/event/2/9/e/3/600_515710723.jpeg
2026-03-16 06:05:41,333 - INFO - meetup_scottish_dancing.ics: added 10 image(s)
2026-03-16 06:05:41,333 - INFO - Processing meetup_shutupandwrite.ics...
2026-03-16 06:05:41,334 - INFO -   Fetching image for: https://www.meetup.com/shutupandwritewinecountry/events/313494469/
2026-03-16 06:05:42,155 - INFO -     -> https://secure.meetupstatic.com/photos/event/5/1/2/1/600_518660769.jpeg
2026-03-16 06:05:42,155 - INFO -   Fetching image for: https://www.meetup.com/shutupandwritewinecountry/events/313546096/
2026-03-16 06:05:42,996 - INFO -     -> https://secure.meetupstatic.com/photos/event/9/c/b/f/600_505180127.jpeg
2026-03-16 06:05:42,996 - INFO -   Fetching image for: https://www.meetup.com/shutupandwritewinecountry/events/313561368/
2026-03-16 06:05:43,774 - INFO -     -> https://secure.meetupstatic.com/photos/event/5/1/2/1/600_518660769.jpeg
2026-03-16 06:05:43,774 - INFO -   Fetching image for: https://www.meetup.com/shutupandwritewinecountry/events/313578916/
2026-03-16 06:05:44,643 - INFO -     -> https://secure.meetupstatic.com/photos/event/3/3/a/2/600_495253218.jpeg
2026-03-16 06:05:44,643 - INFO -   Fetching image for: https://www.meetup.com/shutupandwritewinecountry/events/313582323/
2026-03-16 06:05:45,452 - INFO -     -> https://secure.meetupstatic.com/photos/event/5/1/2/1/600_518660769.jpeg
2026-03-16 06:05:45,452 - INFO -   Fetching image for: https://www.meetup.com/shutupandwritewinecountry/events/313656267/
2026-03-16 06:05:46,295 - INFO -     -> https://secure.meetupstatic.com/photos/event/9/c/b/f/600_505180127.jpeg
2026-03-16 06:05:46,295 - INFO -   Fetching image for: https://www.meetup.com/shutupandwritewinecountry/events/313598396/
2026-03-16 06:05:47,085 - INFO -     -> https://secure.meetupstatic.com/photos/event/5/1/2/1/600_518660769.jpeg
2026-03-16 06:05:47,085 - INFO -   Fetching image for: https://www.meetup.com/shutupandwritewinecountry/events/313687265/
2026-03-16 06:05:47,889 - INFO -     -> https://secure.meetupstatic.com/photos/event/3/3/a/2/600_495253218.jpeg
2026-03-16 06:05:47,889 - INFO -   Fetching image for: https://www.meetup.com/shutupandwritewinecountry/events/313582324/
2026-03-16 06:05:48,712 - INFO -     -> https://secure.meetupstatic.com/photos/event/5/1/2/1/600_518660769.jpeg
2026-03-16 06:05:48,712 - INFO -   Fetching image for: https://www.meetup.com/shutupandwritewinecountry/events/cpchwtyjcgbcb/
2026-03-16 06:05:49,510 - INFO -     -> https://secure.meetupstatic.com/photos/event/9/c/b/f/600_505180127.jpeg
2026-03-16 06:05:49,511 - INFO - meetup_shutupandwrite.ics: added 10 image(s)
2026-03-16 06:05:49,511 - INFO - Processing meetup_toastmasters.ics...
2026-03-16 06:05:49,511 - INFO -   Fetching image for: https://www.meetup.com/santa-rosa-toastmasters-public-speaking-meetup-group/events/312831087/
2026-03-16 06:05:50,264 - INFO -     -> https://secure.meetupstatic.com/photos/event/5/2/9/c/600_527841148.jpeg
2026-03-16 06:05:50,265 - INFO -   Fetching image for: https://www.meetup.com/santa-rosa-toastmasters-public-speaking-meetup-group/events/312831092/
2026-03-16 06:05:51,146 - INFO -     -> https://secure.meetupstatic.com/photos/event/5/2/9/c/600_527841148.jpeg
2026-03-16 06:05:51,146 - INFO -   Fetching image for: https://www.meetup.com/santa-rosa-toastmasters-public-speaking-meetup-group/events/312831095/
2026-03-16 06:05:51,968 - INFO -     -> https://secure.meetupstatic.com/photos/event/5/2/9/c/600_527841148.jpeg
2026-03-16 06:05:51,968 - INFO -   Fetching image for: https://www.meetup.com/santa-rosa-toastmasters-public-speaking-meetup-group/events/312831097/
2026-03-16 06:05:53,100 - INFO -     -> https://secure.meetupstatic.com/photos/event/5/2/9/c/600_527841148.jpeg
2026-03-16 06:05:53,100 - INFO -   Fetching image for: https://www.meetup.com/santa-rosa-toastmasters-public-speaking-meetup-group/events/312831098/
2026-03-16 06:05:54,096 - INFO -     -> https://secure.meetupstatic.com/photos/event/5/2/9/c/600_527841148.jpeg
2026-03-16 06:05:54,097 - INFO -   Fetching image for: https://www.meetup.com/santa-rosa-toastmasters-public-speaking-meetup-group/events/312831101/
2026-03-16 06:05:55,966 - INFO -     -> https://secure.meetupstatic.com/photos/event/5/2/9/c/600_527841148.jpeg
2026-03-16 06:05:55,967 - INFO -   Fetching image for: https://www.meetup.com/santa-rosa-toastmasters-public-speaking-meetup-group/events/312831105/
2026-03-16 06:05:56,776 - INFO -     -> https://secure.meetupstatic.com/photos/event/5/2/9/c/600_527841148.jpeg
2026-03-16 06:05:56,776 - INFO -   Fetching image for: https://www.meetup.com/santa-rosa-toastmasters-public-speaking-meetup-group/events/312831107/
2026-03-16 06:05:57,550 - INFO -     -> https://secure.meetupstatic.com/photos/event/5/2/9/c/600_527841148.jpeg
2026-03-16 06:05:57,550 - INFO -   Fetching image for: https://www.meetup.com/santa-rosa-toastmasters-public-speaking-meetup-group/events/312831108/
2026-03-16 06:05:58,343 - INFO -     -> https://secure.meetupstatic.com/photos/event/5/2/9/c/600_527841148.jpeg
2026-03-16 06:05:58,343 - INFO -   Fetching image for: https://www.meetup.com/santa-rosa-toastmasters-public-speaking-meetup-group/events/312831109/
2026-03-16 06:05:59,174 - INFO -     -> https://secure.meetupstatic.com/photos/event/5/2/9/c/600_527841148.jpeg
2026-03-16 06:05:59,175 - INFO - meetup_toastmasters.ics: added 10 image(s)
2026-03-16 06:05:59,175 - INFO - Processing meetup_womens_wine_club.ics...
2026-03-16 06:05:59,175 - INFO -   Fetching image for: https://www.meetup.com/sonoma-county-womens-wine-club/events/313390399/
2026-03-16 06:06:00,029 - INFO -     -> https://secure.meetupstatic.com/photos/event/9/7/7/f/600_532778783.jpeg
2026-03-16 06:06:00,030 - INFO -   Fetching image for: https://www.meetup.com/sonoma-county-womens-wine-club/events/312553957/
2026-03-16 06:06:00,803 - INFO -     -> https://secure.meetupstatic.com/photos/event/1/8/7/a/600_484026266.jpeg
2026-03-16 06:06:00,804 - INFO -   Fetching image for: https://www.meetup.com/sonoma-county-womens-wine-club/events/312554051/
2026-03-16 06:06:01,596 - INFO -     -> https://secure.meetupstatic.com/photos/event/d/3/e/c/600_497694252.jpeg
2026-03-16 06:06:01,596 - INFO -   Fetching image for: https://www.meetup.com/sonoma-county-womens-wine-club/events/313452848/
2026-03-16 06:06:04,255 - INFO -     -> https://secure.meetupstatic.com/photos/event/9/e/6/5/600_533140549.jpeg
2026-03-16 06:06:04,255 - INFO -   Fetching image for: https://www.meetup.com/sonoma-county-womens-wine-club/events/312553959/
2026-03-16 06:06:05,067 - INFO -     -> https://secure.meetupstatic.com/photos/event/1/8/7/a/600_484026266.jpeg
2026-03-16 06:06:05,068 - INFO -   Fetching image for: https://www.meetup.com/sonoma-county-womens-wine-club/events/313060290/
2026-03-16 06:06:06,327 - INFO -     -> https://secure.meetupstatic.com/photos/event/1/4/1/3/600_532445139.jpeg
2026-03-16 06:06:06,328 - INFO -   Fetching image for: https://www.meetup.com/sonoma-county-womens-wine-club/events/312553961/
2026-03-16 06:06:07,176 - INFO -     -> https://secure.meetupstatic.com/photos/event/1/8/7/a/600_484026266.jpeg
2026-03-16 06:06:07,176 - INFO -   Fetching image for: https://www.meetup.com/sonoma-county-womens-wine-club/events/312553964/
2026-03-16 06:06:08,251 - INFO -     -> https://secure.meetupstatic.com/photos/event/1/8/7/a/600_484026266.jpeg
2026-03-16 06:06:08,251 - INFO - meetup_womens_wine_club.ics: added 8 image(s)
2026-03-16 06:06:08,251 - INFO - Processing meetup_yoga.ics...
2026-03-16 06:06:08,251 - INFO - meetup_yoga.ics: no new images
2026-03-16 06:06:08,251 - INFO - Done. Total images added: 52
2026-03-16 06:06:09,369 - LibraryScraper - INFO - Scraping Bloomington Library
2026-03-16 06:06:09,369 - LibraryScraper - INFO - Scraping page 1
2026-03-16 06:06:11,265 - LibraryScraper - INFO - Found event: Fun Friday Story Time on 2026-03-20 10:00:00-04:00
2026-03-16 06:06:11,266 - LibraryScraper - INFO - Found event: Bookmobile to Wingover on 2026-03-20 10:30:00-04:00
2026-03-16 06:06:11,266 - LibraryScraper - INFO - Found event: Bookmobile to Somerset Court on 2026-03-20 12:15:00-04:00
2026-03-16 06:06:11,267 - LibraryScraper - INFO - Found event: Bookmobile to Crestwicke on 2026-03-21 08:45:00-04:00
2026-03-16 06:06:11,267 - LibraryScraper - INFO - Found event: National Quilt Day Quilt-In on 2026-03-21 09:00:00-04:00
2026-03-16 06:06:11,267 - LibraryScraper - INFO - Found event: Super Saturday Story Time on 2026-03-21 10:00:00-04:00
2026-03-16 06:06:11,268 - LibraryScraper - INFO - Found event: Bookmobile to Viking Brews on 2026-03-21 10:15:00-04:00
2026-03-16 06:06:11,268 - LibraryScraper - INFO - Found event: BPL On-the-Go Pop-Up on 2026-03-21 10:15:00-04:00
2026-03-16 06:06:11,269 - LibraryScraper - INFO - Found event: Bookmobile to White Eagle on 2026-03-21 12:15:00-04:00
2026-03-16 06:06:11,269 - LibraryScraper - INFO - Found event: Watercolor Cherry Blossoms Painting on 2026-03-22 14:00:00-04:00
2026-03-16 06:06:11,269 - LibraryScraper - INFO - Found event: Bookmobile to Tracy Drive on 2026-03-23 15:30:00-04:00
2026-03-16 06:06:11,270 - LibraryScraper - INFO - Found event: Bookmobile to Grove on 2026-03-23 17:30:00-04:00
2026-03-16 06:06:11,270 - LibraryScraper - INFO - Found event: Bookmobile to Eagle View on 2026-03-23 19:45:00-04:00
2026-03-16 06:06:11,271 - LibraryScraper - INFO - Found event: Teen Spring Break Movie and Craft on 2026-03-24 14:00:00-04:00
2026-03-16 06:06:11,271 - LibraryScraper - INFO - Found event: Bookmobile to Four Seasons on 2026-03-24 15:15:00-04:00
2026-03-16 06:06:11,271 - LibraryScraper - INFO - Found event: Upcycled Book Bags on 2026-03-24 16:00:00-04:00
2026-03-16 06:06:11,272 - LibraryScraper - INFO - Found event: Bookmobile to Oakwood on 2026-03-24 17:30:00-04:00
2026-03-16 06:06:11,272 - LibraryScraper - INFO - Found event: Family Art Night on 2026-03-24 18:00:00-04:00
2026-03-16 06:06:11,272 - LibraryScraper - INFO - Found event: Bookmobile to Laesch Acres on 2026-03-24 19:30:00-04:00
2026-03-16 06:06:11,273 - LibraryScraper - INFO - Found event: Cardboard Arcade on 2026-03-25 11:00:00-04:00
2026-03-16 06:06:11,273 - LibraryScraper - INFO - Found event: Teen Writing Workshop on 2026-03-25 12:00:00-04:00
2026-03-16 06:06:11,273 - LibraryScraper - INFO - Found event: Bookmobile to Wine Way on 2026-03-25 15:15:00-04:00
2026-03-16 06:06:11,274 - LibraryScraper - INFO - Found event: Bookmobile to North Pointe on 2026-03-25 17:30:00-04:00
2026-03-16 06:06:11,274 - LibraryScraper - INFO - Scraping page 2
2026-03-16 06:06:13,125 - LibraryScraper - INFO - Found event: Bookmobile to Eagle Crest on 2026-03-25 19:30:00-04:00
2026-03-16 06:06:13,126 - LibraryScraper - INFO - Found event: Book Brunch Club on 2026-03-26 10:00:00-04:00
2026-03-16 06:06:13,126 - LibraryScraper - INFO - Found event: Spring Printmaking on 2026-03-26 10:00:00-04:00
2026-03-16 06:06:13,126 - LibraryScraper - INFO - Found event: Tummy Time Play on 2026-03-26 14:00:00-04:00
2026-03-16 06:06:13,127 - LibraryScraper - INFO - Found event: Teen Spring Break Movie and a Craft on 2026-03-26 14:00:00-04:00
2026-03-16 06:06:13,127 - LibraryScraper - INFO - Found event: Bookmobile to Meadows on 2026-03-26 14:45:00-04:00
2026-03-16 06:06:13,127 - LibraryScraper - INFO - Found event: Bookmobile to Wingover on 2026-03-26 17:30:00-04:00
2026-03-16 06:06:13,127 - LibraryScraper - INFO - Found event: Super-Pooping Worm Spectacular! on 2026-03-27 10:00:00-04:00
2026-03-16 06:06:13,128 - LibraryScraper - INFO - Found event: Bookmobile to Rowe Drive on 2026-03-27 10:30:00-04:00
2026-03-16 06:06:13,128 - LibraryScraper - INFO - Found event: Bookmobile to Spring Ridge on 2026-03-27 12:15:00-04:00
2026-03-16 06:06:13,128 - LibraryScraper - INFO - Found event: Bookmobile to Deer Ridge on 2026-03-28 09:00:00-04:00
2026-03-16 06:06:13,129 - LibraryScraper - INFO - Found event: Nomad Theatre Presents: Pop-Up HERStory on 2026-03-28 09:30:00-04:00
2026-03-16 06:06:13,129 - LibraryScraper - INFO - Found event: Bookmobile to Pepper Ridge on 2026-03-28 10:30:00-04:00
2026-03-16 06:06:13,129 - LibraryScraper - INFO - Found event: Bookmobile to Phillip Place on 2026-03-28 12:30:00-04:00
2026-03-16 06:06:13,129 - LibraryScraper - INFO - Found event: RC Cars for Kids on 2026-03-28 15:00:00-04:00
2026-03-16 06:06:13,130 - LibraryScraper - INFO - Found event: Nomad Theatre Presents: Pop-Up HERStory on 2026-03-29 13:30:00-04:00
2026-03-16 06:06:13,130 - LibraryScraper - INFO - Found event: Bookmobile to Ekstam Drive on 2026-03-30 15:15:00-04:00
2026-03-16 06:06:13,130 - LibraryScraper - INFO - Found event: Bookmobile to Rollingbrook South on 2026-03-30 17:30:00-04:00
2026-03-16 06:06:13,130 - LibraryScraper - INFO - Found event: Colon Cancer Awareness on 2026-03-30 18:00:00-04:00
2026-03-16 06:06:13,131 - LibraryScraper - INFO - Found event: Bookmobile to Harvest Pointe on 2026-03-30 19:15:00-04:00
2026-03-16 06:06:13,131 - LibraryScraper - INFO - Found event: Lapsit Story Time on 2026-03-31 10:00:00-04:00
2026-03-16 06:06:13,131 - LibraryScraper - INFO - Found event: Bookmobile to Holton Homes on 2026-03-31 15:30:00-04:00
2026-03-16 06:06:13,132 - LibraryScraper - INFO - Found event: Bookmobile to Eagle Creek on 2026-03-31 17:30:00-04:00
2026-03-16 06:06:13,132 - LibraryScraper - INFO - Found event: Lapsit Story Time on 2026-03-31 18:00:00-04:00
2026-03-16 06:06:13,132 - LibraryScraper - INFO - Scraping page 3
2026-03-16 06:06:14,889 - LibraryScraper - INFO - Found event: Bookmobile to Tipton Trails on 2026-03-31 19:30:00-04:00
2026-03-16 06:06:14,890 - LibraryScraper - INFO - Found event: Preschool Story Time on 2026-04-01 10:00:00-04:00
2026-03-16 06:06:14,890 - LibraryScraper - INFO - Found event: Midweek Movie on 2026-04-01 13:00:00-04:00
2026-03-16 06:06:14,891 - LibraryScraper - INFO - Found event: Bookmobile to Arcadia Drive on 2026-04-01 15:30:00-04:00
2026-03-16 06:06:14,891 - LibraryScraper - INFO - Found event: Bookmobile to Sunnyside Park on 2026-04-01 17:30:00-04:00
2026-03-16 06:06:14,891 - LibraryScraper - INFO - Found event: Tales for Tails on 2026-04-01 18:00:00-04:00
2026-03-16 06:06:14,892 - LibraryScraper - INFO - Found event: Bookmobile to Garling Heights on 2026-04-01 19:30:00-04:00
2026-03-16 06:06:14,892 - LibraryScraper - INFO - Found event: Toddler Story Time on 2026-04-02 10:00:00-04:00
2026-03-16 06:06:14,893 - LibraryScraper - INFO - Found event: Bookmobile to Broadmoor on 2026-04-02 15:30:00-04:00
2026-03-16 06:06:14,893 - LibraryScraper - INFO - Found event: Bookmobile to Cardinal Ridge on 2026-04-02 17:30:00-04:00
2026-03-16 06:06:14,893 - LibraryScraper - INFO - Found event: Books On Tap on 2026-04-02 18:00:00-04:00
2026-03-16 06:06:14,894 - LibraryScraper - INFO - Found event: D&D for Kids on 2026-04-02 18:00:00-04:00
2026-03-16 06:06:14,894 - LibraryScraper - INFO - Found event: Bookmobile to Hilltop Mobile Home Park on 2026-04-02 19:30:00-04:00
2026-03-16 06:06:14,895 - LibraryScraper - INFO - Found event: Fun Friday Story Time on 2026-04-03 10:00:00-04:00
2026-03-16 06:06:14,895 - LibraryScraper - INFO - Found event: Bookmobile to Waterford Estates on 2026-04-03 10:30:00-04:00
2026-03-16 06:06:14,895 - LibraryScraper - INFO - Found event: Bookmobile to Brookridge Heights Apts on 2026-04-03 12:15:00-04:00
2026-03-16 06:06:14,896 - LibraryScraper - INFO - Found event: Bookmobile to Arrowsmith on 2026-04-04 08:45:00-04:00
2026-03-16 06:06:14,896 - LibraryScraper - INFO - Found event: Sensory Story Time on 2026-04-04 10:00:00-04:00
2026-03-16 06:06:14,896 - LibraryScraper - INFO - Found event: Bookmobile to Ellsworth on 2026-04-04 10:15:00-04:00
2026-03-16 06:06:14,897 - LibraryScraper - INFO - Found event: Bookmobile to Eagle Crest East on 2026-04-04 12:00:00-04:00
2026-03-16 06:06:14,897 - LibraryScraper - INFO - Found event: Bookmobile to Arbors Apartments on 2026-04-06 15:30:00-04:00
2026-03-16 06:06:14,897 - LibraryScraper - INFO - Scraping page 4
2026-03-16 06:06:16,611 - LibraryScraper - INFO - Found event: D&D for Kids on 2026-04-06 16:00:00-04:00
2026-03-16 06:06:16,611 - LibraryScraper - INFO - Found event: Bookmobile to Royal Pointe Road on 2026-04-06 17:30:00-04:00
2026-03-16 06:06:16,611 - LibraryScraper - INFO - Found event: Teen Craftivism on 2026-04-06 18:00:00-04:00
2026-03-16 06:06:16,612 - LibraryScraper - INFO - Found event: Bookmobile to Old Farm Lakes on 2026-04-06 19:15:00-04:00
2026-03-16 06:06:16,612 - LibraryScraper - INFO - Found event: Lapsit Story Time on 2026-04-07 10:00:00-04:00
2026-03-16 06:06:16,612 - LibraryScraper - INFO - Found event: Bookmobile to Traditions on 2026-04-07 15:30:00-04:00
2026-03-16 06:06:16,613 - LibraryScraper - INFO - Found event: Bookmobile to Golden Eagle on 2026-04-07 17:30:00-04:00
2026-03-16 06:06:16,613 - LibraryScraper - INFO - Found event: Lapsit Story Time on 2026-04-07 18:00:00-04:00
2026-03-16 06:06:16,613 - LibraryScraper - INFO - Found event: Dating Violence Simulation on 2026-04-07 18:30:00-04:00
2026-03-16 06:06:16,613 - LibraryScraper - INFO - Found event: Bookmobile to Ponds Apts on 2026-04-07 19:15:00-04:00
2026-03-16 06:06:16,614 - LibraryScraper - INFO - Found event: Preschool Story Time on 2026-04-08 10:00:00-04:00
2026-03-16 06:06:16,614 - LibraryScraper - INFO - Found event: Teen Writing Workshop on 2026-04-08 12:00:00-04:00
2026-03-16 06:06:16,614 - LibraryScraper - INFO - Found event: Bookmobile to Evergreen on 2026-04-08 15:30:00-04:00
2026-03-16 06:06:16,614 - LibraryScraper - INFO - Found event: Bookmobile to Bohmer on 2026-04-08 17:30:00-04:00
2026-03-16 06:06:16,615 - LibraryScraper - INFO - Found event: Tales for Tails on 2026-04-08 18:00:00-04:00
2026-03-16 06:06:16,615 - LibraryScraper - INFO - Found event: Bloomington Reads: Mini-Book Keychain Craft on 2026-04-08 18:00:00-04:00
2026-03-16 06:06:16,615 - LibraryScraper - INFO - Found event: Bookmobile to Rainbow Ave on 2026-04-08 19:30:00-04:00
2026-03-16 06:06:16,616 - LibraryScraper - INFO - Found event: Toddler Story Time on 2026-04-09 10:00:00-04:00
2026-03-16 06:06:16,616 - LibraryScraper - INFO - Found event: Bookmobile to Alexander & Grandview Estates on 2026-04-09 14:45:00-04:00
2026-03-16 06:06:16,616 - LibraryScraper - INFO - Found event: After School @ BPL on 2026-04-09 15:30:00-04:00
2026-03-16 06:06:16,616 - LibraryScraper - INFO - Found event: Bookmobile to Eagle Ridge on 2026-04-09 17:30:00-04:00
2026-03-16 06:06:16,617 - LibraryScraper - INFO - Found event: Bloomington Reads: Book Discussion on 2026-04-09 19:00:00-04:00
2026-03-16 06:06:16,617 - LibraryScraper - INFO - Found event: Bookmobile to Ballybunion on 2026-04-09 19:30:00-04:00
2026-03-16 06:06:16,617 - LibraryScraper - INFO - Found event: Fun Friday Story Time on 2026-04-10 10:00:00-04:00
2026-03-16 06:06:16,617 - LibraryScraper - INFO - Scraping page 5
2026-03-16 06:06:18,452 - LibraryScraper - INFO - Found event: Bookmobile to Wingover on 2026-04-10 10:30:00-04:00
2026-03-16 06:06:18,453 - LibraryScraper - INFO - Found event: Bookmobile to Somerset Court on 2026-04-10 12:15:00-04:00
2026-03-16 06:06:18,453 - LibraryScraper - INFO - Found event: Bookmobile to Crestwicke on 2026-04-11 08:45:00-04:00
2026-03-16 06:06:18,453 - LibraryScraper - INFO - Found event: Lego Construction on 2026-04-11 09:30:00-04:00
2026-03-16 06:06:18,454 - LibraryScraper - INFO - Found event: Bookmobile to Viking Brews on 2026-04-11 10:15:00-04:00
2026-03-16 06:06:18,454 - LibraryScraper - INFO - Found event: BPL On-the-Go Pop-Up on 2026-04-11 10:15:00-04:00
2026-03-16 06:06:18,454 - LibraryScraper - INFO - Found event: Teen Genre Book Club on 2026-04-11 11:00:00-04:00
2026-03-16 06:06:18,455 - LibraryScraper - INFO - Found event: Bookmobile to White Eagle on 2026-04-11 12:15:00-04:00
2026-03-16 06:06:18,455 - LibraryScraper - INFO - Found event: Disability Insurance Workshop on 2026-04-11 13:00:00-04:00
2026-03-16 06:06:18,455 - LibraryScraper - INFO - Found event: Slow Looking at 410 Sculpture Park on 2026-04-12 13:00:00-04:00
2026-03-16 06:06:18,455 - LibraryScraper - INFO - Found event: Hide-n-Seek: Bookmobile Edition on 2026-04-12 14:00:00-04:00
2026-03-16 06:06:18,456 - LibraryScraper - INFO - Found event: Bookmobile to Tracy Drive on 2026-04-13 15:30:00-04:00
2026-03-16 06:06:18,456 - LibraryScraper - INFO - Found event: Mini 3D-Printed Catapults on 2026-04-13 17:00:00-04:00
2026-03-16 06:06:18,456 - LibraryScraper - INFO - Found event: Bookmobile to Grove on 2026-04-13 17:30:00-04:00
2026-03-16 06:06:18,456 - LibraryScraper - INFO - Found event: Let's Dish! A Cookbook Club on 2026-04-13 18:30:00-04:00
2026-03-16 06:06:18,457 - LibraryScraper - INFO - Found event: Bookmobile to Eagle View on 2026-04-13 19:45:00-04:00
2026-03-16 06:06:18,457 - LibraryScraper - INFO - Found event: Lapsit Story Time on 2026-04-14 10:00:00-04:00
2026-03-16 06:06:18,457 - LibraryScraper - INFO - Found event: Estate Planning on 2026-04-14 13:30:00-04:00
2026-03-16 06:06:18,458 - LibraryScraper - INFO - Found event: Bookmobile to Four Seasons on 2026-04-14 15:15:00-04:00
2026-03-16 06:06:18,458 - LibraryScraper - INFO - Found event: Teen Financial Literacy: Making Financial Decisions (in English) on 2026-04-14 16:00:00-04:00
2026-03-16 06:06:18,458 - LibraryScraper - INFO - Found event: Bookmobile to Oakwood on 2026-04-14 17:30:00-04:00
2026-03-16 06:06:18,458 - LibraryScraper - INFO - Found event: Lapsit Story Time on 2026-04-14 18:00:00-04:00
2026-03-16 06:06:18,459 - LibraryScraper - INFO - Found event: Mystery Book Club on 2026-04-14 19:00:00-04:00
2026-03-16 06:06:18,459 - LibraryScraper - INFO - Found event: Bookmobile to Laesch Acres on 2026-04-14 19:30:00-04:00
2026-03-16 06:06:18,459 - LibraryScraper - INFO - Scraping page 6
2026-03-16 06:06:20,412 - LibraryScraper - INFO - Found event: Preschool Story Time on 2026-04-15 10:00:00-04:00
2026-03-16 06:06:20,412 - LibraryScraper - INFO - Found event: Bloomington Reads: Book Discussion on 2026-04-15 12:00:00-04:00
2026-03-16 06:06:20,413 - LibraryScraper - INFO - Found event: Bookmobile to Wine Way on 2026-04-15 15:15:00-04:00
2026-03-16 06:06:20,413 - LibraryScraper - INFO - Found event: Bookmobile to North Pointe on 2026-04-15 17:30:00-04:00
2026-03-16 06:06:20,413 - LibraryScraper - INFO - Found event: Tales for Tails on 2026-04-15 18:00:00-04:00
2026-03-16 06:06:20,414 - LibraryScraper - INFO - Found event: Bookmobile to Eagle Crest on 2026-04-15 19:30:00-04:00
2026-03-16 06:06:20,414 - LibraryScraper - INFO - Found event: Toddler Story Time on 2026-04-16 10:00:00-04:00
2026-03-16 06:06:20,414 - LibraryScraper - INFO - Found event: Bookmobile to Meadows on 2026-04-16 14:45:00-04:00
2026-03-16 06:06:20,415 - LibraryScraper - INFO - Found event: Bookmobile to Wingover on 2026-04-16 17:30:00-04:00
2026-03-16 06:06:20,415 - LibraryScraper - INFO - Found event: D&D for Kids on 2026-04-16 18:00:00-04:00
2026-03-16 06:06:20,415 - LibraryScraper - INFO - Found event: Bloomington Reads: A Classical Music Tribute on 2026-04-16 19:00:00-04:00
2026-03-16 06:06:20,415 - LibraryScraper - INFO - Found event: ILP: Cristina Henríquez: Voice, Culture, and Human Connection on 2026-04-16 19:00:00-04:00
2026-03-16 06:06:20,416 - LibraryScraper - INFO - Found event: Fun Friday Story Time on 2026-04-17 10:00:00-04:00
2026-03-16 06:06:20,416 - LibraryScraper - INFO - Found event: Bookmobile to Rowe Drive on 2026-04-17 10:30:00-04:00
2026-03-16 06:06:20,416 - LibraryScraper - INFO - Found event: Bookmobile to Spring Ridge on 2026-04-17 12:15:00-04:00
2026-03-16 06:06:20,417 - LibraryScraper - INFO - Found event: Bookmobile to Deer Ridge on 2026-04-18 09:00:00-04:00
2026-03-16 06:06:20,417 - LibraryScraper - INFO - Found event: Super Saturday Story Time on 2026-04-18 10:00:00-04:00
2026-03-16 06:06:20,417 - LibraryScraper - INFO - Found event: Bookmobile to Pepper Ridge on 2026-04-18 10:30:00-04:00
2026-03-16 06:06:20,418 - LibraryScraper - INFO - Found event: Bookmobile to Phillip Place on 2026-04-18 12:30:00-04:00
2026-03-16 06:06:20,418 - LibraryScraper - INFO - Found event: D&D for Teens: The Forge of Spells on 2026-04-18 12:45:00-04:00
2026-03-16 06:06:20,418 - LibraryScraper - INFO - Found event: Bloomington Reads: Mini-Book Keychain Craft on 2026-04-19 13:00:00-04:00
2026-03-16 06:06:20,419 - LibraryScraper - INFO - Found event: Bloomington Reads: Book Discussion on 2026-04-19 14:00:00-04:00
2026-03-16 06:06:20,419 - LibraryScraper - INFO - Found event: Fun & Games:  Family Game Day on 2026-04-19 14:00:00-04:00
2026-03-16 06:06:20,419 - LibraryScraper - INFO - Scraping page 7
2026-03-16 06:06:22,368 - LibraryScraper - INFO - Found event: Bookmobile to Ekstam Drive on 2026-04-20 15:15:00-04:00
2026-03-16 06:06:22,368 - LibraryScraper - INFO - Found event: Bookmobile to Rollingbrook South on 2026-04-20 17:30:00-04:00
2026-03-16 06:06:22,369 - LibraryScraper - INFO - Found event: Language Conversation Group on 2026-04-20 17:30:00-04:00
2026-03-16 06:06:22,369 - LibraryScraper - INFO - Found event: Custom Sublimated Tumblers on 2026-04-20 17:30:00-04:00
2026-03-16 06:06:22,369 - LibraryScraper - INFO - Found event: Singing, Swinging Story Time on 2026-04-20 18:00:00-04:00
2026-03-16 06:06:22,370 - LibraryScraper - INFO - Found event: Bookmobile to Harvest Pointe on 2026-04-20 19:15:00-04:00
2026-03-16 06:06:22,370 - LibraryScraper - INFO - Found event: Lapsit Story Time on 2026-04-21 10:00:00-04:00
2026-03-16 06:06:22,370 - LibraryScraper - INFO - Found event: Bookmobile to Holton Homes on 2026-04-21 15:30:00-04:00
2026-03-16 06:06:22,370 - LibraryScraper - INFO - Found event: Educación Financiera para Adolescentes: Tomando Decisiones Financieras (en español) on 2026-04-21 16:00:00-04:00
2026-03-16 06:06:22,371 - LibraryScraper - INFO - Found event: Marbled Paper-Covered Journals on 2026-04-21 16:00:00-04:00
2026-03-16 06:06:22,371 - LibraryScraper - INFO - Found event: Bookmobile to Eagle Creek on 2026-04-21 17:30:00-04:00
2026-03-16 06:06:22,371 - LibraryScraper - INFO - Found event: Lapsit Story Time on 2026-04-21 18:00:00-04:00
2026-03-16 06:06:22,372 - LibraryScraper - INFO - Found event: Fiction Book Club on 2026-04-21 19:00:00-04:00
2026-03-16 06:06:22,372 - LibraryScraper - INFO - Found event: Bookmobile to Tipton Trails on 2026-04-21 19:30:00-04:00
2026-03-16 06:06:22,372 - LibraryScraper - INFO - Found event: Preschool Story Time on 2026-04-22 10:00:00-04:00
2026-03-16 06:06:22,373 - LibraryScraper - INFO - Found event: Teen Writing Workshop on 2026-04-22 12:00:00-04:00
2026-03-16 06:06:22,373 - LibraryScraper - INFO - Found event: Bookmobile to Arcadia Drive on 2026-04-22 15:30:00-04:00
2026-03-16 06:06:22,373 - LibraryScraper - INFO - Found event: Bookmobile to Sunnyside Park on 2026-04-22 17:30:00-04:00
2026-03-16 06:06:22,373 - LibraryScraper - INFO - Found event: Tales for Tails on 2026-04-22 18:00:00-04:00
2026-03-16 06:06:22,374 - LibraryScraper - INFO - Found event: Bookmobile to Garling Heights on 2026-04-22 19:30:00-04:00
2026-03-16 06:06:22,374 - LibraryScraper - INFO - Found event: Toddler Story Time on 2026-04-23 10:00:00-04:00
2026-03-16 06:06:22,374 - LibraryScraper - INFO - Found event: Book Brunch Club on 2026-04-23 10:00:00-04:00
2026-03-16 06:06:22,375 - LibraryScraper - INFO - Found event: Bookmobile to Broadmoor on 2026-04-23 15:30:00-04:00
2026-03-16 06:06:22,375 - LibraryScraper - INFO - Found event: After School @ BPL on 2026-04-23 15:30:00-04:00
2026-03-16 06:06:22,375 - LibraryScraper - INFO - Scraping page 8
2026-03-16 06:06:24,172 - LibraryScraper - INFO - Found event: Bookmobile to Cardinal Ridge on 2026-04-23 17:30:00-04:00
2026-03-16 06:06:24,172 - LibraryScraper - INFO - Found event: Bloomington Reads: An Evening with Edward Kelsey Moore on 2026-04-23 18:00:00-04:00
2026-03-16 06:06:24,173 - LibraryScraper - INFO - Found event: Bookmobile to Hilltop Mobile Home Park on 2026-04-23 19:30:00-04:00
2026-03-16 06:06:24,173 - LibraryScraper - INFO - Found event: Fun Friday Story Time on 2026-04-24 10:00:00-04:00
2026-03-16 06:06:24,174 - LibraryScraper - INFO - Found event: Bookmobile to Waterford Estates on 2026-04-24 10:30:00-04:00
2026-03-16 06:06:24,174 - LibraryScraper - INFO - Found event: Bookmobile to Brookridge Heights Apts on 2026-04-24 12:15:00-04:00
2026-03-16 06:06:24,174 - LibraryScraper - INFO - Found event: Bookmobile to Arrowsmith on 2026-04-25 08:45:00-04:00
2026-03-16 06:06:24,175 - LibraryScraper - INFO - Found event: Instrument Playground on 2026-04-25 10:00:00-04:00
2026-03-16 06:06:24,175 - LibraryScraper - INFO - Found event: Bookmobile to Ellsworth on 2026-04-25 10:15:00-04:00
2026-03-16 06:06:24,175 - LibraryScraper - INFO - Found event: Bookmobile to Eagle Crest East on 2026-04-25 12:00:00-04:00
2026-03-16 06:06:24,176 - LibraryScraper - INFO - Found event: Pins and Needles: A Fiber Arts Celebration on 2026-04-25 14:00:00-04:00
2026-03-16 06:06:24,176 - LibraryScraper - INFO - Found event: RC Cars for Kids on 2026-04-25 15:00:00-04:00
2026-03-16 06:06:24,177 - LibraryScraper - INFO - Found event: El día de los niños/El día de los libros on 2026-04-26 14:00:00-04:00
2026-03-16 06:06:24,177 - LibraryScraper - INFO - Found event: Bookmobile to Arbors Apartments on 2026-04-27 15:30:00-04:00
2026-03-16 06:06:24,177 - LibraryScraper - INFO - Found event: Sensory Art Time on 2026-04-27 16:00:00-04:00
2026-03-16 06:06:24,178 - LibraryScraper - INFO - Found event: Bookmobile to Royal Pointe Road on 2026-04-27 17:30:00-04:00
2026-03-16 06:06:24,178 - LibraryScraper - INFO - Found event: True Crime Book Club on 2026-04-27 19:00:00-04:00
2026-03-16 06:06:24,178 - LibraryScraper - INFO - Found event: Bookmobile to Old Farm Lakes on 2026-04-27 19:15:00-04:00
2026-03-16 06:06:24,179 - LibraryScraper - INFO - Found event: Lapsit Story Time on 2026-04-28 10:00:00-04:00
2026-03-16 06:06:24,179 - LibraryScraper - INFO - Found event: Bookmobile to Traditions on 2026-04-28 15:30:00-04:00
2026-03-16 06:06:24,180 - LibraryScraper - INFO - Found event: Bookmobile to Golden Eagle on 2026-04-28 17:30:00-04:00
2026-03-16 06:06:24,180 - LibraryScraper - INFO - Found event: Lapsit Story Time on 2026-04-28 18:00:00-04:00
2026-03-16 06:06:24,180 - LibraryScraper - INFO - Found event: Adult Craftivism on 2026-04-28 18:00:00-04:00
2026-03-16 06:06:24,181 - LibraryScraper - INFO - Found event: Bookmobile to Ponds Apts on 2026-04-28 19:15:00-04:00
2026-03-16 06:06:24,181 - LibraryScraper - INFO - Scraping page 9
2026-03-16 06:06:25,792 - LibraryScraper - INFO - Found event: Bookmobile to Evergreen on 2026-04-29 15:30:00-04:00
2026-03-16 06:06:25,792 - LibraryScraper - INFO - Found event: Craftivism for Kids: Earth Day on 2026-04-29 17:30:00-04:00
2026-03-16 06:06:25,793 - LibraryScraper - INFO - Found event: Bookmobile to Bohmer on 2026-04-29 17:30:00-04:00
2026-03-16 06:06:25,793 - LibraryScraper - INFO - Found event: BPL On-the-Go Pop-Up on 2026-04-29 17:30:00-04:00
2026-03-16 06:06:25,793 - LibraryScraper - INFO - Found event: Bookmobile to Rainbow Ave on 2026-04-29 19:30:00-04:00
2026-03-16 06:06:25,794 - LibraryScraper - INFO - Found event: Bookmobile to Alexander & Grandview Estates on 2026-04-30 14:45:00-04:00
2026-03-16 06:06:25,794 - LibraryScraper - INFO - Found event: Bookmobile to Eagle Ridge on 2026-04-30 17:30:00-04:00
2026-03-16 06:06:25,794 - LibraryScraper - INFO - Found event: Bookmobile to Ballybunion on 2026-04-30 19:30:00-04:00
2026-03-16 06:06:25,795 - LibraryScraper - INFO - Found event: Bookmobile to Wingover on 2026-05-01 10:30:00-04:00
2026-03-16 06:06:25,795 - LibraryScraper - INFO - Found event: Bookmobile to Somerset Court on 2026-05-01 12:15:00-04:00
2026-03-16 06:06:25,796 - LibraryScraper - INFO - Found event: Bookmobile to Crestwicke on 2026-05-02 08:45:00-04:00
2026-03-16 06:06:25,796 - LibraryScraper - INFO - Found event: Sensory Story Time on 2026-05-02 10:00:00-04:00
2026-03-16 06:06:25,796 - LibraryScraper - INFO - Found event: Bookmobile to Viking Brews on 2026-05-02 10:15:00-04:00
2026-03-16 06:06:25,797 - LibraryScraper - INFO - Found event: Houseplant Swap on 2026-05-02 11:00:00-04:00
2026-03-16 06:06:25,797 - LibraryScraper - INFO - Found event: Macrame Plant Hanger on 2026-05-02 11:00:00-04:00
2026-03-16 06:06:25,797 - LibraryScraper - INFO - Found event: Bookmobile to White Eagle on 2026-05-02 12:15:00-04:00
2026-03-16 06:06:25,798 - LibraryScraper - INFO - Found event: Bookmobile to Tracy Drive on 2026-05-04 15:30:00-04:00
2026-03-16 06:06:25,798 - LibraryScraper - INFO - Found event: Bookmobile to Grove on 2026-05-04 17:30:00-04:00
2026-03-16 06:06:25,799 - LibraryScraper - INFO - Found event: Teen Craftivism on 2026-05-04 18:00:00-04:00
2026-03-16 06:06:25,799 - LibraryScraper - INFO - Found event: Bookmobile to Eagle View on 2026-05-04 19:45:00-04:00
2026-03-16 06:06:25,799 - LibraryScraper - INFO - Found event: Bookmobile to Four Seasons on 2026-05-05 15:15:00-04:00
2026-03-16 06:06:25,800 - LibraryScraper - INFO - Found event: Make a Mother’s Day Gift on 2026-05-05 16:00:00-04:00
2026-03-16 06:06:25,800 - LibraryScraper - INFO - Found event: 5th Grade TeenZone Preview Nights on 2026-05-05 17:00:00-04:00
2026-03-16 06:06:25,800 - LibraryScraper - INFO - Found event: Bookmobile to Oakwood on 2026-05-05 17:30:00-04:00
2026-03-16 06:06:25,801 - LibraryScraper - INFO - Scraping page 10
2026-03-16 06:06:27,306 - LibraryScraper - INFO - Found event: History Reads Book Club on 2026-05-05 19:00:00-04:00
2026-03-16 06:06:27,307 - LibraryScraper - INFO - Found event: Bookmobile to Laesch Acres on 2026-05-05 19:30:00-04:00
2026-03-16 06:06:27,307 - LibraryScraper - INFO - Found event: Midweek Movie on 2026-05-06 13:00:00-04:00
2026-03-16 06:06:27,307 - LibraryScraper - INFO - Found event: Bookmobile to Wine Way on 2026-05-06 15:15:00-04:00
2026-03-16 06:06:27,308 - LibraryScraper - INFO - Found event: 5th Grade TeenZone Preview Nights on 2026-05-06 17:00:00-04:00
2026-03-16 06:06:27,308 - LibraryScraper - INFO - Found event: Bookmobile to North Pointe on 2026-05-06 17:30:00-04:00
2026-03-16 06:06:27,309 - LibraryScraper - INFO - Found event: Bookmobile to Eagle Crest on 2026-05-06 19:30:00-04:00
2026-03-16 06:06:27,309 - LibraryScraper - INFO - Found event: Bookmobile to Meadows on 2026-05-07 14:45:00-04:00
2026-03-16 06:06:27,309 - LibraryScraper - INFO - Found event: Bookmobile to Wingover on 2026-05-07 17:30:00-04:00
2026-03-16 06:06:27,310 - LibraryScraper - INFO - Found event: Books On Tap on 2026-05-07 18:00:00-04:00
2026-03-16 06:06:27,310 - LibraryScraper - INFO - Found event: D&D for Kids on 2026-05-07 18:00:00-04:00
2026-03-16 06:06:27,310 - LibraryScraper - INFO - Found event: Bookmobile to Rowe Drive on 2026-05-08 10:30:00-04:00
2026-03-16 06:06:27,311 - LibraryScraper - INFO - Found event: Bookmobile to Spring Ridge on 2026-05-08 12:15:00-04:00
2026-03-16 06:06:27,311 - LibraryScraper - INFO - Found event: Bookmobile to Deer Ridge on 2026-05-09 09:00:00-04:00
2026-03-16 06:06:27,312 - LibraryScraper - INFO - Found event: Under the Dome Knit In on 2026-05-09 10:00:00-04:00
2026-03-16 06:06:27,312 - LibraryScraper - INFO - Found event: Bookmobile to Pepper Ridge on 2026-05-09 10:30:00-04:00
2026-03-16 06:06:27,312 - LibraryScraper - INFO - Found event: Teen Genre Book Club on 2026-05-09 11:00:00-04:00
2026-03-16 06:06:27,313 - LibraryScraper - INFO - Found event: Bookmobile to Phillip Place on 2026-05-09 12:30:00-04:00
2026-03-16 06:06:27,313 - LibraryScraper - INFO - Found event: Bookmobile to Ekstam Drive on 2026-05-11 15:15:00-04:00
2026-03-16 06:06:27,313 - LibraryScraper - INFO - Found event: D&D for Kids on 2026-05-11 16:00:00-04:00
2026-03-16 06:06:27,314 - LibraryScraper - INFO - Found event: Bookmobile to Rollingbrook South on 2026-05-11 17:30:00-04:00
2026-03-16 06:06:27,314 - LibraryScraper - INFO - Found event: Introduction to 3D Printing on 2026-05-11 18:00:00-04:00
2026-03-16 06:06:27,314 - LibraryScraper - INFO - Found event: Bookmobile to Harvest Pointe on 2026-05-11 19:15:00-04:00
2026-03-16 06:06:27,315 - LibraryScraper - INFO - Found event: Bookmobile to Holton Homes on 2026-05-12 15:30:00-04:00
2026-03-16 06:06:27,315 - LibraryScraper - INFO - Scraping page 11
2026-03-16 06:06:28,783 - LibraryScraper - INFO - Found event: 5th Grade TeenZone Preview Nights on 2026-05-12 17:00:00-04:00
2026-03-16 06:06:28,784 - LibraryScraper - INFO - Found event: Bookmobile to Eagle Creek on 2026-05-12 17:30:00-04:00
2026-03-16 06:06:28,784 - LibraryScraper - INFO - Found event: Mystery Book Club on 2026-05-12 19:00:00-04:00
2026-03-16 06:06:28,784 - LibraryScraper - INFO - Found event: Bookmobile to Tipton Trails on 2026-05-12 19:30:00-04:00
2026-03-16 06:06:28,785 - LibraryScraper - INFO - Found event: Sign and Sing Story Time on 2026-05-13 10:00:00-04:00
2026-03-16 06:06:28,785 - LibraryScraper - INFO - Found event: Teen Writing Workshop on 2026-05-13 12:00:00-04:00
2026-03-16 06:06:28,786 - LibraryScraper - INFO - Found event: Bookmobile to Arcadia Drive on 2026-05-13 15:30:00-04:00
2026-03-16 06:06:28,786 - LibraryScraper - INFO - Found event: 5th Grade TeenZone Preview Nights on 2026-05-13 17:00:00-04:00
2026-03-16 06:06:28,786 - LibraryScraper - INFO - Found event: Bookmobile to Sunnyside Park on 2026-05-13 17:30:00-04:00
2026-03-16 06:06:28,787 - LibraryScraper - INFO - Found event: Bookmobile to Garling Heights on 2026-05-13 19:30:00-04:00
2026-03-16 06:06:28,787 - LibraryScraper - INFO - Found event: Bookmobile to Broadmoor on 2026-05-14 15:30:00-04:00
2026-03-16 06:06:28,788 - LibraryScraper - INFO - Found event: After School @BPL on 2026-05-14 15:30:00-04:00
2026-03-16 06:06:28,788 - LibraryScraper - INFO - Found event: Bookmobile to Cardinal Ridge on 2026-05-14 17:30:00-04:00
2026-03-16 06:06:28,788 - LibraryScraper - INFO - Found event: Bookmobile to Hilltop Mobile Home Park on 2026-05-14 19:30:00-04:00
2026-03-16 06:06:28,789 - LibraryScraper - INFO - Found event: Bookmobile to Waterford Estates on 2026-05-15 10:30:00-04:00
2026-03-16 06:06:28,789 - LibraryScraper - INFO - Found event: Bookmobile to Brookridge Heights Apts on 2026-05-15 12:15:00-04:00
2026-03-16 06:06:28,789 - LibraryScraper - INFO - Found event: Bookmobile to Arrowsmith on 2026-05-16 08:45:00-04:00
2026-03-16 06:06:28,790 - LibraryScraper - INFO - Found event: Prairie Fire Theatre Presents Quack-a-Doodle-Doo on 2026-05-16 10:00:00-04:00
2026-03-16 06:06:28,790 - LibraryScraper - INFO - Found event: Bookmobile to Ellsworth on 2026-05-16 10:15:00-04:00
2026-03-16 06:06:28,791 - LibraryScraper - INFO - Found event: Bookmobile to Eagle Crest East on 2026-05-16 12:00:00-04:00
2026-03-16 06:06:28,791 - LibraryScraper - INFO - Found event: Bookmobile to Arbors Apartments on 2026-05-18 15:30:00-04:00
2026-03-16 06:06:28,791 - LibraryScraper - INFO - Found event: Bookmobile to Royal Pointe Road on 2026-05-18 17:30:00-04:00
2026-03-16 06:06:28,792 - LibraryScraper - INFO - Found event: Language Conversation Group on 2026-05-18 17:30:00-04:00
2026-03-16 06:06:28,792 - LibraryScraper - INFO - Scraping page 12
2026-03-16 06:06:30,512 - LibraryScraper - INFO - Found event: Singing, Swinging Story Time on 2026-05-18 18:00:00-04:00
2026-03-16 06:06:30,512 - LibraryScraper - INFO - Found event: Bookmobile to Old Farm Lakes on 2026-05-18 19:15:00-04:00
2026-03-16 06:06:30,513 - LibraryScraper - INFO - Found event: Bookmobile to Traditions on 2026-05-19 15:30:00-04:00
2026-03-16 06:06:30,513 - LibraryScraper - INFO - Found event: 5th Grade TeenZone Preview Nights on 2026-05-19 17:00:00-04:00
2026-03-16 06:06:30,513 - LibraryScraper - INFO - Found event: Bookmobile to Golden Eagle on 2026-05-19 17:30:00-04:00
2026-03-16 06:06:30,514 - LibraryScraper - INFO - Found event: Fiction Book Club on 2026-05-19 19:00:00-04:00
2026-03-16 06:06:30,514 - LibraryScraper - INFO - Found event: ILP: Babel-On with R.F. Kuang on 2026-05-19 19:00:00-04:00
2026-03-16 06:06:30,515 - LibraryScraper - INFO - Found event: Bookmobile to Ponds Apts on 2026-05-19 19:15:00-04:00
2026-03-16 06:06:30,515 - LibraryScraper - INFO - Found event: Teen Writing Workshop on 2026-05-20 12:00:00-04:00
2026-03-16 06:06:30,515 - LibraryScraper - INFO - Found event: Bookmobile to Evergreen on 2026-05-20 15:30:00-04:00
2026-03-16 06:06:30,516 - LibraryScraper - INFO - Found event: 5th Grade TeenZone Preview Nights on 2026-05-20 17:00:00-04:00
2026-03-16 06:06:30,516 - LibraryScraper - INFO - Found event: Bookmobile to Bohmer on 2026-05-20 17:30:00-04:00
2026-03-16 06:06:30,516 - LibraryScraper - INFO - Found event: Bookmobile to Rainbow Ave on 2026-05-20 19:30:00-04:00
2026-03-16 06:06:30,517 - LibraryScraper - INFO - Found event: Bookmobile to Alexander & Grandview Estates on 2026-05-21 14:45:00-04:00
2026-03-16 06:06:30,517 - LibraryScraper - INFO - Found event: Bookmobile to Eagle Ridge on 2026-05-21 17:30:00-04:00
2026-03-16 06:06:30,518 - LibraryScraper - INFO - Found event: D&D for Kids on 2026-05-21 18:00:00-04:00
2026-03-16 06:06:30,518 - LibraryScraper - INFO - Found event: Bookmobile to Ballybunion on 2026-05-21 19:30:00-04:00
2026-03-16 06:06:30,518 - LibraryScraper - INFO - Found event: Bookmobile to Wingover on 2026-05-22 10:30:00-04:00
2026-03-16 06:06:30,519 - LibraryScraper - INFO - Found event: Bookmobile to Somerset Court on 2026-05-22 12:15:00-04:00
2026-03-16 06:06:30,519 - LibraryScraper - INFO - Found event: Bookmobile to Crestwicke on 2026-05-23 08:45:00-04:00
2026-03-16 06:06:30,520 - LibraryScraper - INFO - Found event: Super Saturday Story Time on 2026-05-23 10:00:00-04:00
2026-03-16 06:06:30,520 - LibraryScraper - INFO - Found event: Bookmobile to Viking Brews on 2026-05-23 10:15:00-04:00
2026-03-16 06:06:30,520 - LibraryScraper - INFO - Found event: BPL On-the-Go Pop-Up on 2026-05-23 10:15:00-04:00
2026-03-16 06:06:30,521 - LibraryScraper - INFO - Found event: Bookmobile to White Eagle on 2026-05-23 12:15:00-04:00
2026-03-16 06:06:30,521 - LibraryScraper - INFO - Stopping: page 12 events are beyond 2 months
2026-03-16 06:06:30,521 - LibraryScraper - INFO - Filtered 3 events beyond 2 months out
2026-03-16 06:06:30,521 - LibraryScraper - INFO - Found 255 events
2026-03-16 06:06:30,557 - LibraryScraper - INFO - Written to cities/bloomington/library_intercept.ics
2026-03-16 06:06:30,789 - BuskirkChumleyScraper - INFO - Scraping Buskirk-Chumley Theater
2026-03-16 06:06:30,789 - BuskirkChumleyScraper - INFO - Fetching events from https://buskirkchumley.org/events/
2026-03-16 06:06:31,284 - BuskirkChumleyScraper - INFO - Found 34 events
2026-03-16 06:06:31,286 - BuskirkChumleyScraper - INFO - Filtered 7 events beyond 2 months out
2026-03-16 06:06:31,286 - BuskirkChumleyScraper - INFO - Found 27 events
2026-03-16 06:06:31,290 - BuskirkChumleyScraper - INFO - Written to cities/bloomington/buskirk_chumley.ics
2026-03-16 06:06:31,487 - ComedyAtticScraper - INFO - Scraping The Comedy Attic
2026-03-16 06:06:31,487 - ComedyAtticScraper - INFO - Fetching events from https://comedyattic.com/events
2026-03-16 06:06:32,081 - ComedyAtticScraper - INFO - Found 36 events
2026-03-16 06:06:32,081 - ComedyAtticScraper - INFO - Filtered 13 events beyond 2 months out
2026-03-16 06:06:32,081 - ComedyAtticScraper - INFO - Found 23 events
2026-03-16 06:06:32,086 - ComedyAtticScraper - INFO - Written to cities/bloomington/comedy_attic.ics
2026-03-16 06:06:32,284 - TheBishopScraper - INFO - Scraping The Bishop
2026-03-16 06:06:32,284 - TheBishopScraper - INFO - Fetching events from https://thebishopbar.com/events
2026-03-16 06:06:32,837 - TheBishopScraper - INFO - Fetching events from https://thebishopbar.com/events/2026-04
2026-03-16 06:06:33,200 - TheBishopScraper - INFO - Fetching events from https://thebishopbar.com/events/2026-05
2026-03-16 06:06:33,695 - TheBishopScraper - INFO - Fetching events from https://thebishopbar.com/events/2026-06
2026-03-16 06:06:34,187 - TheBishopScraper - INFO - Found 4 events total
2026-03-16 06:06:34,187 - TheBishopScraper - INFO - Found 4 events
2026-03-16 06:06:34,188 - TheBishopScraper - INFO - Written to cities/bloomington/the_bishop.ics
2026-03-16 06:06:34,326 - INFO - Scraping People's Market
2026-03-16 06:06:34,326 - INFO - Fetching event list from https://www.peoplesmarketbtown.org/gatherings
2026-03-16 06:06:34,482 - INFO - Found 10 event URLs
2026-03-16 06:06:34,482 - INFO - Fetching iCal: https://www.peoplesmarketbtown.org/gatherings/event-four-kmwla?format=ical
2026-03-16 06:06:35,108 - INFO - Fetching iCal: https://www.peoplesmarketbtown.org/gatherings/event-four-kmwla-lea9p?format=ical
2026-03-16 06:06:35,727 - INFO - Fetching iCal: https://www.peoplesmarketbtown.org/gatherings/event-one-hwntx?format=ical
2026-03-16 06:06:36,348 - INFO - Fetching iCal: https://www.peoplesmarketbtown.org/gatherings/event-one-hwntx-ebddm?format=ical
2026-03-16 06:06:36,955 - INFO - Fetching iCal: https://www.peoplesmarketbtown.org/gatherings/event-one-hwntx-gjhmg?format=ical
2026-03-16 06:06:37,548 - INFO - Fetching iCal: https://www.peoplesmarketbtown.org/gatherings/juneteenth?format=ical
2026-03-16 06:06:38,132 - INFO - Fetching iCal: https://www.peoplesmarketbtown.org/gatherings/pcmkitchen?format=ical
2026-03-16 06:06:38,726 - INFO - Fetching iCal: https://www.peoplesmarketbtown.org/gatherings/peoplesabundantkitchen?format=ical
2026-03-16 06:06:39,341 - INFO - Fetching iCal: https://www.peoplesmarketbtown.org/gatherings/peoplesfarmersmarket?format=ical
2026-03-16 06:06:39,926 - INFO - Fetching iCal: https://www.peoplesmarketbtown.org/gatherings/peoplesopenpantry?format=ical
2026-03-16 06:06:40,525 - INFO - Found 10 events
2026-03-16 06:06:40,527 - INFO - Written to cities/bloomington/peoples_market.ics
2026-03-16 06:06:40,658 - INFO - Scraping The Bluebird
2026-03-16 06:06:41,192 - INFO - Found 5 future events from Songkick
2026-03-16 06:06:41,193 - INFO - Found 5 events
2026-03-16 06:06:41,194 - INFO - Written to cities/bloomington/songkick_bluebird.ics
2026-03-16 06:06:41,324 - INFO - Scraping Blockhouse Bar
2026-03-16 06:06:41,753 - INFO - Found 1 future events from Songkick
2026-03-16 06:06:41,753 - INFO - Found 1 events
2026-03-16 06:06:41,753 - INFO - Written to cities/bloomington/songkick_blockhouse.ics
2026-03-16 06:06:41,882 - INFO - Scraping Cardinal Spirits
2026-03-16 06:06:41,882 - INFO - Fetching event list from https://www.cardinalspirits.com/events
2026-03-16 06:06:42,089 - INFO - Found 14 event URLs
2026-03-16 06:06:42,089 - INFO - Fetching iCal: https://www.cardinalspirits.com/events/9dpm8hcxtp9ekmn-sgfmj-hghnk-yl6dl-w6rld-gyxw8-94fsb-ksjls-s8hpd-kksmd-b5xp6-n9a3s-5zy6d-2ddl9-c7bgp-d4p5w-4gchz?format=ical
2026-03-16 06:06:42,705 - INFO - Fetching iCal: https://www.cardinalspirits.com/events/9dpm8hcxtp9ekmn-sgfmj-hghnk-yl6dl-w6rld-gyxw8-94fsb-ksjls-s8hpd-kksmd-b5xp6-n9a3s-5zy6d-2ddl9-c7bgp-d4p5w-4gchz-n4yzb?format=ical
2026-03-16 06:06:43,445 - INFO - Fetching iCal: https://www.cardinalspirits.com/events/9dpm8hcxtp9ekmn-sgfmj-hghnk-yl6dl-w6rld-gyxw8-94fsb-ksjls-s8hpd-kksmd-b5xp6-n9a3s-5zy6d-2ddl9-c7bgp-d4p5w-4gchz-n4yzb-3jrbd?format=ical
2026-03-16 06:06:44,029 - INFO - Fetching iCal: https://www.cardinalspirits.com/events/9dpm8hcxtp9ekmn-sgfmj-hghnk-yl6dl-w6rld-gyxw8-94fsb-ksjls-s8hpd-kksmd-b5xp6-n9a3s-5zy6d-2ddl9-c7bgp-d4p5w-4gchz-n4yzb-3jrbd-5a2z6?format=ical
2026-03-16 06:06:45,258 - INFO - Fetching iCal: https://www.cardinalspirits.com/events/9dpm8hcxtp9ekmn-sgfmj-hghnk-yl6dl-w6rld-gyxw8-94fsb-ksjls-s8hpd-kksmd-b5xp6-n9a3s-5zy6d-2ddl9-c7bgp-d4p5w-4gchz-n4yzb-3jrbd-5a2z6-2536l?format=ical
2026-03-16 06:06:45,840 - INFO - Fetching iCal: https://www.cardinalspirits.com/events/j2a9y7yks9377x6-bbkrw-9mf5l-2fgxd-y3se4-kztj3-ya8wf-3wele-pmktj-9c5h5-aldxa-24kb2-4fs6g-9xthb-jnpnd-t2afs-tlywk?format=ical
2026-03-16 06:06:46,451 - INFO - Fetching iCal: https://www.cardinalspirits.com/events/j2a9y7yks9377x6-bbkrw-9mf5l-2fgxd-y3se4-kztj3-ya8wf-3wele-pmktj-9c5h5-aldxa-24kb2-4fs6g-9xthb-jnpnd-t2afs-tlywk-frjnh?format=ical
2026-03-16 06:06:47,086 - INFO - Fetching iCal: https://www.cardinalspirits.com/events/j2a9y7yks9377x6-bbkrw-9mf5l-2fgxd-y3se4-kztj3-ya8wf-3wele-pmktj-9c5h5-aldxa-24kb2-4fs6g-9xthb-jnpnd-t2afs-tlywk-frjnh-bk44n?format=ical
2026-03-16 06:06:47,667 - INFO - Fetching iCal: https://www.cardinalspirits.com/events/j2a9y7yks9377x6-bbkrw-9mf5l-2fgxd-y3se4-kztj3-ya8wf-3wele-pmktj-9c5h5-aldxa-24kb2-4fs6g-9xthb-jnpnd-t2afs-tlywk-frjnh-bk44n-eepgj?format=ical
2026-03-16 06:06:48,285 - INFO - Fetching iCal: https://www.cardinalspirits.com/events/movie-trivia-night?format=ical
2026-03-16 06:06:48,891 - INFO - Fetching iCal: https://www.cardinalspirits.com/events/movies-and-martinis-a6sgh-ksxta?format=ical
2026-03-16 06:06:49,471 - INFO - Fetching iCal: https://www.cardinalspirits.com/events/movies-and-martinis-a6sgh-ksxta-nmsm2?format=ical
2026-03-16 06:06:50,069 - INFO - Fetching iCal: https://www.cardinalspirits.com/events/tiki-cocktail-class-march-2026?format=ical
2026-03-16 06:06:50,654 - INFO - Fetching iCal: https://www.cardinalspirits.com/events/tiki-cocktail-class-march-2026-chafe?format=ical
2026-03-16 06:06:51,237 - INFO - Found 14 events
2026-03-16 06:06:51,239 - INFO - Written to cities/bloomington/cardinal_spirits.ics
2026-03-16 06:06:51,369 - INFO - Scraping Sassafras Audubon Society
2026-03-16 06:06:51,369 - INFO - Fetching event list from https://www.sassafrasaudubon.org/upcomingevents
2026-03-16 06:06:51,578 - INFO - Found 32 event URLs
2026-03-16 06:06:51,578 - INFO - Fetching iCal: https://www.sassafrasaudubon.org/upcomingevents/2021/11/13/fall-ducks-and-donuts-gsfhb?format=ical
2026-03-16 06:06:52,191 - INFO - Fetching iCal: https://www.sassafrasaudubon.org/upcomingevents/2021/11/13/fall-ducks-and-donuts-gsfhb-t2f8m?format=ical
2026-03-16 06:06:52,776 - INFO - Fetching iCal: https://www.sassafrasaudubon.org/upcomingevents/2023/10/21/citizen-science-for-the-birds?format=ical
2026-03-16 06:06:53,390 - INFO - Fetching iCal: https://www.sassafrasaudubon.org/upcomingevents/2023/11/17/give-a-whoop-whooping-crane-ambassador-training?format=ical
2026-03-16 06:06:54,004 - INFO - Fetching iCal: https://www.sassafrasaudubon.org/upcomingevents/2023/12/2/young-birders-club-meeting?format=ical
2026-03-16 06:06:54,615 - INFO - Fetching iCal: https://www.sassafrasaudubon.org/upcomingevents/2024/10/12/fall-feeder-cleaning?format=ical
2026-03-16 06:06:55,230 - INFO - Fetching iCal: https://www.sassafrasaudubon.org/upcomingevents/2024/10/13/annual-big-sit-at-goose-pond?format=ical
2026-03-16 06:06:55,851 - INFO - Fetching iCal: https://www.sassafrasaudubon.org/upcomingevents/2024/10/30/windows-as-threats-to-birds-sas-speaker-series-with-sarah-wanamaker?format=ical
2026-03-16 06:06:56,431 - INFO - Fetching iCal: https://www.sassafrasaudubon.org/upcomingevents/2024/10/5/october-pop-up-hike-at-flatwoods-park?format=ical
2026-03-16 06:06:57,037 - INFO - Fetching iCal: https://www.sassafrasaudubon.org/upcomingevents/2024/11/16/ducks-and-donuts-fall-2024?format=ical
2026-03-16 06:06:57,619 - INFO - Fetching iCal: https://www.sassafrasaudubon.org/upcomingevents/2024/11/23/november-bird-trip-to-muscatatuck-nwr?format=ical
2026-03-16 06:06:58,202 - INFO - Fetching iCal: https://www.sassafrasaudubon.org/upcomingevents/2024/2/24/rca-community-park-field-trip?format=ical
2026-03-16 06:06:58,834 - INFO - Fetching iCal: https://www.sassafrasaudubon.org/upcomingevents/2024/3/16/woodcocknbspwalk-at-flatwoods-park?format=ical
2026-03-16 06:06:59,418 - INFO - Fetching iCal: https://www.sassafrasaudubon.org/upcomingevents/2024/4/20/spring-feeder-cleaning?format=ical
2026-03-16 06:07:00,020 - INFO - Fetching iCal: https://www.sassafrasaudubon.org/upcomingevents/2024/4/7/griffy-lake-field-trip?format=ical
2026-03-16 06:07:00,642 - INFO - Fetching iCal: https://www.sassafrasaudubon.org/upcomingevents/2024/6/22/bird-hike-at-pate-hollow?format=ical
2026-03-16 06:07:01,285 - INFO - Fetching iCal: https://www.sassafrasaudubon.org/upcomingevents/2024/7/27/bird-hike-at-clear-creek-trail?format=ical
2026-03-16 06:07:01,886 - INFO - Fetching iCal: https://www.sassafrasaudubon.org/upcomingevents/2024/8/17/swifts-in-the-city?format=ical
2026-03-16 06:07:02,504 - INFO - Fetching iCal: https://www.sassafrasaudubon.org/upcomingevents/2024/9/28/september-hike?format=ical
2026-03-16 06:07:03,085 - INFO - Fetching iCal: https://www.sassafrasaudubon.org/upcomingevents/2025/2/22/goose-pond-field-trip?format=ical
2026-03-16 06:07:03,666 - INFO - Fetching iCal: https://www.sassafrasaudubon.org/upcomingevents/2025/3/22/ducks-and-donuts-spring-2025?format=ical
2026-03-16 06:07:04,273 - INFO - Fetching iCal: https://www.sassafrasaudubon.org/upcomingevents/2025/3/22/ducks-and-donuts-spring-2025-rkfbf?format=ical
2026-03-16 06:07:04,869 - INFO - Fetching iCal: https://www.sassafrasaudubon.org/upcomingevents/2025/4/5/spring-feeder-cleaning-2025?format=ical
2026-03-16 06:07:05,455 - INFO - Fetching iCal: https://www.sassafrasaudubon.org/upcomingevents/2025/4/5/spring-feeder-cleaning-2026-36m4p?format=ical
2026-03-16 06:07:06,066 - INFO - Fetching iCal: https://www.sassafrasaudubon.org/upcomingevents/2025/4/8/mccormicks?format=ical
2026-03-16 06:07:06,660 - INFO - Fetching iCal: https://www.sassafrasaudubon.org/upcomingevents/2025/5/1/birdingtools101?format=ical
2026-03-16 06:07:07,289 - INFO - Fetching iCal: https://www.sassafrasaudubon.org/upcomingevents/2025/6/15/sas-day-at-kent-farm-bird-banding-station?format=ical
2026-03-16 06:07:07,872 - INFO - Fetching iCal: https://www.sassafrasaudubon.org/upcomingevents/2025/6/21/bird-hike-at-griffy-lake?format=ical
2026-03-16 06:07:08,500 - INFO - Fetching iCal: https://www.sassafrasaudubon.org/upcomingevents/2025/speaker-david-rupp-tropics?format=ical
2026-03-16 06:07:09,081 - INFO - Fetching iCal: https://www.sassafrasaudubon.org/upcomingevents/2026/2/25/speaker-series-cerulean-warbler-birdscape?format=ical
2026-03-16 06:07:09,667 - INFO - Fetching iCal: https://www.sassafrasaudubon.org/upcomingevents/2026/2/28/goose-pond-field-trip?format=ical
2026-03-16 06:07:10,285 - INFO - Fetching iCal: https://www.sassafrasaudubon.org/upcomingevents/woodcockwalk2025?format=ical
2026-03-16 06:07:10,868 - INFO - Found 32 events
2026-03-16 06:07:10,872 - INFO - Written to cities/bloomington/sassafras_audubon.ics
2026-03-16 06:07:11,003 - INFO - Scraping Monroe County Master Gardeners
2026-03-16 06:07:11,003 - INFO - Fetching event list from https://www.mcmga.net/events
2026-03-16 06:07:11,299 - INFO - Found 63 event URLs
2026-03-16 06:07:11,299 - INFO - Fetching iCal: https://www.mcmga.net/events/2h84m9hr2bndnxl358pedd9ryh9w5e-6dlkg-p8nml-ykbcy-7k74t-b7wky-lhr4l-fae9l-mkmn7-kyk4a-m6nwr-d6jar?format=ical
2026-03-16 06:07:11,974 - INFO - Fetching iCal: https://www.mcmga.net/events/2h84m9hr2bndnxl358pedd9ryh9w5e-6dlkg-p8nml-ykbcy-7k74t-b7wky-lhr4l-fae9l-mkmn7-kyk4a-m6nwr-d6jar-lpr67?format=ical
2026-03-16 06:07:12,559 - INFO - Fetching iCal: https://www.mcmga.net/events/2h84m9hr2bndnxl358pedd9ryh9w5e-6dlkg-p8nml-ykbcy-7k74t-b7wky-lhr4l-fae9l-mkmn7-kyk4a-m6nwr-d6jar-lpr67-lg954?format=ical
2026-03-16 06:07:13,237 - INFO - Fetching iCal: https://www.mcmga.net/events/book-club-n4f3m?format=ical
2026-03-16 06:07:13,909 - INFO - Fetching iCal: https://www.mcmga.net/events/book-club-n4f3m-5fdt5?format=ical
2026-03-16 06:07:14,561 - INFO - Fetching iCal: https://www.mcmga.net/events/book-club-n4f3m-5fdt5-2ldne?format=ical
2026-03-16 06:07:15,206 - INFO - Fetching iCal: https://www.mcmga.net/events/book-club-n4f3m-5fdt5-2ldne-h3gaw?format=ical
2026-03-16 06:07:15,865 - INFO - Fetching iCal: https://www.mcmga.net/events/garden-fair-3?format=ical
2026-03-16 06:07:16,533 - INFO - Fetching iCal: https://www.mcmga.net/events/harvest-dinner-2025?format=ical
2026-03-16 06:07:17,208 - INFO - Fetching iCal: https://www.mcmga.net/events/harvest-dinner-2025-yddw8?format=ical
2026-03-16 06:07:17,854 - INFO - Fetching iCal: https://www.mcmga.net/events/intern-training-class-y276x-ljlxz-ercbj-r3ewg-xmne2-e273j-3pkfs-ccrna?format=ical
2026-03-16 06:07:18,512 - INFO - Fetching iCal: https://www.mcmga.net/events/intern-training-class-y276x-ljlxz-ercbj-r3ewg-xmne2-e273j-3pkfs-ccrna-agp3b?format=ical
2026-03-16 06:07:19,165 - INFO - Fetching iCal: https://www.mcmga.net/events/intern-training-class-y276x-ljlxz-ercbj-r3ewg-xmne2-e273j-3pkfs-ccrna-agp3b-tnxs6?format=ical
2026-03-16 06:07:19,846 - INFO - Fetching iCal: https://www.mcmga.net/events/intern-training-class-y276x-ljlxz-ercbj-r3ewg-xmne2-e273j-3pkfs-ccrna-agp3b-tnxs6-ned24?format=ical
2026-03-16 06:07:20,497 - INFO - Fetching iCal: https://www.mcmga.net/events/intern-training-class-y276x-ljlxz-ercbj-r3ewg-xmne2-e273j-3pkfs-ccrna-agp3b-tnxs6-ned24-kk5hg?format=ical
2026-03-16 06:07:21,153 - INFO - Fetching iCal: https://www.mcmga.net/events/intern-training-class-y276x-ljlxz-ercbj-r3ewg-xmne2-e273j-3pkfs-ccrna-agp3b-tnxs6-ned24-kk5hg-7t8hg?format=ical
2026-03-16 06:07:21,826 - INFO - Fetching iCal: https://www.mcmga.net/events/intern-training-class-y276x-ljlxz-ercbj-r3ewg-xmne2-e273j-3pkfs-ccrna-agp3b-tnxs6-ned24-kk5hg-7t8hg-pj9ng?format=ical
2026-03-16 06:07:22,511 - INFO - Fetching iCal: https://www.mcmga.net/events/intern-training-class-y276x-ljlxz-ercbj-r3ewg-xmne2-e273j-3pkfs-ccrna-agp3b-tnxs6-ned24-kk5hg-7t8hg-pj9ng-emzlh?format=ical
2026-03-16 06:07:23,190 - INFO - Fetching iCal: https://www.mcmga.net/events/intern-training-class-y276x-ljlxz-ercbj-r3ewg-xmne2-e273j-3pkfs-ccrna-agp3b-tnxs6-ned24-kk5hg-7t8hg-pj9ng-emzlh-wjkyd?format=ical
2026-03-16 06:07:23,845 - INFO - Fetching iCal: https://www.mcmga.net/events/intern-training-class-y276x-ljlxz-ercbj-r3ewg-xmne2-e273j-3pkfs-ccrna-agp3b-tnxs6-ned24-kk5hg-7t8hg-pj9ng-emzlh-wjkyd-bdsft?format=ical
2026-03-16 06:07:24,525 - INFO - Fetching iCal: https://www.mcmga.net/events/intern-training-class-y276x-ljlxz-ercbj-r3ewg-xmne2-e273j-3pkfs-ccrna-agp3b-tnxs6-ned24-kk5hg-7t8hg-pj9ng-emzlh-wjkyd-bdsft-jrkm4?format=ical
2026-03-16 06:07:25,175 - INFO - Fetching iCal: https://www.mcmga.net/events/intern-training-class-y276x-ljlxz-ercbj-r3ewg-xmne2-e273j-3pkfs-ccrna-agp3b-tnxs6-ned24-kk5hg-7t8hg-pj9ng-emzlh-wjkyd-bdsft-jrkm4-4flc9?format=ical
2026-03-16 06:07:25,822 - INFO - Fetching iCal: https://www.mcmga.net/events/intern-training-class-y276x-ljlxz-ercbj-r3ewg-xmne2-e273j-3pkfs-ccrna-agp3b-tnxs6-ned24-kk5hg-7t8hg-pj9ng-emzlh-wjkyd-bdsft-jrkm4-4flc9-zr2j3?format=ical
2026-03-16 06:07:26,511 - INFO - Fetching iCal: https://www.mcmga.net/events/intern-training-class-y276x-ljlxz-ercbj-r3ewg-xmne2-e273j-3pkfs-ccrna-agp3b-tnxs6-ned24-kk5hg-7t8hg-pj9ng-emzlh-wjkyd-bdsft-jrkm4-4flc9-zr2j3-cjy6m?format=ical
2026-03-16 06:07:27,203 - INFO - Fetching iCal: https://www.mcmga.net/events/intern-training-class-y276x-ljlxz-ercbj-r3ewg-xmne2-e273j-3pkfs-ccrna-agp3b-tnxs6-ned24-kk5hg-7t8hg-pj9ng-emzlh-wjkyd-bdsft-jrkm4-4flc9-zr2j3-cjy6m-n3gdb?format=ical
2026-03-16 06:07:27,885 - INFO - Fetching iCal: https://www.mcmga.net/events/intern-training-class-y276x-ljlxz-ercbj-r3ewg-xmne2-e273j-3pkfs-ccrna-agp3b-tnxs6-ned24-kk5hg-7t8hg-pj9ng-emzlh-wjkyd-bdsft-jrkm4-4flc9-zr2j3-cjy6m-n3gdb-2km9t?format=ical
2026-03-16 06:07:28,541 - INFO - Fetching iCal: https://www.mcmga.net/events/intern-training-class-y276x-ljlxz-ercbj-r3ewg-xmne2-e273j-3pkfs-ccrna-s6k9j?format=ical
2026-03-16 06:07:29,194 - INFO - Fetching iCal: https://www.mcmga.net/events/intern-training-class-y276x-ljlxz-ercbj-r3ewg-xmne2-e273j-3pkfs-ccrna-s6k9j-9fdg5?format=ical
2026-03-16 06:07:29,877 - INFO - Fetching iCal: https://www.mcmga.net/events/intern-training-class-y276x-ljlxz-ercbj-r3ewg-xmne2-e273j-3pkfs-ccrna-s6k9j-9fdg5-3bxfk?format=ical
2026-03-16 06:07:30,528 - INFO - Fetching iCal: https://www.mcmga.net/events/intern-training-class-y276x-ljlxz-ercbj-r3ewg-xmne2-e273j-3pkfs-ccrna-s6k9j-9fdg5-3bxfk-ad64z?format=ical
2026-03-16 06:07:31,187 - INFO - Fetching iCal: https://www.mcmga.net/events/intern-training-class-y276x-ljlxz-ercbj-r3ewg-xmne2-e273j-3pkfs-ccrna-s6k9j-9fdg5-3bxfk-ad64z-g672j?format=ical
2026-03-16 06:07:31,827 - INFO - Fetching iCal: https://www.mcmga.net/events/intern-training-class-y276x-ljlxz-ercbj-r3ewg-xmne2-e273j-3pkfs-ccrna-s6k9j-9fdg5-3bxfk-ad64z-g672j-gls8w?format=ical
2026-03-16 06:07:32,514 - INFO - Fetching iCal: https://www.mcmga.net/events/intern-training-class-y276x-ljlxz-ercbj-r3ewg-xmne2-e273j-3pkfs-ccrna-s6k9j-9fdg5-3bxfk-ad64z-g672j-gls8w-axm8b?format=ical
2026-03-16 06:07:33,197 - INFO - Fetching iCal: https://www.mcmga.net/events/intern-training-class-y276x-ljlxz-ercbj-r3ewg-xmne2-e273j-3pkfs-ccrna-s6k9j-9fdg5-3bxfk-ad64z-g672j-gls8w-axm8b-7f58z?format=ical
2026-03-16 06:07:33,870 - INFO - Fetching iCal: https://www.mcmga.net/events/intern-training-class-y276x-ljlxz-ercbj-r3ewg-xmne2-e273j-3pkfs-ccrna-s6k9j-9fdg5-3bxfk-ad64z-g672j-gls8w-axm8b-7f58z-w3ebb?format=ical
2026-03-16 06:07:34,562 - INFO - Fetching iCal: https://www.mcmga.net/events/intern-training-class-y276x-ljlxz-ercbj-r3ewg-xmne2-e273j-3pkfs-ccrna-s6k9j-9fdg5-3bxfk-ad64z-g672j-gls8w-axm8b-7f58z-w3ebb-pphwh?format=ical
2026-03-16 06:07:35,253 - INFO - Fetching iCal: https://www.mcmga.net/events/intern-training-class-y276x-ljlxz-ercbj-r3ewg-xmne2-e273j-3pkfs-ccrna-s6k9j-9fdg5-3bxfk-ad64z-g672j-gls8w-axm8b-7f58z-w3ebb-pphwh-2m553?format=ical
2026-03-16 06:07:35,904 - INFO - Fetching iCal: https://www.mcmga.net/events/intern-training-class-y276x-ljlxz-ercbj-r3ewg-xmne2-e273j-3pkfs-ccrna-s6k9j-9fdg5-3bxfk-ad64z-g672j-gls8w-axm8b-7f58z-w3ebb-pphwh-2m553-ye8lc?format=ical
2026-03-16 06:07:36,555 - INFO - Fetching iCal: https://www.mcmga.net/events/intern-training-class-y276x-ljlxz-ercbj-r3ewg-xmne2-e273j-3pkfs-ccrna-s6k9j-9fdg5-3bxfk-ad64z-g672j-gls8w-axm8b-7f58z-w3ebb-pphwh-36cae?format=ical
2026-03-16 06:07:37,203 - INFO - Fetching iCal: https://www.mcmga.net/events/mayss63web9dmr9s3gh3g7zl6a857m?format=ical
2026-03-16 06:07:37,879 - INFO - Fetching iCal: https://www.mcmga.net/events/mayss63web9dmr9s3gh3g7zl6a857m-enhmc?format=ical
2026-03-16 06:07:38,464 - INFO - Fetching iCal: https://www.mcmga.net/events/mayss63web9dmr9s3gh3g7zl6a857m-enhmc-a2lt3?format=ical
2026-03-16 06:07:39,121 - INFO - Fetching iCal: https://www.mcmga.net/events/mayss63web9dmr9s3gh3g7zl6a857m-enhmc-a2lt3-r9nma?format=ical
2026-03-16 06:07:39,806 - INFO - Fetching iCal: https://www.mcmga.net/events/mayss63web9dmr9s3gh3g7zl6a857m-enhmc-a2lt3-r9nma-xcbda?format=ical
2026-03-16 06:07:40,488 - INFO - Fetching iCal: https://www.mcmga.net/events/mayss63web9dmr9s3gh3g7zl6a857m-enhmc-a2lt3-r9nma-xcbda-daayb?format=ical
2026-03-16 06:07:41,170 - INFO - Fetching iCal: https://www.mcmga.net/events/mayss63web9dmr9s3gh3g7zl6a857m-enhmc-a2lt3-r9nma-xcbda-daayb-d3fh5?format=ical
2026-03-16 06:07:41,826 - INFO - Fetching iCal: https://www.mcmga.net/events/mayss63web9dmr9s3gh3g7zl6a857m-enhmc-a2lt3-r9nma-xcbda-daayb-d3fh5-84jl5?format=ical
2026-03-16 06:07:42,504 - INFO - Fetching iCal: https://www.mcmga.net/events/mayss63web9dmr9s3gh3g7zl6a857m-enhmc-a2lt3-r9nma-xcbda-daayb-d3fh5-84jl5-z6thy?format=ical
2026-03-16 06:07:43,157 - INFO - Fetching iCal: https://www.mcmga.net/events/mayss63web9dmr9s3gh3g7zl6a857m-enhmc-a2lt3-r9nma-xcbda-daayb-d3fh5-84jl5-z6thy-8cm5y?format=ical
2026-03-16 06:07:43,832 - INFO - Fetching iCal: https://www.mcmga.net/events/mayss63web9dmr9s3gh3g7zl6a857m-enhmc-a2lt3-r9nma-xcbda-daayb-d3fh5-84jl5-z6thy-8cm5y-ml5bg?format=ical
2026-03-16 06:07:44,510 - INFO - Fetching iCal: https://www.mcmga.net/events/purdue-extension-monroe-county-blood-drive?format=ical
2026-03-16 06:07:45,158 - INFO - Fetching iCal: https://www.mcmga.net/events/steps-to-a-low-maintenance-vegetable-garden?format=ical
2026-03-16 06:07:45,805 - INFO - Fetching iCal: https://www.mcmga.net/events/steps-to-a-low-maintenance-vegetable-garden-epjbc?format=ical
2026-03-16 06:07:46,484 - INFO - Fetching iCal: https://www.mcmga.net/events/steps-to-a-low-maintenance-vegetable-garden-epjbc-spjct?format=ical
2026-03-16 06:07:47,146 - INFO - Fetching iCal: https://www.mcmga.net/events/steps-to-a-low-maintenance-vegetable-garden-epjbc-spjct-rt3nd?format=ical
2026-03-16 06:07:47,790 - INFO - Fetching iCal: https://www.mcmga.net/events/steps-to-a-low-maintenance-vegetable-garden-epjbc-spjct-rt3nd-khpec?format=ical
2026-03-16 06:07:48,474 - INFO - Fetching iCal: https://www.mcmga.net/events/steps-to-a-low-maintenance-vegetable-garden-epjbc-spjct-rt3nd-khpec-r2562?format=ical
2026-03-16 06:07:49,122 - INFO - Fetching iCal: https://www.mcmga.net/events/steps-to-a-low-maintenance-vegetable-garden-epjbc-spjct-rt3nd-khpec-r2562-76h8n?format=ical
2026-03-16 06:07:49,768 - INFO - Fetching iCal: https://www.mcmga.net/events/steps-to-a-low-maintenance-vegetable-garden-epjbc-spjct-rt3nd-ywrat?format=ical
2026-03-16 06:07:50,445 - INFO - Fetching iCal: https://www.mcmga.net/events/volunteering-at-hilltop-twac4?format=ical
2026-03-16 06:07:51,125 - INFO - Fetching iCal: https://www.mcmga.net/events/volunteering-at-hilltop-twac4-wynkj?format=ical
2026-03-16 06:07:51,777 - INFO - Fetching iCal: https://www.mcmga.net/events/volunteering-at-hilltop-x5pjx?format=ical
2026-03-16 06:07:52,470 - INFO - Fetching iCal: https://www.mcmga.net/events/volunteering-at-wonderlab-psxxf?format=ical
2026-03-16 06:07:53,161 - INFO - Filtered 12 events beyond 2 months out
2026-03-16 06:07:53,161 - INFO - Found 51 events
2026-03-16 06:07:53,167 - INFO - Written to cities/bloomington/master_gardeners.ics
2026-03-16 06:07:53,302 - INFO - Scraping Sycamore Land Trust
2026-03-16 06:07:53,302 - INFO - Fetching https://sycamorelandtrust.org/bulletin-board/events-calendar/
2026-03-16 06:07:53,742 - WARNING - Could not parse date: 'Thursday, February 29' for Round up in February to support Sycamore with Bloomingfoods&#8217; Positive Change
2026-03-16 06:07:53,742 - WARNING - Could not parse date: 'Thursday, February 29,&nbsp;2:00 pm&nbsp;-&nbsp;4:00 pm' for Winter Tree ID Hike II
2026-03-16 06:07:53,746 - INFO - Filtered 193 events beyond 2 months out
2026-03-16 06:07:53,746 - INFO - Found 64 events
2026-03-16 06:07:53,755 - INFO - Written to cities/bloomington/sycamore_land_trust.ics
2026-03-16 06:07:53,885 - INFO - Scraping Constellation Stage & Screen
2026-03-16 06:07:53,885 - INFO - Fetching https://tickets.seeconstellation.org/constellation/api/v3/events
2026-03-16 06:07:54,570 - INFO - Fetching https://tickets.seeconstellation.org/constellation/api/v3/instances?filter=startFrom%3Dnow
2026-03-16 06:07:55,206 - INFO - Filtered 17 events beyond 2 months out
2026-03-16 06:07:55,206 - INFO - Found 28 events
2026-03-16 06:07:55,209 - INFO - Written to cities/bloomington/constellation.ics
2026-03-16 06:07:55,340 - INFO - Scraping Cicada Cinema
2026-03-16 06:07:55,340 - INFO - Fetching https://cicadacinema.com/products.json
2026-03-16 06:07:55,636 - INFO - Found 9 events
2026-03-16 06:07:55,639 - INFO - Written to cities/bloomington/cicada_cinema.ics
2026-03-16 06:08:56,321 - INFO - Processing meetup_bloomington_atheists_and_rationally_awesome_people.ics...
2026-03-16 06:08:56,321 - INFO -   Fetching image for: https://www.meetup.com/bloomington-atheists-and-rationally-awesome-people/events/313548566/
2026-03-16 06:08:57,138 - INFO -     -> https://secure.meetupstatic.com/photos/event/e/4/e/5/600_513778597.jpeg
2026-03-16 06:08:57,138 - INFO -   Fetching image for: https://www.meetup.com/bloomington-atheists-and-rationally-awesome-people/events/313578927/
2026-03-16 06:08:57,962 - INFO -     -> https://secure.meetupstatic.com/photos/event/5/1/7/4/600_513920852.jpeg
2026-03-16 06:08:57,962 - INFO -   Fetching image for: https://www.meetup.com/bloomington-atheists-and-rationally-awesome-people/events/313658723/
2026-03-16 06:08:58,780 - INFO -     -> https://secure.meetupstatic.com/photos/event/e/4/e/5/600_513778597.jpeg
2026-03-16 06:08:58,780 - INFO -   Fetching image for: https://www.meetup.com/bloomington-atheists-and-rationally-awesome-people/events/gjbkstyjcgbcb/
2026-03-16 06:08:59,666 - INFO -     -> https://secure.meetupstatic.com/photos/event/e/4/e/5/600_513778597.jpeg
2026-03-16 06:08:59,667 - INFO -   Fetching image for: https://www.meetup.com/bloomington-atheists-and-rationally-awesome-people/events/bhhqftyjcgbfb/
2026-03-16 06:09:00,668 - INFO -     -> https://secure.meetupstatic.com/photos/event/5/1/7/4/600_513920852.jpeg
2026-03-16 06:09:00,668 - INFO -   Fetching image for: https://www.meetup.com/bloomington-atheists-and-rationally-awesome-people/events/gjbkstyjcgblb/
2026-03-16 06:09:01,491 - INFO -     -> https://secure.meetupstatic.com/photos/event/e/4/e/5/600_513778597.jpeg
2026-03-16 06:09:01,491 - INFO -   Fetching image for: https://www.meetup.com/bloomington-atheists-and-rationally-awesome-people/events/gjbkstyjcgbtb/
2026-03-16 06:09:02,291 - INFO -     -> https://secure.meetupstatic.com/photos/event/e/4/e/5/600_513778597.jpeg
2026-03-16 06:09:02,291 - INFO -   Fetching image for: https://www.meetup.com/bloomington-atheists-and-rationally-awesome-people/events/bhhqftyjcgbwb/
2026-03-16 06:09:03,332 - INFO -     -> https://secure.meetupstatic.com/photos/event/5/1/7/4/600_513920852.jpeg
2026-03-16 06:09:03,332 - INFO -   Fetching image for: https://www.meetup.com/bloomington-atheists-and-rationally-awesome-people/events/gjbkstyjcgbdc/
2026-03-16 06:09:04,130 - INFO -     -> https://secure.meetupstatic.com/photos/event/e/4/e/5/600_513778597.jpeg
2026-03-16 06:09:04,130 - INFO -   Fetching image for: https://www.meetup.com/bloomington-atheists-and-rationally-awesome-people/events/gjbkstyjcgbmc/
2026-03-16 06:09:04,919 - INFO -     -> https://secure.meetupstatic.com/photos/event/e/4/e/5/600_513778597.jpeg
2026-03-16 06:09:04,920 - INFO - meetup_bloomington_atheists_and_rationally_awesome_people.ics: added 10 image(s)
2026-03-16 06:09:04,920 - INFO - Processing meetup_board_games.ics...
2026-03-16 06:09:04,920 - INFO - meetup_board_games.ics: no new images
2026-03-16 06:09:04,920 - INFO - Processing meetup_knobstone_hiking_trail_association_of_indiana_meetup.ics...
2026-03-16 06:09:04,921 - INFO -   Fetching image for: https://www.meetup.com/knobstone-hiking-trail-association-of-indiana-meetup/events/312918119/
2026-03-16 06:09:05,830 - INFO -     -> https://secure.meetupstatic.com/photos/event/2/1/1/600_451380529.jpeg
2026-03-16 06:09:05,830 - INFO -   Fetching image for: https://www.meetup.com/knobstone-hiking-trail-association-of-indiana-meetup/events/313786582/
2026-03-16 06:09:06,746 - INFO -     -> https://secure.meetupstatic.com/photos/event/3/1/7/7/600_526092663.jpeg
2026-03-16 06:09:06,746 - INFO -   Fetching image for: https://www.meetup.com/knobstone-hiking-trail-association-of-indiana-meetup/events/312918121/
2026-03-16 06:09:07,537 - INFO -     -> https://secure.meetupstatic.com/photos/event/2/1/1/600_451380529.jpeg
2026-03-16 06:09:07,537 - INFO -   Fetching image for: https://www.meetup.com/knobstone-hiking-trail-association-of-indiana-meetup/events/312918122/
2026-03-16 06:09:08,382 - INFO -     -> https://secure.meetupstatic.com/photos/event/2/1/1/600_451380529.jpeg
2026-03-16 06:09:08,382 - INFO -   Fetching image for: https://www.meetup.com/knobstone-hiking-trail-association-of-indiana-meetup/events/312918123/
2026-03-16 06:09:09,162 - INFO -     -> https://secure.meetupstatic.com/photos/event/2/1/1/600_451380529.jpeg
2026-03-16 06:09:09,162 - INFO -   Fetching image for: https://www.meetup.com/knobstone-hiking-trail-association-of-indiana-meetup/events/lnznstyjclblb/
2026-03-16 06:09:09,971 - INFO -     -> https://secure.meetupstatic.com/photos/event/2/1/1/600_451380529.jpeg
2026-03-16 06:09:09,972 - INFO -   Fetching image for: https://www.meetup.com/knobstone-hiking-trail-association-of-indiana-meetup/events/lnznstyjcmbqb/
2026-03-16 06:09:10,815 - INFO -     -> https://secure.meetupstatic.com/photos/event/2/1/1/600_451380529.jpeg
2026-03-16 06:09:10,815 - INFO -   Fetching image for: https://www.meetup.com/knobstone-hiking-trail-association-of-indiana-meetup/events/lnznstyjcnbnb/
2026-03-16 06:09:11,617 - INFO -     -> https://secure.meetupstatic.com/photos/event/2/1/1/600_451380529.jpeg
2026-03-16 06:09:11,617 - INFO -   Fetching image for: https://www.meetup.com/knobstone-hiking-trail-association-of-indiana-meetup/events/lnznstyjcpbsb/
2026-03-16 06:09:12,422 - INFO -     -> https://secure.meetupstatic.com/photos/event/2/1/1/600_451380529.jpeg
2026-03-16 06:09:12,423 - INFO -   Fetching image for: https://www.meetup.com/knobstone-hiking-trail-association-of-indiana-meetup/events/lnznstyjcqbqb/
2026-03-16 06:09:13,770 - INFO -     -> https://secure.meetupstatic.com/photos/event/2/1/1/600_451380529.jpeg
2026-03-16 06:09:13,771 - INFO - meetup_knobstone_hiking_trail_association_of_indiana_meetup.ics: added 10 image(s)
2026-03-16 06:09:13,771 - INFO - Processing meetup_remote_workers.ics...
2026-03-16 06:09:13,771 - INFO - meetup_remote_workers.ics: no new images
2026-03-16 06:09:13,771 - INFO - Done. Total images added: 20
2026-03-16 06:09:13,868 - INFO - Processing buskirk_chumley.ics...
2026-03-16 06:09:13,869 - INFO -   Fetching image for: https://buskirkchumley.org/events/eagles-tribute-take-it-to-the-limit-march-20-2026
2026-03-16 06:09:14,068 - WARNING - Failed to fetch https://buskirkchumley.org/events/eagles-tribute-take-it-to-the-limit-march-20-2026: 403 Client Error: Forbidden for url: https://buskirkchumley.org/events/eagles-tribute-take-it-to-the-limit-march-20-2026
2026-03-16 06:09:14,569 - INFO -     No image found
2026-03-16 06:09:14,569 - INFO -   Fetching image for: https://buskirkchumley.org/events/2026-women-s-history-month-luncheon-march-25-2026
2026-03-16 06:09:14,783 - WARNING - Failed to fetch https://buskirkchumley.org/events/2026-women-s-history-month-luncheon-march-25-2026: 403 Client Error: Forbidden for url: https://buskirkchumley.org/events/2026-women-s-history-month-luncheon-march-25-2026
2026-03-16 06:09:15,284 - INFO -     No image found
2026-03-16 06:09:15,284 - INFO -   Fetching image for: https://buskirkchumley.org/events/banff-film-festival-world-tour-2-day-pass-march-27-2026
2026-03-16 06:09:15,438 - WARNING - Failed to fetch https://buskirkchumley.org/events/banff-film-festival-world-tour-2-day-pass-march-27-2026: 403 Client Error: Forbidden for url: https://buskirkchumley.org/events/banff-film-festival-world-tour-2-day-pass-march-27-2026
2026-03-16 06:09:15,939 - INFO -     No image found
2026-03-16 06:09:15,939 - INFO -   Fetching image for: https://buskirkchumley.org/events/banff-centre-mountain-film-festival-world-tour-march-27-2026
2026-03-16 06:09:16,105 - WARNING - Failed to fetch https://buskirkchumley.org/events/banff-centre-mountain-film-festival-world-tour-march-27-2026: 403 Client Error: Forbidden for url: https://buskirkchumley.org/events/banff-centre-mountain-film-festival-world-tour-march-27-2026
2026-03-16 06:09:16,606 - INFO -     No image found
2026-03-16 06:09:16,606 - INFO -   Fetching image for: https://buskirkchumley.org/events/banff-centre-mountain-film-festival-world-tour-march-28-2026
2026-03-16 06:09:16,787 - WARNING - Failed to fetch https://buskirkchumley.org/events/banff-centre-mountain-film-festival-world-tour-march-28-2026: 403 Client Error: Forbidden for url: https://buskirkchumley.org/events/banff-centre-mountain-film-festival-world-tour-march-28-2026
2026-03-16 06:09:17,288 - INFO -     No image found
2026-03-16 06:09:17,288 - INFO -   Fetching image for: https://buskirkchumley.org/events/2026-state-of-the-city-march-31-2026
2026-03-16 06:09:17,457 - WARNING - Failed to fetch https://buskirkchumley.org/events/2026-state-of-the-city-march-31-2026: 403 Client Error: Forbidden for url: https://buskirkchumley.org/events/2026-state-of-the-city-march-31-2026
2026-03-16 06:09:17,958 - INFO -     No image found
2026-03-16 06:09:17,959 - INFO -   Fetching image for: https://buskirkchumley.org/events/conclave-2024-april-2-2026
2026-03-16 06:09:18,271 - WARNING - Failed to fetch https://buskirkchumley.org/events/conclave-2024-april-2-2026: 403 Client Error: Forbidden for url: https://buskirkchumley.org/events/conclave-2024-april-2-2026
2026-03-16 06:09:18,771 - INFO -     No image found
2026-03-16 06:09:18,772 - INFO -   Fetching image for: https://buskirkchumley.org/events/ladies-first-spring-show-april-3-2026
2026-03-16 06:09:18,970 - WARNING - Failed to fetch https://buskirkchumley.org/events/ladies-first-spring-show-april-3-2026: 403 Client Error: Forbidden for url: https://buskirkchumley.org/events/ladies-first-spring-show-april-3-2026
2026-03-16 06:09:19,471 - INFO -     No image found
2026-03-16 06:09:19,471 - INFO -   Fetching image for: https://buskirkchumley.org/events/one-tight-ten-after-another-scholars-on-comedy-politics-and-free-speech-april-8-2026
2026-03-16 06:09:19,607 - WARNING - Failed to fetch https://buskirkchumley.org/events/one-tight-ten-after-another-scholars-on-comedy-politics-and-free-speech-april-8-2026: 403 Client Error: Forbidden for url: https://buskirkchumley.org/events/one-tight-ten-after-another-scholars-on-comedy-politics-and-free-speech-april-8-2026
2026-03-16 06:09:20,108 - INFO -     No image found
2026-03-16 06:09:20,109 - INFO -   Fetching image for: https://buskirkchumley.org/events/stavros-halkias-the-dreamboat-tour-april-9-2026
2026-03-16 06:09:20,295 - WARNING - Failed to fetch https://buskirkchumley.org/events/stavros-halkias-the-dreamboat-tour-april-9-2026: 403 Client Error: Forbidden for url: https://buskirkchumley.org/events/stavros-halkias-the-dreamboat-tour-april-9-2026
2026-03-16 06:09:20,796 - INFO -     No image found
2026-03-16 06:09:20,796 - INFO -   Fetching image for: https://buskirkchumley.org/events/another-round-30th-anniversary-spring-concert-with-special-guest-straight-no-chaser-april-10-2026
2026-03-16 06:09:20,976 - WARNING - Failed to fetch https://buskirkchumley.org/events/another-round-30th-anniversary-spring-concert-with-special-guest-straight-no-chaser-april-10-2026: 403 Client Error: Forbidden for url: https://buskirkchumley.org/events/another-round-30th-anniversary-spring-concert-with-special-guest-straight-no-chaser-april-10-2026
2026-03-16 06:09:21,477 - INFO -     No image found
2026-03-16 06:09:21,477 - INFO -   Fetching image for: https://buskirkchumley.org/events/asianfest-2026-april-11-2026
2026-03-16 06:09:21,630 - WARNING - Failed to fetch https://buskirkchumley.org/events/asianfest-2026-april-11-2026: 403 Client Error: Forbidden for url: https://buskirkchumley.org/events/asianfest-2026-april-11-2026
2026-03-16 06:09:22,131 - INFO -     No image found
2026-03-16 06:09:22,131 - INFO -   Fetching image for: https://buskirkchumley.org/events/plato-s-closet-presents-the-trashion-refashion-runway-show-april-12-2026
2026-03-16 06:09:22,336 - WARNING - Failed to fetch https://buskirkchumley.org/events/plato-s-closet-presents-the-trashion-refashion-runway-show-april-12-2026: 403 Client Error: Forbidden for url: https://buskirkchumley.org/events/plato-s-closet-presents-the-trashion-refashion-runway-show-april-12-2026
2026-03-16 06:09:22,837 - INFO -     No image found
2026-03-16 06:09:22,837 - INFO -   Fetching image for: https://buskirkchumley.org/events/natalie-boeyink-jazz-ensemble-april-13-2026
2026-03-16 06:09:22,975 - WARNING - Failed to fetch https://buskirkchumley.org/events/natalie-boeyink-jazz-ensemble-april-13-2026: 403 Client Error: Forbidden for url: https://buskirkchumley.org/events/natalie-boeyink-jazz-ensemble-april-13-2026
2026-03-16 06:09:23,476 - INFO -     No image found
2026-03-16 06:09:23,476 - INFO -   Fetching image for: https://buskirkchumley.org/events/african-american-dance-company-spring-concert-april-18-2026
2026-03-16 06:09:23,612 - WARNING - Failed to fetch https://buskirkchumley.org/events/african-american-dance-company-spring-concert-april-18-2026: 403 Client Error: Forbidden for url: https://buskirkchumley.org/events/african-american-dance-company-spring-concert-april-18-2026
2026-03-16 06:09:24,113 - INFO -     No image found
2026-03-16 06:09:24,113 - INFO -   Fetching image for: https://buskirkchumley.org/events/abra-cadabra-celebrating-the-music-magic-of-abba-april-19-2026
2026-03-16 06:09:24,321 - WARNING - Failed to fetch https://buskirkchumley.org/events/abra-cadabra-celebrating-the-music-magic-of-abba-april-19-2026: 403 Client Error: Forbidden for url: https://buskirkchumley.org/events/abra-cadabra-celebrating-the-music-magic-of-abba-april-19-2026
2026-03-16 06:09:24,822 - INFO -     No image found
2026-03-16 06:09:24,822 - INFO -   Fetching image for: https://buskirkchumley.org/events/iu-soul-revue-spring-concert-april-25-2026
2026-03-16 06:09:24,962 - WARNING - Failed to fetch https://buskirkchumley.org/events/iu-soul-revue-spring-concert-april-25-2026: 403 Client Error: Forbidden for url: https://buskirkchumley.org/events/iu-soul-revue-spring-concert-april-25-2026
2026-03-16 06:09:25,463 - INFO -     No image found
2026-03-16 06:09:25,463 - INFO -   Fetching image for: https://buskirkchumley.org/events/beat-spring-show-april-27-2026
2026-03-16 06:09:25,673 - WARNING - Failed to fetch https://buskirkchumley.org/events/beat-spring-show-april-27-2026: 403 Client Error: Forbidden for url: https://buskirkchumley.org/events/beat-spring-show-april-27-2026
2026-03-16 06:09:26,174 - INFO -     No image found
2026-03-16 06:09:26,174 - INFO -   Fetching image for: https://buskirkchumley.org/events/2026-be-more-awards-april-28-2026
2026-03-16 06:09:26,302 - WARNING - Failed to fetch https://buskirkchumley.org/events/2026-be-more-awards-april-28-2026: 403 Client Error: Forbidden for url: https://buskirkchumley.org/events/2026-be-more-awards-april-28-2026
2026-03-16 06:09:26,803 - INFO -     No image found
2026-03-16 06:09:26,803 - INFO -   Fetching image for: https://buskirkchumley.org/events/saving-ava-april-29-2026
2026-03-16 06:09:26,943 - WARNING - Failed to fetch https://buskirkchumley.org/events/saving-ava-april-29-2026: 403 Client Error: Forbidden for url: https://buskirkchumley.org/events/saving-ava-april-29-2026
2026-03-16 06:09:27,444 - INFO -     No image found
2026-03-16 06:09:27,445 - INFO -   Fetching image for: https://buskirkchumley.org/events/updating-april-30-2026
2026-03-16 06:09:27,643 - WARNING - Failed to fetch https://buskirkchumley.org/events/updating-april-30-2026: 403 Client Error: Forbidden for url: https://buskirkchumley.org/events/updating-april-30-2026
2026-03-16 06:09:28,144 - INFO -     No image found
2026-03-16 06:09:28,144 - INFO -   Fetching image for: https://buskirkchumley.org/events/sam-grisman-project-may-3-2026
2026-03-16 06:09:28,294 - WARNING - Failed to fetch https://buskirkchumley.org/events/sam-grisman-project-may-3-2026: 403 Client Error: Forbidden for url: https://buskirkchumley.org/events/sam-grisman-project-may-3-2026
2026-03-16 06:09:28,795 - INFO -     No image found
2026-03-16 06:09:28,795 - INFO -   Fetching image for: https://buskirkchumley.org/events/spaceballs-1987-may-4-2026
2026-03-16 06:09:28,933 - WARNING - Failed to fetch https://buskirkchumley.org/events/spaceballs-1987-may-4-2026: 403 Client Error: Forbidden for url: https://buskirkchumley.org/events/spaceballs-1987-may-4-2026
2026-03-16 06:09:29,434 - INFO -     No image found
2026-03-16 06:09:29,434 - INFO -   Fetching image for: https://buskirkchumley.org/events/motionarts-spring-gala-2026-may-9-2026
2026-03-16 06:09:29,570 - WARNING - Failed to fetch https://buskirkchumley.org/events/motionarts-spring-gala-2026-may-9-2026: 403 Client Error: Forbidden for url: https://buskirkchumley.org/events/motionarts-spring-gala-2026-may-9-2026
2026-03-16 06:09:30,071 - INFO -     No image found
2026-03-16 06:09:30,071 - INFO -   Fetching image for: https://buskirkchumley.org/events/motionarts-spring-gala-2026-may-9-2026-2
2026-03-16 06:09:30,227 - WARNING - Failed to fetch https://buskirkchumley.org/events/motionarts-spring-gala-2026-may-9-2026-2: 403 Client Error: Forbidden for url: https://buskirkchumley.org/events/motionarts-spring-gala-2026-may-9-2026-2
2026-03-16 06:09:30,728 - INFO -     No image found
2026-03-16 06:09:30,728 - INFO -   Fetching image for: https://buskirkchumley.org/events/mamma-mia-2008-may-15-2026
2026-03-16 06:09:30,853 - WARNING - Failed to fetch https://buskirkchumley.org/events/mamma-mia-2008-may-15-2026: 403 Client Error: Forbidden for url: https://buskirkchumley.org/events/mamma-mia-2008-may-15-2026
2026-03-16 06:09:31,354 - INFO -     No image found
2026-03-16 06:09:31,354 - INFO -   Fetching image for: https://buskirkchumley.org/events/cosmic-songwriter-festival-2026-featuring-clayton-anderson-w-liv-lafluv-cara-jean-wahlers-may-16-2026
2026-03-16 06:09:31,484 - WARNING - Failed to fetch https://buskirkchumley.org/events/cosmic-songwriter-festival-2026-featuring-clayton-anderson-w-liv-lafluv-cara-jean-wahlers-may-16-2026: 403 Client Error: Forbidden for url: https://buskirkchumley.org/events/cosmic-songwriter-festival-2026-featuring-clayton-anderson-w-liv-lafluv-cara-jean-wahlers-may-16-2026
2026-03-16 06:09:31,985 - INFO -     No image found
2026-03-16 06:09:31,985 - INFO - buskirk_chumley.ics: no new images
2026-03-16 06:09:31,985 - INFO - Processing comedy_attic.ics...
2026-03-16 06:09:31,985 - INFO -   Fetching image for: https://comedyattic.com/events/121272
2026-03-16 06:09:33,115 - INFO -     -> https://files.seatengine.com/talent/headshots/photos/83349/full/data
2026-03-16 06:09:33,115 - INFO -   Fetching image for: https://comedyattic.com/events/121272
2026-03-16 06:09:34,299 - INFO -     -> https://files.seatengine.com/talent/headshots/photos/83349/full/data
2026-03-16 06:09:34,299 - INFO -   Fetching image for: https://comedyattic.com/events/121272
2026-03-16 06:09:35,963 - INFO -     -> https://files.seatengine.com/talent/headshots/photos/83349/full/data
2026-03-16 06:09:35,963 - INFO -   Fetching image for: https://comedyattic.com/events/121272
2026-03-16 06:09:36,903 - INFO -     -> https://files.seatengine.com/talent/headshots/photos/83349/full/data
2026-03-16 06:09:36,903 - INFO -   Fetching image for: https://comedyattic.com/events/121272
2026-03-16 06:09:38,130 - INFO -     -> https://files.seatengine.com/talent/headshots/photos/83349/full/data
2026-03-16 06:09:38,130 - INFO -   Fetching image for: https://comedyattic.com/events/121272
2026-03-16 06:09:39,328 - INFO -     -> https://files.seatengine.com/talent/headshots/photos/83349/full/data
2026-03-16 06:09:39,328 - INFO -   Fetching image for: https://comedyattic.com/events/130614
2026-03-16 06:09:40,360 - INFO -     -> https://files.seatengine.com/talent/headshots/photos/72240/full/data
2026-03-16 06:09:40,360 - INFO -   Fetching image for: https://comedyattic.com/events/130614
2026-03-16 06:09:41,690 - INFO -     -> https://files.seatengine.com/talent/headshots/photos/72240/full/data
2026-03-16 06:09:41,690 - INFO -   Fetching image for: https://comedyattic.com/events/126913
2026-03-16 06:09:42,684 - INFO -     -> https://files.seatengine.com/talent/headshots/photos/43937/full/data
2026-03-16 06:09:42,684 - INFO -   Fetching image for: https://comedyattic.com/events/129182
2026-03-16 06:09:43,729 - INFO -     -> https://files.seatengine.com/talent/headshots/photos/48006/full/data
2026-03-16 06:09:43,730 - INFO -   Fetching image for: https://comedyattic.com/events/129182
2026-03-16 06:09:44,691 - INFO -     -> https://files.seatengine.com/talent/headshots/photos/48006/full/data
2026-03-16 06:09:44,691 - INFO -   Fetching image for: https://comedyattic.com/events/129182
2026-03-16 06:09:45,656 - INFO -     -> https://files.seatengine.com/talent/headshots/photos/48006/full/data
2026-03-16 06:09:45,656 - INFO -   Fetching image for: https://comedyattic.com/events/130616
2026-03-16 06:09:46,657 - INFO -     -> https://files.seatengine.com/talent/headshots/photos/87394/full/data
2026-03-16 06:09:46,657 - INFO -   Fetching image for: https://comedyattic.com/events/130616
2026-03-16 06:09:47,751 - INFO -     -> https://files.seatengine.com/talent/headshots/photos/87394/full/data
2026-03-16 06:09:47,751 - INFO -   Fetching image for: https://comedyattic.com/events/125654
2026-03-16 06:09:48,695 - INFO -     -> https://files.seatengine.com/talent/headshots/photos/84662/full/data
2026-03-16 06:09:48,695 - INFO -   Fetching image for: https://comedyattic.com/events/132758
2026-03-16 06:09:49,658 - INFO -     -> https://files.seatengine.com/talent/headshots/photos/88662/full/data
2026-03-16 06:09:49,658 - INFO -   Fetching image for: https://comedyattic.com/events/130975
2026-03-16 06:09:50,770 - INFO -     -> https://files.seatengine.com/talent/headshots/photos/87650/full/data
2026-03-16 06:09:50,770 - INFO -   Fetching image for: https://comedyattic.com/events/130975
2026-03-16 06:09:51,699 - INFO -     -> https://files.seatengine.com/talent/headshots/photos/87650/full/data
2026-03-16 06:09:51,700 - INFO -   Fetching image for: https://comedyattic.com/events/132342
2026-03-16 06:09:52,758 - INFO -     -> https://files.seatengine.com/talent/headshots/photos/88458/full/data
2026-03-16 06:09:52,758 - INFO -   Fetching image for: https://comedyattic.com/events/132343
2026-03-16 06:09:53,813 - INFO -     -> https://files.seatengine.com/talent/headshots/photos/68283/full/data
2026-03-16 06:09:53,813 - INFO -   Fetching image for: https://comedyattic.com/events/132343
2026-03-16 06:09:54,890 - INFO -     -> https://files.seatengine.com/talent/headshots/photos/68283/full/data
2026-03-16 06:09:54,890 - INFO -   Fetching image for: https://comedyattic.com/events/132344
2026-03-16 06:09:55,900 - INFO -     -> https://files.seatengine.com/talent/headshots/photos/64305/full/data
2026-03-16 06:09:55,900 - INFO -   Fetching image for: https://comedyattic.com/events/132344
2026-03-16 06:09:56,819 - INFO -     -> https://files.seatengine.com/talent/headshots/photos/64305/full/data
2026-03-16 06:09:56,820 - INFO - comedy_attic.ics: added 23 image(s)
2026-03-16 06:09:56,820 - INFO - Processing the_bishop.ics...
2026-03-16 06:09:56,820 - INFO -   Fetching image for: https://thebishopbar.com/events/coma-cinema-trace-mountains
2026-03-16 06:09:57,577 - INFO -     No image found
2026-03-16 06:09:57,577 - INFO -   Fetching image for: https://thebishopbar.com/events/evening-mike-doughty-solo
2026-03-16 06:09:58,464 - INFO -     No image found
2026-03-16 06:09:58,465 - INFO -   Fetching image for: https://thebishopbar.com/events/matriarch-2
2026-03-16 06:09:59,369 - INFO -     No image found
2026-03-16 06:09:59,369 - INFO -   Fetching image for: https://thebishopbar.com/events/doom-gong
2026-03-16 06:10:00,180 - INFO -     No image found
2026-03-16 06:10:00,180 - INFO - the_bishop.ics: no new images
2026-03-16 06:10:00,180 - INFO - Processing cicada_cinema.ics...
2026-03-16 06:10:00,181 - INFO -   Fetching image for: https://cicadacinema.com/products/five-dollar-fight-club-april-16-orbit-room-9pm
2026-03-16 06:10:01,076 - INFO -     -> http://cicadacinema.com/cdn/shop/files/April_Fight_Club_poster.png?v=1771788395
2026-03-16 06:10:01,077 - INFO -   Fetching image for: https://cicadacinema.com/products/five-dollar-fight-club-march-19th-orbit-room-9pm
2026-03-16 06:10:01,966 - INFO -     -> http://cicadacinema.com/cdn/shop/files/March_5FC_poster.png?v=1771786092
2026-03-16 06:10:01,966 - INFO -   Fetching image for: https://cicadacinema.com/products/paying-for-it-march-26-backspace-gallery-7pm
2026-03-16 06:10:02,743 - INFO -     -> http://cicadacinema.com/cdn/shop/files/PayingforItPoster1_8.5x11.png?v=1772917528
2026-03-16 06:10:02,743 - INFO -   Fetching image for: https://cicadacinema.com/products/pillion-april-22-back-door-8pm
2026-03-16 06:10:03,589 - INFO -     -> http://cicadacinema.com/cdn/shop/files/Pillion.Poster1_8.5x11.png?v=1772755990
2026-03-16 06:10:03,590 - INFO -   Fetching image for: https://cicadacinema.com/products/society-april-16-orbit-room-7pm
2026-03-16 06:10:04,493 - INFO -     -> http://cicadacinema.com/cdn/shop/files/Societyposter3_8.5x11.png?v=1772755350
2026-03-16 06:10:04,494 - INFO -   Fetching image for: https://cicadacinema.com/products/the-moment-april-1-back-door-8pm
2026-03-16 06:10:05,302 - INFO -     -> http://cicadacinema.com/cdn/shop/files/TheMomentPoster1_8.5x11.png?v=1772754189
2026-03-16 06:10:05,302 - INFO -   Fetching image for: https://cicadacinema.com/products/miami-connection-march-19-orbit-room-7pm
2026-03-16 06:10:06,126 - INFO -     -> http://cicadacinema.com/cdn/shop/files/MiamiConnectionPoster2_8.5x11.png?v=1771951262
2026-03-16 06:10:06,126 - INFO -   Fetching image for: https://cicadacinema.com/products/sirat-march-28-upland-wood-shop-8pm
2026-03-16 06:10:06,890 - INFO -     -> http://cicadacinema.com/cdn/shop/files/SiratPoster2_8.5x11.png?v=1771787220
2026-03-16 06:10:06,890 - INFO -   Fetching image for: https://cicadacinema.com/products/programme-4-make-the-scene-march-21-blockhouse-bar-7pm
2026-03-16 06:10:07,551 - INFO -     -> http://cicadacinema.com/cdn/shop/files/Programme4_Poster_Bloomington.png?v=1772918366
2026-03-16 06:10:07,552 - INFO - cicada_cinema.ics: added 9 image(s)
2026-03-16 06:10:07,552 - INFO - Processing peoples_market.ics...
2026-03-16 06:10:07,552 - INFO -   Fetching image for: https://www.peoplesmarketbtown.org/gatherings/event-four-kmwla
2026-03-16 06:10:08,147 - INFO -     -> http://static1.squarespace.com/static/5e5f9d23c377f660446e022a/t/64b8604ac2cb8d62345015f3/1689804874095/POP+at+1136+S+Morton.jpg?format=1500w
2026-03-16 06:10:08,147 - INFO -   Fetching image for: https://www.peoplesmarketbtown.org/gatherings/event-four-kmwla-lea9p
2026-03-16 06:10:08,743 - INFO -     -> http://static1.squarespace.com/static/5e5f9d23c377f660446e022a/t/64b8614189b3a562ddd36b76/1689805121396/POP+at+1136+S+Morton.jpg?format=1500w
2026-03-16 06:10:08,743 - INFO -   Fetching image for: https://www.peoplesmarketbtown.org/gatherings/event-one-hwntx
2026-03-16 06:10:09,382 - INFO -     -> http://static1.squarespace.com/static/5e5f9d23c377f660446e022a/64b85654a0fadf55f63de4e5/64b85654a0fadf55f63de4e6/1689804713600/332804980_6435646109779110_914704806140808635_n.jpg?format=1500w
2026-03-16 06:10:09,382 - INFO -   Fetching image for: https://www.peoplesmarketbtown.org/gatherings/event-one-hwntx-ebddm
2026-03-16 06:10:10,021 - INFO -     -> http://static1.squarespace.com/static/5e5f9d23c377f660446e022a/t/64b861d129b0e567108ccc37/1689805266027/42CDB212-6466-4704-AE57-3753EFABF8D5.jpeg?format=1500w
2026-03-16 06:10:10,021 - INFO -   Fetching image for: https://www.peoplesmarketbtown.org/gatherings/event-one-hwntx-gjhmg
2026-03-16 06:10:10,719 - INFO -     -> http://static1.squarespace.com/static/5e5f9d23c377f660446e022a/64b85654a0fadf55f63de4e5/64b85f4717bc15690a13f95e/1689804803900/332804980_6435646109779110_914704806140808635_n.jpg?format=1500w
2026-03-16 06:10:10,719 - INFO -   Fetching image for: https://www.peoplesmarketbtown.org/gatherings/juneteenth
2026-03-16 06:10:11,319 - INFO -     -> http://static1.squarespace.com/static/5e5f9d23c377f660446e022a/64b85654a0fadf55f63de4e5/666b1e14931e481c81c6feaa/1718296473732/448158094_959995039467716_2923764274743285157_n.jpg?format=1500w
2026-03-16 06:10:11,319 - INFO -   Fetching image for: https://www.peoplesmarketbtown.org/gatherings/pcmkitchen
2026-03-16 06:10:11,916 - INFO -     -> http://static1.squarespace.com/static/5e5f9d23c377f660446e022a/t/64b865bf1ed347365f56c2b4/1689806273500/download.png?format=1500w
2026-03-16 06:10:11,916 - INFO -   Fetching image for: https://www.peoplesmarketbtown.org/gatherings/peoplesabundantkitchen
2026-03-16 06:10:12,563 - INFO -     -> http://static1.squarespace.com/static/5e5f9d23c377f660446e022a/t/64b85ef16d00a905050e2cf6/1689804531866/Untitled+design+%281%29.png?format=1500w
2026-03-16 06:10:12,563 - INFO -   Fetching image for: https://www.peoplesmarketbtown.org/gatherings/peoplesfarmersmarket
2026-03-16 06:10:13,202 - INFO -     -> http://static1.squarespace.com/static/5e5f9d23c377f660446e022a/t/64b86323b229241574f37069/1689805605783/42CDB212-6466-4704-AE57-3753EFABF8D5.jpeg?format=1500w
2026-03-16 06:10:13,203 - INFO -   Fetching image for: https://www.peoplesmarketbtown.org/gatherings/peoplesopenpantry
2026-03-16 06:10:13,798 - INFO -     -> http://static1.squarespace.com/static/5e5f9d23c377f660446e022a/t/64b862ddebd2be7fc5486f52/1689805533715/POP+at+1136+S+Morton.jpg?format=1500w
2026-03-16 06:10:13,799 - INFO - peoples_market.ics: added 10 image(s)
2026-03-16 06:10:13,799 - INFO - Processing cardinal_spirits.ics...
2026-03-16 06:10:13,799 - INFO -   Fetching image for: https://www.cardinalspirits.com/events/9dpm8hcxtp9ekmn-sgfmj-hghnk-yl6dl-w6rld-gyxw8-94fsb-ksjls-s8hpd-kksmd-b5xp6-n9a3s-5zy6d-2ddl9-c7bgp-d4p5w-4gchz
2026-03-16 06:10:14,637 - INFO -     -> http://static1.squarespace.com/static/5249c667e4b085b754f2b0e7/5638a395e4b08459c6002e22/694199a7632d080d3ff45fa4/1765906863640/Untitled-12+%285%29.png?format=1500w
2026-03-16 06:10:14,637 - INFO -   Fetching image for: https://www.cardinalspirits.com/events/9dpm8hcxtp9ekmn-sgfmj-hghnk-yl6dl-w6rld-gyxw8-94fsb-ksjls-s8hpd-kksmd-b5xp6-n9a3s-5zy6d-2ddl9-c7bgp-d4p5w-4gchz-n4yzb
2026-03-16 06:10:15,290 - INFO -     -> http://static1.squarespace.com/static/5249c667e4b085b754f2b0e7/5638a395e4b08459c6002e22/694199b4be89ca4d16d4a36a/1765906882380/Untitled-12+%285%29.png?format=1500w
2026-03-16 06:10:15,290 - INFO -   Fetching image for: https://www.cardinalspirits.com/events/9dpm8hcxtp9ekmn-sgfmj-hghnk-yl6dl-w6rld-gyxw8-94fsb-ksjls-s8hpd-kksmd-b5xp6-n9a3s-5zy6d-2ddl9-c7bgp-d4p5w-4gchz-n4yzb-3jrbd
2026-03-16 06:10:15,952 - INFO -     -> http://static1.squarespace.com/static/5249c667e4b085b754f2b0e7/5638a395e4b08459c6002e22/694199c7c68f5d0c1a6010cf/1765906893933/Untitled-12+%285%29.png?format=1500w
2026-03-16 06:10:15,952 - INFO -   Fetching image for: https://www.cardinalspirits.com/events/9dpm8hcxtp9ekmn-sgfmj-hghnk-yl6dl-w6rld-gyxw8-94fsb-ksjls-s8hpd-kksmd-b5xp6-n9a3s-5zy6d-2ddl9-c7bgp-d4p5w-4gchz-n4yzb-3jrbd-5a2z6
2026-03-16 06:10:16,584 - INFO -     -> http://static1.squarespace.com/static/5249c667e4b085b754f2b0e7/5638a395e4b08459c6002e22/694199d09642c622eaf664ac/1765906903779/Untitled-12+%285%29.png?format=1500w
2026-03-16 06:10:16,584 - INFO -   Fetching image for: https://www.cardinalspirits.com/events/9dpm8hcxtp9ekmn-sgfmj-hghnk-yl6dl-w6rld-gyxw8-94fsb-ksjls-s8hpd-kksmd-b5xp6-n9a3s-5zy6d-2ddl9-c7bgp-d4p5w-4gchz-n4yzb-3jrbd-5a2z6-2536l
2026-03-16 06:10:17,206 - INFO -     -> http://static1.squarespace.com/static/5249c667e4b085b754f2b0e7/5638a395e4b08459c6002e22/694199db432c4e720c1ddabd/1765906914700/Untitled-12+%285%29.png?format=1500w
2026-03-16 06:10:17,207 - INFO -   Fetching image for: https://www.cardinalspirits.com/events/j2a9y7yks9377x6-bbkrw-9mf5l-2fgxd-y3se4-kztj3-ya8wf-3wele-pmktj-9c5h5-aldxa-24kb2-4fs6g-9xthb-jnpnd-t2afs-tlywk
2026-03-16 06:10:17,845 - INFO -     -> http://static1.squarespace.com/static/5249c667e4b085b754f2b0e7/5638a395e4b08459c6002e22/694195437256d54d7f33e11e/1765905751932/Untitled+%286%29.png?format=1500w
2026-03-16 06:10:17,845 - INFO -   Fetching image for: https://www.cardinalspirits.com/events/j2a9y7yks9377x6-bbkrw-9mf5l-2fgxd-y3se4-kztj3-ya8wf-3wele-pmktj-9c5h5-aldxa-24kb2-4fs6g-9xthb-jnpnd-t2afs-tlywk-frjnh
2026-03-16 06:10:18,451 - INFO -     -> http://static1.squarespace.com/static/5249c667e4b085b754f2b0e7/5638a395e4b08459c6002e22/6941955c3b2b68518753e647/1765905764330/Untitled+%286%29.png?format=1500w
2026-03-16 06:10:18,451 - INFO -   Fetching image for: https://www.cardinalspirits.com/events/j2a9y7yks9377x6-bbkrw-9mf5l-2fgxd-y3se4-kztj3-ya8wf-3wele-pmktj-9c5h5-aldxa-24kb2-4fs6g-9xthb-jnpnd-t2afs-tlywk-frjnh-bk44n
2026-03-16 06:10:19,066 - INFO -     -> http://static1.squarespace.com/static/5249c667e4b085b754f2b0e7/5638a395e4b08459c6002e22/69419567f2d07011167eb532/1765905777844/Untitled+%286%29.png?format=1500w
2026-03-16 06:10:19,066 - INFO -   Fetching image for: https://www.cardinalspirits.com/events/j2a9y7yks9377x6-bbkrw-9mf5l-2fgxd-y3se4-kztj3-ya8wf-3wele-pmktj-9c5h5-aldxa-24kb2-4fs6g-9xthb-jnpnd-t2afs-tlywk-frjnh-bk44n-eepgj
2026-03-16 06:10:19,736 - INFO -     -> http://static1.squarespace.com/static/5249c667e4b085b754f2b0e7/5638a395e4b08459c6002e22/694195747c50110b352c5815/1765905789751/Untitled+%286%29.png?format=1500w
2026-03-16 06:10:19,736 - INFO -   Fetching image for: https://www.cardinalspirits.com/events/movie-trivia-night
2026-03-16 06:10:20,346 - INFO -     -> http://static1.squarespace.com/static/5249c667e4b085b754f2b0e7/5638a395e4b08459c6002e22/69a0a90b3effdf7492604d83/1772136939353/Untitled-2+%288%29.png?format=1500w
2026-03-16 06:10:20,346 - INFO -   Fetching image for: https://www.cardinalspirits.com/events/movies-and-martinis-a6sgh-ksxta
2026-03-16 06:10:20,988 - INFO -     -> http://static1.squarespace.com/static/5249c667e4b085b754f2b0e7/5638a395e4b08459c6002e22/698506c90d710420e63ad440/1770325755263/Untitled-1+%284%29.png?format=1500w
2026-03-16 06:10:20,988 - INFO -   Fetching image for: https://www.cardinalspirits.com/events/movies-and-martinis-a6sgh-ksxta-nmsm2
2026-03-16 06:10:21,649 - INFO -     -> http://static1.squarespace.com/static/5249c667e4b085b754f2b0e7/5638a395e4b08459c6002e22/698507026010b237fbe3a3a4/1770325790517/Untitled-1+%284%29.png?format=1500w
2026-03-16 06:10:21,649 - INFO -   Fetching image for: https://www.cardinalspirits.com/events/tiki-cocktail-class-march-2026
2026-03-16 06:10:22,263 - INFO -     -> http://static1.squarespace.com/static/5249c667e4b085b754f2b0e7/5638a395e4b08459c6002e22/699dd80c8acd80361656a239/1772029183339/Untitled+%2820%29.png?format=1500w
2026-03-16 06:10:22,263 - INFO -   Fetching image for: https://www.cardinalspirits.com/events/tiki-cocktail-class-march-2026-chafe
2026-03-16 06:10:22,861 - INFO -     -> http://static1.squarespace.com/static/5249c667e4b085b754f2b0e7/5638a395e4b08459c6002e22/699ddd69083be162c6fe08d8/1772029197434/Untitled+%2820%29.png?format=1500w
2026-03-16 06:10:22,861 - INFO - cardinal_spirits.ics: added 14 image(s)
2026-03-16 06:10:22,862 - INFO - Processing sassafras_audubon.ics...
2026-03-16 06:10:22,862 - INFO -   Fetching image for: https://www.sassafrasaudubon.org/upcomingevents/2021/11/13/fall-ducks-and-donuts-gsfhb
2026-03-16 06:10:23,555 - INFO -     -> http://static1.squarespace.com/static/5c8082e57a1fbd4a3af1ae0b/t/654a792f6e2a952e27e0d07a/1707915040898/FB_IMG_1583868448464.jpg?format=1500w
2026-03-16 06:10:23,555 - INFO -   Fetching image for: https://www.sassafrasaudubon.org/upcomingevents/2021/11/13/fall-ducks-and-donuts-gsfhb-t2f8m
2026-03-16 06:10:24,196 - INFO -     -> http://static1.squarespace.com/static/5c8082e57a1fbd4a3af1ae0b/t/65ccb720242d74678c9ec554/1699379503328/FB_IMG_1583868448464.jpg?format=1500w
2026-03-16 06:10:24,196 - INFO -   Fetching image for: https://www.sassafrasaudubon.org/upcomingevents/2023/10/21/citizen-science-for-the-birds
2026-03-16 06:10:24,838 - INFO -     -> http://static1.squarespace.com/static/5c8082e57a1fbd4a3af1ae0b/t/652eb36e4377eb5c1a3567bc/1697559407012/CSftB+Presentation+Schedule+copy.jpg?format=1500w
2026-03-16 06:10:24,838 - INFO -   Fetching image for: https://www.sassafrasaudubon.org/upcomingevents/2023/11/17/give-a-whoop-whooping-crane-ambassador-training
2026-03-16 06:10:25,436 - INFO -     -> http://static1.squarespace.com/static/5c8082e57a1fbd4a3af1ae0b/t/654a7b6435b51c6ee55ecc8c/1699380069095/Give+A+WHOOP+Nov.+2023+%281%29+%281%29.png?format=1500w
2026-03-16 06:10:25,436 - INFO -   Fetching image for: https://www.sassafrasaudubon.org/upcomingevents/2023/12/2/young-birders-club-meeting
2026-03-16 06:10:26,074 - INFO -     -> http://static1.squarespace.com/static/5c8082e57a1fbd4a3af1ae0b/t/6516d62b4e2d182bbd46323c/1695995435414/sasBloomington.png?format=1500w
2026-03-16 06:10:26,074 - INFO -   Fetching image for: https://www.sassafrasaudubon.org/upcomingevents/2024/10/12/fall-feeder-cleaning
2026-03-16 06:10:26,711 - INFO -     -> http://static1.squarespace.com/static/5c8082e57a1fbd4a3af1ae0b/5c81ddc46e9a7f210e7ee36a/66fdae464e95677ac0c9ce37/1727901810599/thumbnail_IMG_0975.jpg?format=1500w
2026-03-16 06:10:26,711 - INFO -   Fetching image for: https://www.sassafrasaudubon.org/upcomingevents/2024/10/13/annual-big-sit-at-goose-pond
2026-03-16 06:10:27,342 - INFO -     -> http://static1.squarespace.com/static/5c8082e57a1fbd4a3af1ae0b/5c81ddc46e9a7f210e7ee36a/66eb7b682b0350073b2b28dc/1726709901491/Jim-Romine-whooping-crane.jpg?format=1500w
2026-03-16 06:10:27,342 - INFO -   Fetching image for: https://www.sassafrasaudubon.org/upcomingevents/2024/10/30/windows-as-threats-to-birds-sas-speaker-series-with-sarah-wanamaker
2026-03-16 06:10:27,937 - INFO -     -> http://static1.squarespace.com/static/5c8082e57a1fbd4a3af1ae0b/5c81ddc46e9a7f210e7ee36a/67166a59b0e9871c8d66b1eb/1729522433826/Window+strikes+-+Sarah+Wanamaker.png?format=1500w
2026-03-16 06:10:27,937 - INFO -   Fetching image for: https://www.sassafrasaudubon.org/upcomingevents/2024/10/5/october-pop-up-hike-at-flatwoods-park
2026-03-16 06:10:28,582 - INFO -     -> http://static1.squarespace.com/static/5c8082e57a1fbd4a3af1ae0b/5c81ddc46e9a7f210e7ee36a/66fe9ec8b260e407a06fe353/1727967114614/FlatwoodsPark_43f9e3e2-5056-a36a-06ad72d9ae8acd22.jpg?format=1500w
2026-03-16 06:10:28,582 - INFO -   Fetching image for: https://www.sassafrasaudubon.org/upcomingevents/2024/11/16/ducks-and-donuts-fall-2024
2026-03-16 06:10:29,177 - INFO -     -> http://static1.squarespace.com/static/5c8082e57a1fbd4a3af1ae0b/t/672d732aa671b25616e11406/1731031854186/Ducks+and+Donuts+banner.jpg?format=1500w
2026-03-16 06:10:29,177 - INFO -   Fetching image for: https://www.sassafrasaudubon.org/upcomingevents/2024/11/23/november-bird-trip-to-muscatatuck-nwr
2026-03-16 06:10:29,775 - INFO -     -> http://static1.squarespace.com/static/5c8082e57a1fbd4a3af1ae0b/t/672d76fe1886536027ad31b1/1731032830718/Muscatatuck.jpeg?format=1500w
2026-03-16 06:10:29,776 - INFO -   Fetching image for: https://www.sassafrasaudubon.org/upcomingevents/2024/2/24/rca-community-park-field-trip
2026-03-16 06:10:30,402 - INFO -     -> http://static1.squarespace.com/static/5c8082e57a1fbd4a3af1ae0b/t/6516d62b4e2d182bbd46323c/1695995435414/sasBloomington.png?format=1500w
2026-03-16 06:10:30,402 - INFO -   Fetching image for: https://www.sassafrasaudubon.org/upcomingevents/2024/3/16/woodcocknbspwalk-at-flatwoods-park
2026-03-16 06:10:31,061 - INFO -     -> http://static1.squarespace.com/static/5c8082e57a1fbd4a3af1ae0b/t/65df8df6087248325bac994e/1709149686464/woodcock.jpg?format=1500w
2026-03-16 06:10:31,062 - INFO -   Fetching image for: https://www.sassafrasaudubon.org/upcomingevents/2024/4/20/spring-feeder-cleaning
2026-03-16 06:10:31,704 - INFO -     -> http://static1.squarespace.com/static/5c8082e57a1fbd4a3af1ae0b/t/66128956093f6e03bdd85a6f/1712490838777/thumbnail_IMG_0975.jpg?format=1500w
2026-03-16 06:10:31,705 - INFO -   Fetching image for: https://www.sassafrasaudubon.org/upcomingevents/2024/4/7/griffy-lake-field-trip
2026-03-16 06:10:32,305 - INFO -     -> http://static1.squarespace.com/static/5c8082e57a1fbd4a3af1ae0b/t/661288b1ea5c6d01176fd9cf/1712490674059/griffy_drone_causeway.jpg?format=1500w
2026-03-16 06:10:32,305 - INFO -   Fetching image for: https://www.sassafrasaudubon.org/upcomingevents/2024/6/22/bird-hike-at-pate-hollow
2026-03-16 06:10:32,944 - INFO -     -> http://static1.squarespace.com/static/5c8082e57a1fbd4a3af1ae0b/5c81ddc46e9a7f210e7ee36a/6670cd54fc197c373447ea24/1718669977859/Pate+Hollow+David+Rupp.jpeg?format=1500w
2026-03-16 06:10:32,944 - INFO -   Fetching image for: https://www.sassafrasaudubon.org/upcomingevents/2024/7/27/bird-hike-at-clear-creek-trail
2026-03-16 06:10:33,570 - INFO -     -> http://static1.squarespace.com/static/5c8082e57a1fbd4a3af1ae0b/5c81ddc46e9a7f210e7ee36a/66906ee5685d27351f8e238a/1721222006707/Clear+Creek+Trail.jpg?format=1500w
2026-03-16 06:10:33,570 - INFO -   Fetching image for: https://www.sassafrasaudubon.org/upcomingevents/2024/8/17/swifts-in-the-city
2026-03-16 06:10:34,164 - INFO -     -> http://static1.squarespace.com/static/5c8082e57a1fbd4a3af1ae0b/5c81ddc46e9a7f210e7ee36a/66b4027ff4e57b1f475d8644/1741025775623/Chimney+Swifts+-+Graham+Plaza+-+Taylor+Ransdell.jpg?format=1500w
2026-03-16 06:10:34,164 - INFO -   Fetching image for: https://www.sassafrasaudubon.org/upcomingevents/2024/9/28/september-hike
2026-03-16 06:10:34,801 - INFO -     -> http://static1.squarespace.com/static/5c8082e57a1fbd4a3af1ae0b/5c81ddc46e9a7f210e7ee36a/66eb76052a43d9122739fbab/1741025709875/bay-breasted+warbler+-+Beanblossom+Bottoms+-+Taylor+Ransdell.jpeg?format=1500w
2026-03-16 06:10:34,801 - INFO -   Fetching image for: https://www.sassafrasaudubon.org/upcomingevents/2025/2/22/goose-pond-field-trip
2026-03-16 06:10:35,438 - INFO -     -> http://static1.squarespace.com/static/5c8082e57a1fbd4a3af1ae0b/5c81ddc46e9a7f210e7ee36a/67b65e83ee1f544ec3b8c6ba/1740005147662/sandhill%2Bcranes%2Bgoose%2Bpond%2Bnancy%2Blightfoot.jpg?format=1500w
2026-03-16 06:10:35,438 - INFO -   Fetching image for: https://www.sassafrasaudubon.org/upcomingevents/2025/3/22/ducks-and-donuts-spring-2025
2026-03-16 06:10:36,038 - INFO -     -> http://static1.squarespace.com/static/5c8082e57a1fbd4a3af1ae0b/5c81ddc46e9a7f210e7ee36a/67b64e2a39accd129dd36325/1772502991725/Ducks%2Band%2BDonuts%2Bbanner.jpg?format=1500w
2026-03-16 06:10:36,039 - INFO -   Fetching image for: https://www.sassafrasaudubon.org/upcomingevents/2025/3/22/ducks-and-donuts-spring-2025-rkfbf
2026-03-16 06:10:36,665 - INFO -     -> http://static1.squarespace.com/static/5c8082e57a1fbd4a3af1ae0b/5c81ddc46e9a7f210e7ee36a/69a63fcf47042128f9fecca2/1772503086332/Ducks%2Band%2BDonuts%2Bbanner.jpg?format=1500w
2026-03-16 06:10:36,665 - INFO -   Fetching image for: https://www.sassafrasaudubon.org/upcomingevents/2025/4/5/spring-feeder-cleaning-2025
2026-03-16 06:10:37,297 - INFO -     -> http://static1.squarespace.com/static/5c8082e57a1fbd4a3af1ae0b/5c81ddc46e9a7f210e7ee36a/67b64f5f47f2583980bc4c19/1770411686484/thumbnail_IMG_0975.jpg?format=1500w
2026-03-16 06:10:37,297 - INFO -   Fetching image for: https://www.sassafrasaudubon.org/upcomingevents/2025/4/5/spring-feeder-cleaning-2026-36m4p
2026-03-16 06:10:37,892 - INFO -     -> http://static1.squarespace.com/static/5c8082e57a1fbd4a3af1ae0b/5c81ddc46e9a7f210e7ee36a/698656a6e182790cb964f657/1770411773973/thumbnail_IMG_0975.jpg?format=1500w
2026-03-16 06:10:37,892 - INFO -   Fetching image for: https://www.sassafrasaudubon.org/upcomingevents/2025/4/8/mccormicks
2026-03-16 06:10:38,488 - INFO -     -> http://static1.squarespace.com/static/5c8082e57a1fbd4a3af1ae0b/5c81ddc46e9a7f210e7ee36a/67f55044b9d143351245e658/1744132623522/McCormick%27s+Creek+Trail+2.PNG?format=1500w
2026-03-16 06:10:38,488 - INFO -   Fetching image for: https://www.sassafrasaudubon.org/upcomingevents/2025/5/1/birdingtools101
2026-03-16 06:10:39,085 - INFO -     -> http://static1.squarespace.com/static/5c8082e57a1fbd4a3af1ae0b/5c81ddc46e9a7f210e7ee36a/67f7035d12405d32b44cb9ba/1744241852997/Birding%2BTools%2B101.jpg?format=1500w
2026-03-16 06:10:39,085 - INFO -   Fetching image for: https://www.sassafrasaudubon.org/upcomingevents/2025/6/15/sas-day-at-kent-farm-bird-banding-station
2026-03-16 06:10:39,685 - INFO -     -> http://static1.squarespace.com/static/5c8082e57a1fbd4a3af1ae0b/5c81ddc46e9a7f210e7ee36a/68462478d97c1e76140a866a/1749429645452/Copy+of+Copy+of+IMG_3295.JPG?format=1500w
2026-03-16 06:10:39,685 - INFO -   Fetching image for: https://www.sassafrasaudubon.org/upcomingevents/2025/6/21/bird-hike-at-griffy-lake
2026-03-16 06:10:40,311 - INFO -     -> http://static1.squarespace.com/static/5c8082e57a1fbd4a3af1ae0b/5c81ddc46e9a7f210e7ee36a/68461bc97451ff21ee940f81/1749425398799/griffy_drone_causeway.jpg?format=1500w
2026-03-16 06:10:40,311 - INFO -   Fetching image for: https://www.sassafrasaudubon.org/upcomingevents/2025/speaker-david-rupp-tropics
2026-03-16 06:10:40,948 - INFO -     -> http://static1.squarespace.com/static/5c8082e57a1fbd4a3af1ae0b/5c81ddc46e9a7f210e7ee36a/67ca4ff13dde3208814ad377/1744132663850/Orange%2Bcrowned%2BTanager.jpg?format=1500w
2026-03-16 06:10:40,948 - INFO -   Fetching image for: https://www.sassafrasaudubon.org/upcomingevents/2026/2/25/speaker-series-cerulean-warbler-birdscape
2026-03-16 06:10:41,543 - INFO -     -> http://static1.squarespace.com/static/5c8082e57a1fbd4a3af1ae0b/5c81ddc46e9a7f210e7ee36a/69864f283602c357f2270d8f/1770409927142/IMG_5036.jpeg?format=1500w
2026-03-16 06:10:41,543 - INFO -   Fetching image for: https://www.sassafrasaudubon.org/upcomingevents/2026/2/28/goose-pond-field-trip
2026-03-16 06:10:42,149 - INFO -     -> http://static1.squarespace.com/static/5c8082e57a1fbd4a3af1ae0b/5c81ddc46e9a7f210e7ee36a/69864fed1c8d586ead59350f/1770410552869/sandhill+cranes+goose+pond+nancy+lightfoot.png?format=1500w
2026-03-16 06:10:42,149 - INFO -   Fetching image for: https://www.sassafrasaudubon.org/upcomingevents/woodcockwalk2025
2026-03-16 06:10:42,786 - INFO -     -> http://static1.squarespace.com/static/5c8082e57a1fbd4a3af1ae0b/5c81ddc46e9a7f210e7ee36a/67cb4abf98d84c4ad6954d4a/1772656674399/woodcock.jpg?format=1500w
2026-03-16 06:10:42,786 - INFO - sassafras_audubon.ics: added 32 image(s)
2026-03-16 06:10:42,787 - INFO - Processing master_gardeners.ics...
2026-03-16 06:10:42,787 - INFO -   Fetching image for: https://www.mcmga.net/events/2h84m9hr2bndnxl358pedd9ryh9w5e-6dlkg-p8nml-ykbcy-7k74t-b7wky-lhr4l-fae9l-mkmn7-kyk4a-m6nwr-d6jar
2026-03-16 06:10:43,455 - INFO -     -> http://static1.squarespace.com/static/5fd5057a67ebfc29b09298b4/5fd53375dca2215260252557/67c5e8daadcddb5e0af15fde/1741023470685/EMG+social+media+2021.jpg?format=1500w
2026-03-16 06:10:43,455 - INFO -   Fetching image for: https://www.mcmga.net/events/2h84m9hr2bndnxl358pedd9ryh9w5e-6dlkg-p8nml-ykbcy-7k74t-b7wky-lhr4l-fae9l-mkmn7-kyk4a-m6nwr-d6jar-lpr67
2026-03-16 06:10:44,175 - INFO -     -> http://static1.squarespace.com/static/5fd5057a67ebfc29b09298b4/5fd53375dca2215260252557/67c5e8f5eff4f30a74698ca7/1741023500154/EMG+social+media+2021.jpg?format=1500w
2026-03-16 06:10:44,175 - INFO -   Fetching image for: https://www.mcmga.net/events/2h84m9hr2bndnxl358pedd9ryh9w5e-6dlkg-p8nml-ykbcy-7k74t-b7wky-lhr4l-fae9l-mkmn7-kyk4a-m6nwr-d6jar-lpr67-lg954
2026-03-16 06:10:44,857 - INFO -     -> http://static1.squarespace.com/static/5fd5057a67ebfc29b09298b4/5fd53375dca2215260252557/67c5e91673029819ef960949/1741023531458/EMG+social+media+2021.jpg?format=1500w
2026-03-16 06:10:44,857 - INFO -   Fetching image for: https://www.mcmga.net/events/book-club-n4f3m
2026-03-16 06:10:45,526 - INFO -     -> http://static1.squarespace.com/static/5fd5057a67ebfc29b09298b4/5fd53375dca2215260252557/68c19f4723475e54255870aa/1757520480531/dungy.jpg?format=1500w
2026-03-16 06:10:45,526 - INFO -   Fetching image for: https://www.mcmga.net/events/book-club-n4f3m-5fdt5
2026-03-16 06:10:46,391 - INFO -     -> http://static1.squarespace.com/static/5fd5057a67ebfc29b09298b4/5fd53375dca2215260252557/68c1a1166fc7797737614634/1757520858900/mcPhee.jpg?format=1500w
2026-03-16 06:10:46,391 - INFO -   Fetching image for: https://www.mcmga.net/events/book-club-n4f3m-5fdt5-2ldne
2026-03-16 06:10:47,054 - INFO -     -> http://static1.squarespace.com/static/5fd5057a67ebfc29b09298b4/5fd53375dca2215260252557/68c1a3da56dae13971184d76/1757521269050/kimmerer.jpg?format=1500w
2026-03-16 06:10:47,054 - INFO -   Fetching image for: https://www.mcmga.net/events/book-club-n4f3m-5fdt5-2ldne-h3gaw
2026-03-16 06:10:47,749 - INFO -     -> http://static1.squarespace.com/static/5fd5057a67ebfc29b09298b4/t/68c1a6988328676059ce9d2e/1757521560047/capek.jpg?format=1500w
2026-03-16 06:10:47,749 - INFO -   Fetching image for: https://www.mcmga.net/events/garden-fair-3
2026-03-16 06:10:48,442 - INFO -     -> http://static1.squarespace.com/static/5fd5057a67ebfc29b09298b4/5fd53375dca2215260252557/6960618570cacc015ffde7d6/1767924313716/cabbage.jpg?format=1500w
2026-03-16 06:10:48,442 - INFO -   Fetching image for: https://www.mcmga.net/events/harvest-dinner-2025
2026-03-16 06:10:49,147 - INFO -     -> http://static1.squarespace.com/static/5fd5057a67ebfc29b09298b4/5fd53375dca2215260252557/68b4ddabb5ad914100954897/1768582477599/ai-chili.jpg?format=1500w
2026-03-16 06:10:49,147 - INFO -   Fetching image for: https://www.mcmga.net/events/intern-training-class-y276x-ljlxz-ercbj-r3ewg-xmne2-e273j-3pkfs-ccrna
2026-03-16 06:10:49,833 - INFO -     -> http://static1.squarespace.com/static/5fd5057a67ebfc29b09298b4/5fd53375dca2215260252557/696a6e738406e71aa1a53174/1770666876212/EMG+Brand+2+color.jpg?format=1500w
2026-03-16 06:10:49,833 - INFO -   Fetching image for: https://www.mcmga.net/events/intern-training-class-y276x-ljlxz-ercbj-r3ewg-xmne2-e273j-3pkfs-ccrna-agp3b
2026-03-16 06:10:50,494 - INFO -     -> http://static1.squarespace.com/static/5fd5057a67ebfc29b09298b4/5fd53375dca2215260252557/696a8386152b8f41e30d941a/1768588283582/EMG+Brand+2+color.jpg?format=1500w
2026-03-16 06:10:50,494 - INFO -   Fetching image for: https://www.mcmga.net/events/intern-training-class-y276x-ljlxz-ercbj-r3ewg-xmne2-e273j-3pkfs-ccrna-agp3b-tnxs6
2026-03-16 06:10:51,162 - INFO -     -> http://static1.squarespace.com/static/5fd5057a67ebfc29b09298b4/5fd53375dca2215260252557/696a87273e4c1d17be0bff23/1768589163316/EMG+Brand+2+color.jpg?format=1500w
2026-03-16 06:10:51,162 - INFO -   Fetching image for: https://www.mcmga.net/events/intern-training-class-y276x-ljlxz-ercbj-r3ewg-xmne2-e273j-3pkfs-ccrna-agp3b-tnxs6-ned24
2026-03-16 06:10:51,868 - INFO -     -> http://static1.squarespace.com/static/5fd5057a67ebfc29b09298b4/5fd53375dca2215260252557/696a87804188d1282cd25f72/1768589224666/EMG+Brand+2+color.jpg?format=1500w
2026-03-16 06:10:51,868 - INFO -   Fetching image for: https://www.mcmga.net/events/intern-training-class-y276x-ljlxz-ercbj-r3ewg-xmne2-e273j-3pkfs-ccrna-agp3b-tnxs6-ned24-kk5hg
2026-03-16 06:10:52,575 - INFO -     -> http://static1.squarespace.com/static/5fd5057a67ebfc29b09298b4/5fd53375dca2215260252557/696a87b09ee9233b359767d7/1768589275725/EMG+Brand+2+color.jpg?format=1500w
2026-03-16 06:10:52,575 - INFO -   Fetching image for: https://www.mcmga.net/events/intern-training-class-y276x-ljlxz-ercbj-r3ewg-xmne2-e273j-3pkfs-ccrna-agp3b-tnxs6-ned24-kk5hg-7t8hg
2026-03-16 06:10:53,284 - INFO -     -> http://static1.squarespace.com/static/5fd5057a67ebfc29b09298b4/5fd53375dca2215260252557/696a87e1967aec0e79bfb439/1768589328319/EMG+Brand+2+color.jpg?format=1500w
2026-03-16 06:10:53,284 - INFO -   Fetching image for: https://www.mcmga.net/events/intern-training-class-y276x-ljlxz-ercbj-r3ewg-xmne2-e273j-3pkfs-ccrna-agp3b-tnxs6-ned24-kk5hg-7t8hg-pj9ng
2026-03-16 06:10:53,945 - INFO -     -> http://static1.squarespace.com/static/5fd5057a67ebfc29b09298b4/5fd53375dca2215260252557/696a8830ee287e7ca8a052bd/1768589424273/EMG+Brand+2+color.jpg?format=1500w
2026-03-16 06:10:53,945 - INFO -   Fetching image for: https://www.mcmga.net/events/intern-training-class-y276x-ljlxz-ercbj-r3ewg-xmne2-e273j-3pkfs-ccrna-agp3b-tnxs6-ned24-kk5hg-7t8hg-pj9ng-emzlh
2026-03-16 06:10:54,623 - INFO -     -> http://static1.squarespace.com/static/5fd5057a67ebfc29b09298b4/5fd53375dca2215260252557/696a887f0838aa3d027daf7e/1768589485170/EMG+Brand+2+color.jpg?format=1500w
2026-03-16 06:10:54,623 - INFO -   Fetching image for: https://www.mcmga.net/events/intern-training-class-y276x-ljlxz-ercbj-r3ewg-xmne2-e273j-3pkfs-ccrna-agp3b-tnxs6-ned24-kk5hg-7t8hg-pj9ng-emzlh-wjkyd
2026-03-16 06:10:55,289 - INFO -     -> http://static1.squarespace.com/static/5fd5057a67ebfc29b09298b4/5fd53375dca2215260252557/696a88b4c3e7a218a8231acc/1768589530617/EMG+Brand+2+color.jpg?format=1500w
2026-03-16 06:10:55,289 - INFO -   Fetching image for: https://www.mcmga.net/events/intern-training-class-y276x-ljlxz-ercbj-r3ewg-xmne2-e273j-3pkfs-ccrna-agp3b-tnxs6-ned24-kk5hg-7t8hg-pj9ng-emzlh-wjkyd-bdsft
2026-03-16 06:10:55,995 - INFO -     -> http://static1.squarespace.com/static/5fd5057a67ebfc29b09298b4/5fd53375dca2215260252557/696a88e2e85e3029ed9215b1/1768589595599/EMG+Brand+2+color.jpg?format=1500w
2026-03-16 06:10:55,996 - INFO -   Fetching image for: https://www.mcmga.net/events/intern-training-class-y276x-ljlxz-ercbj-r3ewg-xmne2-e273j-3pkfs-ccrna-agp3b-tnxs6-ned24-kk5hg-7t8hg-pj9ng-emzlh-wjkyd-bdsft-jrkm4
2026-03-16 06:10:56,666 - INFO -     -> http://static1.squarespace.com/static/5fd5057a67ebfc29b09298b4/5fd53375dca2215260252557/696a8922152b8f41e30f7a5f/1768589636113/EMG+Brand+2+color.jpg?format=1500w
2026-03-16 06:10:56,666 - INFO -   Fetching image for: https://www.mcmga.net/events/intern-training-class-y276x-ljlxz-ercbj-r3ewg-xmne2-e273j-3pkfs-ccrna-agp3b-tnxs6-ned24-kk5hg-7t8hg-pj9ng-emzlh-wjkyd-bdsft-jrkm4-4flc9
2026-03-16 06:10:57,336 - INFO -     -> http://static1.squarespace.com/static/5fd5057a67ebfc29b09298b4/5fd53375dca2215260252557/696a894a1004a667258eeaaf/1768589677439/EMG+Brand+2+color.jpg?format=1500w
2026-03-16 06:10:57,337 - INFO -   Fetching image for: https://www.mcmga.net/events/intern-training-class-y276x-ljlxz-ercbj-r3ewg-xmne2-e273j-3pkfs-ccrna-agp3b-tnxs6-ned24-kk5hg-7t8hg-pj9ng-emzlh-wjkyd-bdsft-jrkm4-4flc9-zr2j3
2026-03-16 06:10:58,200 - INFO -     -> http://static1.squarespace.com/static/5fd5057a67ebfc29b09298b4/5fd53375dca2215260252557/696a89752a6cf975de23cfbd/1768589747869/EMG+Brand+2+color.jpg?format=1500w
2026-03-16 06:10:58,201 - INFO -   Fetching image for: https://www.mcmga.net/events/intern-training-class-y276x-ljlxz-ercbj-r3ewg-xmne2-e273j-3pkfs-ccrna-agp3b-tnxs6-ned24-kk5hg-7t8hg-pj9ng-emzlh-wjkyd-bdsft-jrkm4-4flc9-zr2j3-cjy6m
2026-03-16 06:10:58,875 - INFO -     -> http://static1.squarespace.com/static/5fd5057a67ebfc29b09298b4/5fd53375dca2215260252557/696a89bf00781145bb71160a/1768589826637/EMG+Brand+2+color.jpg?format=1500w
2026-03-16 06:10:58,875 - INFO -   Fetching image for: https://www.mcmga.net/events/intern-training-class-y276x-ljlxz-ercbj-r3ewg-xmne2-e273j-3pkfs-ccrna-agp3b-tnxs6-ned24-kk5hg-7t8hg-pj9ng-emzlh-wjkyd-bdsft-jrkm4-4flc9-zr2j3-cjy6m-n3gdb
2026-03-16 06:10:59,587 - INFO -     -> http://static1.squarespace.com/static/5fd5057a67ebfc29b09298b4/5fd53375dca2215260252557/696a8a14bda3b83c5e1ab4cd/1768589897335/EMG+Brand+2+color.jpg?format=1500w
2026-03-16 06:10:59,588 - INFO -   Fetching image for: https://www.mcmga.net/events/intern-training-class-y276x-ljlxz-ercbj-r3ewg-xmne2-e273j-3pkfs-ccrna-agp3b-tnxs6-ned24-kk5hg-7t8hg-pj9ng-emzlh-wjkyd-bdsft-jrkm4-4flc9-zr2j3-cjy6m-n3gdb-2km9t
2026-03-16 06:11:00,294 - INFO -     -> http://static1.squarespace.com/static/5fd5057a67ebfc29b09298b4/5fd53375dca2215260252557/696a8a4fb86a715bd79500cf/1768589960171/EMG+Brand+2+color.jpg?format=1500w
2026-03-16 06:11:00,294 - INFO -   Fetching image for: https://www.mcmga.net/events/intern-training-class-y276x-ljlxz-ercbj-r3ewg-xmne2-e273j-3pkfs-ccrna-s6k9j
2026-03-16 06:11:00,957 - INFO -     -> http://static1.squarespace.com/static/5fd5057a67ebfc29b09298b4/5fd53375dca2215260252557/696a8ad02a6cf975de243dc6/1770666904332/EMG+Brand+2+color.jpg?format=1500w
2026-03-16 06:11:00,957 - INFO -   Fetching image for: https://www.mcmga.net/events/intern-training-class-y276x-ljlxz-ercbj-r3ewg-xmne2-e273j-3pkfs-ccrna-s6k9j-9fdg5
2026-03-16 06:11:01,682 - INFO -     -> http://static1.squarespace.com/static/5fd5057a67ebfc29b09298b4/5fd53375dca2215260252557/696a8b0ae06ad756aa19e375/1770666933592/EMG+Brand+2+color.jpg?format=1500w
2026-03-16 06:11:01,682 - INFO -   Fetching image for: https://www.mcmga.net/events/intern-training-class-y276x-ljlxz-ercbj-r3ewg-xmne2-e273j-3pkfs-ccrna-s6k9j-9fdg5-3bxfk
2026-03-16 06:11:02,362 - INFO -     -> http://static1.squarespace.com/static/5fd5057a67ebfc29b09298b4/5fd53375dca2215260252557/696a8b333e4c1d17be0d42c8/1770666966067/EMG+Brand+2+color.jpg?format=1500w
2026-03-16 06:11:02,363 - INFO -   Fetching image for: https://www.mcmga.net/events/intern-training-class-y276x-ljlxz-ercbj-r3ewg-xmne2-e273j-3pkfs-ccrna-s6k9j-9fdg5-3bxfk-ad64z
2026-03-16 06:11:03,020 - INFO -     -> http://static1.squarespace.com/static/5fd5057a67ebfc29b09298b4/5fd53375dca2215260252557/696a8b686672981a8a422d3c/1770666998694/EMG+Brand+2+color.jpg?format=1500w
2026-03-16 06:11:03,020 - INFO -   Fetching image for: https://www.mcmga.net/events/intern-training-class-y276x-ljlxz-ercbj-r3ewg-xmne2-e273j-3pkfs-ccrna-s6k9j-9fdg5-3bxfk-ad64z-g672j
2026-03-16 06:11:03,726 - INFO -     -> http://static1.squarespace.com/static/5fd5057a67ebfc29b09298b4/5fd53375dca2215260252557/696a8b97e06ad756aa1a18b9/1770667066563/EMG+Brand+2+color.jpg?format=1500w
2026-03-16 06:11:03,726 - INFO -   Fetching image for: https://www.mcmga.net/events/intern-training-class-y276x-ljlxz-ercbj-r3ewg-xmne2-e273j-3pkfs-ccrna-s6k9j-9fdg5-3bxfk-ad64z-g672j-gls8w
2026-03-16 06:11:04,426 - INFO -     -> http://static1.squarespace.com/static/5fd5057a67ebfc29b09298b4/5fd53375dca2215260252557/696a8c57720430050f7353b7/1770667096142/EMG+Brand+2+color.jpg?format=1500w
2026-03-16 06:11:04,426 - INFO -   Fetching image for: https://www.mcmga.net/events/intern-training-class-y276x-ljlxz-ercbj-r3ewg-xmne2-e273j-3pkfs-ccrna-s6k9j-9fdg5-3bxfk-ad64z-g672j-gls8w-axm8b
2026-03-16 06:11:05,137 - INFO -     -> http://static1.squarespace.com/static/5fd5057a67ebfc29b09298b4/5fd53375dca2215260252557/696a8c7f4188d1282cd417b2/1770667124421/EMG+Brand+2+color.jpg?format=1500w
2026-03-16 06:11:05,137 - INFO -   Fetching image for: https://www.mcmga.net/events/intern-training-class-y276x-ljlxz-ercbj-r3ewg-xmne2-e273j-3pkfs-ccrna-s6k9j-9fdg5-3bxfk-ad64z-g672j-gls8w-axm8b-7f58z
2026-03-16 06:11:05,841 - INFO -     -> http://static1.squarespace.com/static/5fd5057a67ebfc29b09298b4/5fd53375dca2215260252557/696a8cabb4a32617e22b8392/1770667190550/EMG+Brand+2+color.jpg?format=1500w
2026-03-16 06:11:05,842 - INFO -   Fetching image for: https://www.mcmga.net/events/intern-training-class-y276x-ljlxz-ercbj-r3ewg-xmne2-e273j-3pkfs-ccrna-s6k9j-9fdg5-3bxfk-ad64z-g672j-gls8w-axm8b-7f58z-w3ebb
2026-03-16 06:11:06,536 - INFO -     -> http://static1.squarespace.com/static/5fd5057a67ebfc29b09298b4/5fd53375dca2215260252557/696a8cf0f50642363f00580b/1770667217718/EMG+Brand+2+color.jpg?format=1500w
2026-03-16 06:11:06,536 - INFO -   Fetching image for: https://www.mcmga.net/events/intern-training-class-y276x-ljlxz-ercbj-r3ewg-xmne2-e273j-3pkfs-ccrna-s6k9j-9fdg5-3bxfk-ad64z-g672j-gls8w-axm8b-7f58z-w3ebb-pphwh
2026-03-16 06:11:07,234 - INFO -     -> http://static1.squarespace.com/static/5fd5057a67ebfc29b09298b4/5fd53375dca2215260252557/696a8d19ee287e7ca8a1e79d/1770667305241/EMG+Brand+2+color.jpg?format=1500w
2026-03-16 06:11:07,235 - INFO -   Fetching image for: https://www.mcmga.net/events/intern-training-class-y276x-ljlxz-ercbj-r3ewg-xmne2-e273j-3pkfs-ccrna-s6k9j-9fdg5-3bxfk-ad64z-g672j-gls8w-axm8b-7f58z-w3ebb-pphwh-2m553
2026-03-16 06:11:07,902 - INFO -     -> http://static1.squarespace.com/static/5fd5057a67ebfc29b09298b4/5fd53375dca2215260252557/696a90d5b74bf71f60491e96/1770667335625/EMG+Brand+2+color.jpg?format=1500w
2026-03-16 06:11:07,902 - INFO -   Fetching image for: https://www.mcmga.net/events/intern-training-class-y276x-ljlxz-ercbj-r3ewg-xmne2-e273j-3pkfs-ccrna-s6k9j-9fdg5-3bxfk-ad64z-g672j-gls8w-axm8b-7f58z-w3ebb-pphwh-2m553-ye8lc
2026-03-16 06:11:08,631 - INFO -     -> http://static1.squarespace.com/static/5fd5057a67ebfc29b09298b4/5fd53375dca2215260252557/696a90f8f50642363f018dcf/1770667364127/EMG+Brand+2+color.jpg?format=1500w
2026-03-16 06:11:08,631 - INFO -   Fetching image for: https://www.mcmga.net/events/intern-training-class-y276x-ljlxz-ercbj-r3ewg-xmne2-e273j-3pkfs-ccrna-s6k9j-9fdg5-3bxfk-ad64z-g672j-gls8w-axm8b-7f58z-w3ebb-pphwh-36cae
2026-03-16 06:11:09,299 - INFO -     -> http://static1.squarespace.com/static/5fd5057a67ebfc29b09298b4/5fd53375dca2215260252557/696a8dd59d4ea61ff3005389/1770667252519/EMG+Brand+2+color.jpg?format=1500w
2026-03-16 06:11:09,299 - INFO -   Fetching image for: https://www.mcmga.net/events/mayss63web9dmr9s3gh3g7zl6a857m
2026-03-16 06:11:09,960 - INFO -     -> http://static1.squarespace.com/static/5fd5057a67ebfc29b09298b4/5fd53375dca2215260252557/696a54605f3b74400c64c47a/1768576303691/EMG+social+media+2021.jpg?format=1500w
2026-03-16 06:11:09,961 - INFO -   Fetching image for: https://www.mcmga.net/events/mayss63web9dmr9s3gh3g7zl6a857m-enhmc
2026-03-16 06:11:10,625 - INFO -     -> http://static1.squarespace.com/static/5fd5057a67ebfc29b09298b4/5fd53375dca2215260252557/696a552f238c4125bf037212/1768576414667/EMG+social+media+2021.jpg?format=1500w
2026-03-16 06:11:10,625 - INFO -   Fetching image for: https://www.mcmga.net/events/mayss63web9dmr9s3gh3g7zl6a857m-enhmc-a2lt3
2026-03-16 06:11:11,301 - INFO -     -> http://static1.squarespace.com/static/5fd5057a67ebfc29b09298b4/5fd53375dca2215260252557/696a55c6238c4125bf039cc7/1768576488278/EMG+social+media+2021.jpg?format=1500w
2026-03-16 06:11:11,301 - INFO -   Fetching image for: https://www.mcmga.net/events/mayss63web9dmr9s3gh3g7zl6a857m-enhmc-a2lt3-r9nma
2026-03-16 06:11:12,260 - INFO -     -> http://static1.squarespace.com/static/5fd5057a67ebfc29b09298b4/5fd53375dca2215260252557/696a55f8d2e3183328b126bf/1768576539370/EMG+social+media+2021.jpg?format=1500w
2026-03-16 06:11:12,260 - INFO -   Fetching image for: https://www.mcmga.net/events/purdue-extension-monroe-county-blood-drive
2026-03-16 06:11:12,969 - INFO -     -> http://static1.squarespace.com/static/5fd5057a67ebfc29b09298b4/5fd53375dca2215260252557/696a52c9767777563bd16358/1768576008470/EMG+social+media+2021.jpg?format=1500w
2026-03-16 06:11:12,969 - INFO -   Fetching image for: https://www.mcmga.net/events/steps-to-a-low-maintenance-vegetable-garden
2026-03-16 06:11:13,681 - INFO -     -> http://static1.squarespace.com/static/5fd5057a67ebfc29b09298b4/5fd53375dca2215260252557/695ee627fa38ce619ce1f020/1768577154673/beans1.jpg?format=1500w
2026-03-16 06:11:13,681 - INFO -   Fetching image for: https://www.mcmga.net/events/steps-to-a-low-maintenance-vegetable-garden-epjbc
2026-03-16 06:11:14,326 - INFO -     -> http://static1.squarespace.com/static/5fd5057a67ebfc29b09298b4/5fd53375dca2215260252557/696a5882cf4da278f7ea6276/1770666664062/pam-4.jpg?format=1500w
2026-03-16 06:11:14,327 - INFO -   Fetching image for: https://www.mcmga.net/events/steps-to-a-low-maintenance-vegetable-garden-epjbc-spjct
2026-03-16 06:11:15,102 - INFO -     -> http://static1.squarespace.com/static/5fd5057a67ebfc29b09298b4/5fd53375dca2215260252557/696a5c36d2e3183328b3186d/1770667510354/volunteer-hilltop-1.jpg?format=1500w
2026-03-16 06:11:15,102 - INFO -   Fetching image for: https://www.mcmga.net/events/steps-to-a-low-maintenance-vegetable-garden-epjbc-spjct-rt3nd
2026-03-16 06:11:15,918 - INFO -     -> http://static1.squarespace.com/static/5fd5057a67ebfc29b09298b4/5fd53375dca2215260252557/696a5eb656e8382651003dd6/1770667633931/Hydrangea_Pic1.jpg?format=1500w
2026-03-16 06:11:15,918 - INFO -   Fetching image for: https://www.mcmga.net/events/volunteering-at-hilltop-twac4
2026-03-16 06:11:16,654 - INFO -     -> http://static1.squarespace.com/static/5fd5057a67ebfc29b09298b4/5fd53375dca2215260252557/68e41d93351bc372d0348643/1759780323373/herb-garden.jpg?format=1500w
2026-03-16 06:11:16,654 - INFO -   Fetching image for: https://www.mcmga.net/events/volunteering-at-hilltop-twac4-wynkj
2026-03-16 06:11:17,313 - INFO -     -> http://static1.squarespace.com/static/5fd5057a67ebfc29b09298b4/5fd53375dca2215260252557/68e41dbc9156622dca583525/1759780314399/herb-garden.jpg?format=1500w
2026-03-16 06:11:17,313 - INFO -   Fetching image for: https://www.mcmga.net/events/volunteering-at-hilltop-x5pjx
2026-03-16 06:11:18,010 - INFO -     -> http://static1.squarespace.com/static/5fd5057a67ebfc29b09298b4/5fd53375dca2215260252557/68e41d6348cf9e5271009307/1759780332452/herb-garden.jpg?format=1500w
2026-03-16 06:11:18,010 - INFO -   Fetching image for: https://www.mcmga.net/events/volunteering-at-wonderlab-psxxf
2026-03-16 06:11:18,687 - INFO -     -> http://static1.squarespace.com/static/5fd5057a67ebfc29b09298b4/5fd53375dca2215260252557/68e45d9f74560c386ebdcb50/1759796914221/IMG_7497.jpg?format=1500w
2026-03-16 06:11:18,687 - INFO - master_gardeners.ics: added 51 image(s)
2026-03-16 06:11:18,687 - INFO - Processing sycamore_land_trust.ics...
2026-03-16 06:11:18,688 - INFO -   Fetching image for: https://sycamorelandtrust.org/2026/03/spring-plant-sale-to-benefit-our-native-plant-nursery/
2026-03-16 06:11:19,370 - INFO -     No image found
2026-03-16 06:11:19,370 - INFO -   Fetching image for: https://sycamorelandtrust.org/2026/03/arbor-day-tree-giveaway-5/
2026-03-16 06:11:19,997 - INFO -     No image found
2026-03-16 06:11:19,997 - INFO -   Fetching image for: https://sycamorelandtrust.org/2026/03/preserve-a-preserve-weed-wrangle-at-beanblossom-bottoms-nature-preserve-2/
2026-03-16 06:11:20,667 - INFO -     No image found
2026-03-16 06:11:20,667 - INFO -   Fetching image for: https://sycamorelandtrust.org/2026/03/fire-on-the-landscape-with-sam-shoaf/
2026-03-16 06:11:21,294 - INFO -     No image found
2026-03-16 06:11:21,295 - INFO -   Fetching image for: https://sycamorelandtrust.org/2026/02/wings-map-and-compass/
2026-03-16 06:11:21,997 - INFO -     No image found
2026-03-16 06:11:21,997 - INFO -   Fetching image for: https://sycamorelandtrust.org/2026/02/the-hidden-world-of-lichens-with-gillian-harris/
2026-03-16 06:11:22,624 - INFO -     No image found
2026-03-16 06:11:22,624 - INFO -   Fetching image for: https://sycamorelandtrust.org/2026/02/preserve-a-preserve-weed-wrangle-at-porter-west-2/
2026-03-16 06:11:23,250 - INFO -     No image found
2026-03-16 06:11:23,250 - INFO -   Fetching image for: https://sycamorelandtrust.org/2025/03/spring-native-plant-sale-to-benefit-sycamores-native-plant-nursery/
2026-03-16 06:11:23,916 - INFO -     No image found
2026-03-16 06:11:23,916 - INFO -   Fetching image for: https://sycamorelandtrust.org/2025/04/spring-birding-with-david-rupp/
2026-03-16 06:11:24,627 - INFO -     No image found
2026-03-16 06:11:24,628 - INFO -   Fetching image for: https://sycamorelandtrust.org/2025/02/welcome-to-warblers-with-randy-jones/
2026-03-16 06:11:25,348 - INFO -     No image found
2026-03-16 06:11:25,348 - INFO -   Fetching image for: https://sycamorelandtrust.org/2025/03/arbor-day-tree-giveaway-4/
2026-03-16 06:11:26,013 - INFO -     No image found
2026-03-16 06:11:26,013 - INFO -   Fetching image for: https://sycamorelandtrust.org/2025/03/weed-wrangle-at-the-laura-hare-nature-preserve-at-downey-hill/
2026-03-16 06:11:26,640 - INFO -     No image found
2026-03-16 06:11:26,640 - INFO -   Fetching image for: https://sycamorelandtrust.org/2025/03/weed-wrangle-at-amy-weingartner-branigin-peninsula-preserve/
2026-03-16 06:11:27,268 - INFO -     No image found
2026-03-16 06:11:27,268 - INFO -   Fetching image for: https://sycamorelandtrust.org/2025/03/woodland-awakening-with-saige-sentell-2/
2026-03-16 06:11:27,951 - INFO -     No image found
2026-03-16 06:11:27,951 - INFO -   Fetching image for: https://sycamorelandtrust.org/2025/03/woodland-awakening-with-saige-sentell/
2026-03-16 06:11:28,944 - INFO -     No image found
2026-03-16 06:11:28,944 - INFO -   Fetching image for: https://sycamorelandtrust.org/2025/02/little-hikers-crafting-adventures-with-saige-sentell/
2026-03-16 06:11:29,627 - INFO -     No image found
2026-03-16 06:11:29,627 - INFO -   Fetching image for: https://sycamorelandtrust.org/2025/02/sky-dance-at-twilight-hike-with-cathy-meyer/
2026-03-16 06:11:30,296 - INFO -     No image found
2026-03-16 06:11:30,296 - INFO -   Fetching image for: https://sycamorelandtrust.org/2024/12/early-bird-hike-with-ben-fleet/
2026-03-16 06:11:30,921 - INFO -     No image found
2026-03-16 06:11:30,921 - INFO -   Fetching image for: https://sycamorelandtrust.org/2025/01/weed-wrangle-at-canyon-forest-nature-preserve-2/
2026-03-16 06:11:31,575 - INFO -     No image found
2026-03-16 06:11:31,575 - INFO -   Fetching image for: https://sycamorelandtrust.org/2024/04/wetland-spring-bird-walk/
2026-03-16 06:11:32,202 - INFO -     No image found
2026-03-16 06:11:32,203 - INFO -   Fetching image for: https://sycamorelandtrust.org/2024/03/spring-plant-sale-to-benefit-sycamores-native-plant-nursery/
2026-03-16 06:11:32,829 - INFO -     No image found
2026-03-16 06:11:32,829 - INFO -   Fetching image for: https://sycamorelandtrust.org/2024/04/preserve-a-preserve-weed-wrangle-spring-series-porter-west-preserve/
2026-03-16 06:11:33,530 - INFO -     No image found
2026-03-16 06:11:33,530 - INFO -   Fetching image for: https://sycamorelandtrust.org/2024/04/preserve-a-preserve-weed-wrangle-spring-series-amy-weingartner-branigin-peninsula-preserve/
2026-03-16 06:11:34,162 - INFO -     No image found
2026-03-16 06:11:34,162 - INFO -   Fetching image for: https://sycamorelandtrust.org/2024/03/arbor-day-tree-giveaway-3/
2026-03-16 06:11:34,806 - INFO -     No image found
2026-03-16 06:11:34,806 - INFO -   Fetching image for: https://sycamorelandtrust.org/2024/02/earth-day-preserve-a-preserve-weed-wrangle/
2026-03-16 06:11:35,487 - INFO -     No image found
2026-03-16 06:11:35,487 - INFO -   Fetching image for: https://sycamorelandtrust.org/2024/02/earth-week-preserve-a-preserve-weed-wrangle/
2026-03-16 06:11:36,114 - INFO -     No image found
2026-03-16 06:11:36,114 - INFO -   Fetching image for: https://sycamorelandtrust.org/2024/02/2024-eclipse-information-closures/
2026-03-16 06:11:36,796 - INFO -     No image found
2026-03-16 06:11:36,796 - INFO -   Fetching image for: https://sycamorelandtrust.org/2024/02/sky-dance-twilight-hike-2/
2026-03-16 06:11:37,484 - INFO -     No image found
2026-03-16 06:11:37,484 - INFO -   Fetching image for: https://sycamorelandtrust.org/2023/05/a-conversation-with-sergio-henriques-wild-lights-of-beanblossom-bottoms-and-beyond/
2026-03-16 06:11:38,173 - INFO -     No image found
2026-03-16 06:11:38,173 - INFO -   Fetching image for: https://sycamorelandtrust.org/2023/04/women-in-sustainability-weed-wrangle-workday/
2026-03-16 06:11:38,799 - INFO -     No image found
2026-03-16 06:11:38,799 - INFO -   Fetching image for: https://sycamorelandtrust.org/2023/02/arbor-day-tree-giveaway-bloomington-2/
2026-03-16 06:11:39,428 - INFO -     No image found
2026-03-16 06:11:39,428 - INFO -   Fetching image for: https://sycamorelandtrust.org/2023/02/arbor-day-tree-giveaway-evansville-2/
2026-03-16 06:11:40,056 - INFO -     No image found
2026-03-16 06:11:40,056 - INFO -   Fetching image for: https://sycamorelandtrust.org/2023/04/earth-day-preserve-a-preserve-volunteer-workday/
2026-03-16 06:11:40,701 - INFO -     No image found
2026-03-16 06:11:40,701 - INFO -   Fetching image for: https://sycamorelandtrust.org/2023/04/online-auction-of-rare-decoys-and-audubon-books-and-prints-to-benefit-sycamore-land-trust/
2026-03-16 06:11:41,329 - INFO -     No image found
2026-03-16 06:11:41,329 - INFO -   Fetching image for: https://sycamorelandtrust.org/2023/03/queer-indiana-spring-pride-hike/
2026-03-16 06:11:42,292 - INFO -     No image found
2026-03-16 06:11:42,293 - INFO -   Fetching image for: https://sycamorelandtrust.org/2023/03/geology-of-canyon-forest-nature-preserve-amy-weingartner-branigin-peninsula-preserve-with-russell-boulding/
2026-03-16 06:11:42,965 - INFO -     No image found
2026-03-16 06:11:42,965 - INFO -   Fetching image for: https://sycamorelandtrust.org/2023/03/spring-wildflower-fungi-guided-hike-at-porter-west-preserve/
2026-03-16 06:11:43,678 - INFO -     No image found
2026-03-16 06:11:43,678 - INFO -   Fetching image for: https://sycamorelandtrust.org/2023/03/sky-dance-twilight-hike-at-beanblossom-bottoms-2/
2026-03-16 06:11:44,306 - INFO -     No image found
2026-03-16 06:11:44,306 - INFO -   Fetching image for: https://sycamorelandtrust.org/2023/03/april-fools-day-weed-wrangle/
2026-03-16 06:11:44,931 - INFO -     No image found
2026-03-16 06:11:44,932 - INFO -   Fetching image for: https://sycamorelandtrust.org/2023/03/frog-and-toad-chorus-wetland-walk-with-monroe-county-public-library/
2026-03-16 06:11:45,612 - INFO -     No image found
2026-03-16 06:11:45,612 - INFO -   Fetching image for: https://sycamorelandtrust.org/2023/03/2023-regional-interpreters-workshop-common-ground-interpreting-a-shared-landscape/
2026-03-16 06:11:46,237 - INFO -     No image found
2026-03-16 06:11:46,237 - INFO -   Fetching image for: https://sycamorelandtrust.org/2022/04/conservation-conversation-with-nate-engbrecht/
2026-03-16 06:11:46,872 - INFO -     No image found
2026-03-16 06:11:46,872 - INFO -   Fetching image for: https://sycamorelandtrust.org/2021/04/native-tree-seedling-giveaway/
2026-03-16 06:11:47,499 - INFO -     No image found
2026-03-16 06:11:47,499 - INFO -   Fetching image for: https://sycamorelandtrust.org/2021/04/arbor-day-2021-virtual-nature-identification-hike-with-john-lawrence/
2026-03-16 06:11:48,125 - INFO -     No image found
2026-03-16 06:11:48,125 - INFO -   Fetching image for: https://sycamorelandtrust.org/2020/01/early-american-history-hike/
2026-03-16 06:11:48,751 - INFO -     No image found
2026-03-16 06:11:48,751 - INFO -   Fetching image for: https://sycamorelandtrust.org/2020/01/little-hikers-whats-in-a-watershed/
2026-03-16 06:11:49,422 - INFO -     No image found
2026-03-16 06:11:49,423 - INFO -   Fetching image for: https://sycamorelandtrust.org/2020/01/sky-dance-twilight-hike/
2026-03-16 06:11:50,076 - INFO -     No image found
2026-03-16 06:11:50,076 - INFO -   Fetching image for: https://sycamorelandtrust.org/2020/01/arbor-day-tree-giveaway-2/
2026-03-16 06:11:50,701 - INFO -     No image found
2026-03-16 06:11:50,702 - INFO -   Fetching image for: https://sycamorelandtrust.org/2020/04/arbor-day-2020/
2026-03-16 06:11:51,327 - INFO -     No image found
2026-03-16 06:11:51,327 - INFO -   Fetching image for: https://sycamorelandtrust.org/2019/12/woodland-wildflowers-hike/
2026-03-16 06:11:51,995 - INFO -     No image found
2026-03-16 06:11:51,995 - INFO -   Fetching image for: https://sycamorelandtrust.org/2020/01/third-thursday-volunteer-stewardship-day/
2026-03-16 06:11:52,621 - INFO -     No image found
2026-03-16 06:11:52,621 - INFO -   Fetching image for: https://sycamorelandtrust.org/2019/12/columbus-hike-brew/
2026-03-16 06:11:53,540 - INFO -     No image found
2026-03-16 06:11:53,541 - INFO -   Fetching image for: https://sycamorelandtrust.org/2020/01/third-thursday-march20/
2026-03-16 06:11:54,168 - INFO -     No image found
2026-03-16 06:11:54,168 - INFO -   Fetching image for: https://sycamorelandtrust.org/2019/12/invasive-plant-workshop/
2026-03-16 06:11:54,806 - INFO -     No image found
2026-03-16 06:11:54,806 - INFO -   Fetching image for: https://sycamorelandtrust.org/2019/03/0519-little-hikers/
2026-03-16 06:11:55,433 - INFO -     No image found
2026-03-16 06:11:55,433 - INFO -   Fetching image for: https://sycamorelandtrust.org/2019/03/0419-purdue-pollinator/
2026-03-16 06:11:56,284 - INFO -     No image found
2026-03-16 06:11:56,284 - INFO -   Fetching image for: https://sycamorelandtrust.org/2019/03/arbor-day-tree-giveaway/
2026-03-16 06:11:56,909 - INFO -     No image found
2026-03-16 06:11:56,909 - INFO -   Fetching image for: https://sycamorelandtrust.org/2019/03/conservation-field-day/
2026-03-16 06:11:57,565 - INFO -     No image found
2026-03-16 06:11:57,565 - INFO -   Fetching image for: https://sycamorelandtrust.org/2019/03/0419-eagle-slough/
2026-03-16 06:11:58,192 - INFO -     No image found
2026-03-16 06:11:58,192 - INFO -   Fetching image for: https://sycamorelandtrust.org/2019/03/0419-patoka-birding-hike/
2026-03-16 06:11:58,820 - INFO -     No image found
2026-03-16 06:11:58,820 - INFO -   Fetching image for: https://sycamorelandtrust.org/2019/03/0419-branches-hike/
2026-03-16 06:11:59,454 - INFO -     No image found
2026-03-16 06:11:59,454 - INFO -   Fetching image for: https://sycamorelandtrust.org/2019/02/brown-county-hike/
2026-03-16 06:12:00,081 - INFO -     No image found
2026-03-16 06:12:00,082 - INFO -   Fetching image for: https://sycamorelandtrust.org/2019/03/0319-preserve-workday/
2026-03-16 06:12:00,710 - INFO -     No image found
2026-03-16 06:12:00,711 - INFO -   Fetching image for: https://sycamorelandtrust.org/2019/01/sycamore-coffee-launch/
2026-03-16 06:12:01,337 - INFO -     No image found
2026-03-16 06:12:01,337 - INFO - sycamore_land_trust.ics: no new images
2026-03-16 06:12:01,337 - INFO - Processing songkick_bluebird.ics...
2026-03-16 06:12:01,338 - INFO -   Fetching image for: http://www.songkick.com/concerts/42791716-michael-shannon-at-bluebird?utm_medium=organic&utm_source=microformat
2026-03-16 06:12:02,015 - INFO -     -> http://images.sk-static.com/images/media/img/col6/20180416-182534-825503.jpg
2026-03-16 06:12:02,015 - INFO -   Fetching image for: http://www.songkick.com/concerts/42850971-lucero-at-bluebird?utm_medium=organic&utm_source=microformat
2026-03-16 06:12:02,661 - INFO -     -> http://images.sk-static.com/images/media/img/col6/20240117-230914-391978.jpg
2026-03-16 06:12:02,661 - INFO -   Fetching image for: http://www.songkick.com/concerts/42981004-hippies-and-cowboys-at-bluebird?utm_medium=organic&utm_source=microformat
2026-03-16 06:12:03,283 - INFO -     -> http://images.sk-static.com/images/media/img/col6/20240416-180109-550637.jpg
2026-03-16 06:12:03,283 - INFO -   Fetching image for: http://www.songkick.com/concerts/43074963-eric-paslay-at-bluebird?utm_medium=organic&utm_source=microformat
2026-03-16 06:12:04,351 - INFO -     -> http://images.sk-static.com/images/media/img/col6/20180711-173749-223960.png
2026-03-16 06:12:04,351 - INFO -   Fetching image for: http://www.songkick.com/concerts/43078216-hank-ruff-at-bluebird?utm_medium=organic&utm_source=microformat
2026-03-16 06:12:05,057 - INFO -     -> http://images.sk-static.com/images/media/img/col6/20210827-060014-358701.jpg
2026-03-16 06:12:05,057 - INFO - songkick_bluebird.ics: added 5 image(s)
2026-03-16 06:12:05,057 - INFO - Processing songkick_blockhouse.ics...
2026-03-16 06:12:05,057 - INFO -   Fetching image for: http://www.songkick.com/concerts/43060901-making-movies-at-blockhouse-bar?utm_medium=organic&utm_source=microformat
2026-03-16 06:12:05,680 - INFO -     -> http://images.sk-static.com/images/media/img/col6/20220816-180533-904042.png
2026-03-16 06:12:05,681 - INFO - songkick_blockhouse.ics: added 1 image(s)
2026-03-16 06:12:05,681 - INFO - Done. Total images added: 145
2026-03-16 06:12:08,711 - UCDavisArtsScraper - INFO - Scraping UC Davis Arts
2026-03-16 06:12:09,674 - UCDavisArtsScraper - INFO - Filtered 18 events beyond 2 months out
2026-03-16 06:12:09,674 - UCDavisArtsScraper - INFO - Found 30 events
2026-03-16 06:12:09,678 - UCDavisArtsScraper - INFO - Written to cities/davis/ucdavis_arts.ics
2026-03-16 06:12:09,808 - UCDavisLibraryScraper - INFO - Scraping UC Davis Library
2026-03-16 06:12:11,094 - UCDavisLibraryScraper - INFO - Filtered 12 events beyond 2 months out
2026-03-16 06:12:11,094 - UCDavisLibraryScraper - INFO - Found 70 events
2026-03-16 06:12:11,115 - UCDavisLibraryScraper - INFO - Written to cities/davis/ucdavis_library.ics
2026-03-16 06:12:11,244 - UCDavisCampusGroupsScraper - INFO - Scraping UC Davis CampusGroups
2026-03-16 06:12:12,099 - UCDavisCampusGroupsScraper - INFO - Filtered 56 events beyond 2 months out
2026-03-16 06:12:12,099 - UCDavisCampusGroupsScraper - INFO - Found 519 events
2026-03-16 06:12:12,162 - UCDavisCampusGroupsScraper - INFO - Written to cities/davis/ucdavis_campusgroups.ics
2026-03-16 06:12:12,293 - DavisDowntownScraper - INFO - Scraping Davis Downtown
2026-03-16 06:12:13,247 - DavisDowntownScraper - INFO - Filtered 14 events beyond 2 months out
2026-03-16 06:12:13,247 - DavisDowntownScraper - INFO - Found 16 events
2026-03-16 06:12:13,252 - DavisDowntownScraper - INFO - Written to cities/davis/davis_downtown.ics
2026-03-16 06:12:13,382 - YoloLibraryScraper - INFO - Scraping Yolo Library
2026-03-16 06:12:13,383 - YoloLibraryScraper - INFO - Fetching https://events.yolocountylibrary.org/rss.php?iid=6754&m=month&cid=21064
2026-03-16 06:12:15,045 - YoloLibraryScraper - INFO - Found 297 entries in RSS feed
2026-03-16 06:12:15,047 - YoloLibraryScraper - INFO - Found event: Tech Help (Davis) at Mary L Stephens Davis Branch Library
2026-03-16 06:12:15,047 - YoloLibraryScraper - INFO - Found event: Russian Conversation Group (Davis) at Mary L Stephens Davis Branch Library
2026-03-16 06:12:15,047 - YoloLibraryScraper - INFO - Found event: Sunday Funday: Creek Explorers (Davis) at Mary L Stephens Davis Branch Library
2026-03-16 06:12:15,048 - YoloLibraryScraper - INFO - Found event: Speech & Debate Club (Davis) at Mary L Stephens Davis Branch Library
2026-03-16 06:12:15,048 - YoloLibraryScraper - INFO - Found event: Spanish Conversation Group (Davis) at Mary L Stephens Davis Branch Library
2026-03-16 06:12:15,048 - YoloLibraryScraper - INFO - Found event: Davis Makerspace Drop In Hours at Mary L Stephens Davis Branch Library
2026-03-16 06:12:15,048 - YoloLibraryScraper - INFO - Found event: Mother Goose on the Loose! (Davis) at Mary L Stephens Davis Branch Library
2026-03-16 06:12:15,048 - YoloLibraryScraper - INFO - Found event: Tech Help (Davis) at Mary L Stephens Davis Branch Library
2026-03-16 06:12:15,048 - YoloLibraryScraper - INFO - Found event: After School Homework Help (Davis) at Mary L Stephens Davis Branch Library
2026-03-16 06:12:15,048 - YoloLibraryScraper - INFO - Found event: Knitting and Crochet Circle (Davis) at Mary L Stephens Davis Branch Library
2026-03-16 06:12:15,048 - YoloLibraryScraper - INFO - Found event: English Conversation Group (Davis) at Mary L Stephens Davis Branch Library
2026-03-16 06:12:15,048 - YoloLibraryScraper - INFO - Found event: Davis Makerspace Drop In Hours at Mary L Stephens Davis Branch Library
2026-03-16 06:12:15,049 - YoloLibraryScraper - INFO - Found event: Hug-a-Bye Baby (Davis) at Mary L Stephens Davis Branch Library
2026-03-16 06:12:15,049 - YoloLibraryScraper - INFO - Found event: Pokémon Club at Mary L Stephens Davis Branch Library
2026-03-16 06:12:15,049 - YoloLibraryScraper - INFO - Found event: Drop-In Libby Help (Davis) at Mary L Stephens Davis Branch Library
2026-03-16 06:12:15,049 - YoloLibraryScraper - INFO - Found event: Davis Makerspace Drop In Hours at Mary L Stephens Davis Branch Library
2026-03-16 06:12:15,049 - YoloLibraryScraper - INFO - Found event: Drop-In Libby Help (Davis) at Mary L Stephens Davis Branch Library
2026-03-16 06:12:15,049 - YoloLibraryScraper - INFO - Found event: English Conversation Group: Cancelled (Davis) at Mary L Stephens Davis Branch Library
2026-03-16 06:12:15,049 - YoloLibraryScraper - INFO - Found event: After School Homework Help (Davis) at Mary L Stephens Davis Branch Library
2026-03-16 06:12:15,049 - YoloLibraryScraper - INFO - Found event: Mandarin Storytime / 中文說故事時間 (Davis) at Mary L Stephens Davis Branch Library
2026-03-16 06:12:15,050 - YoloLibraryScraper - INFO - Found event: English Conversation Group (Davis) at Mary L Stephens Davis Branch Library
2026-03-16 06:12:15,050 - YoloLibraryScraper - INFO - Found event: Tales for Tails (Davis) at Mary L Stephens Davis Branch Library
2026-03-16 06:12:15,050 - YoloLibraryScraper - INFO - Found event: Davis Makerspace Drop In Hours at Mary L Stephens Davis Branch Library
2026-03-16 06:12:15,050 - YoloLibraryScraper - INFO - Found event: Davis Makerspace Craft Hand Embroidery Class: Beading at Mary L Stephens Davis Branch Library
2026-03-16 06:12:15,050 - YoloLibraryScraper - INFO - Found event: Nowruz: A Celebration of Spring and Renewal at Mary L Stephens Davis Branch Library
2026-03-16 06:12:15,050 - YoloLibraryScraper - INFO - Found event: Davis Origami Group (Davis) at Mary L Stephens Davis Branch Library
2026-03-16 06:12:15,050 - YoloLibraryScraper - INFO - Found event: Davis Makerspace Craft: Hand Embroidery Class Beading at Mary L Stephens Davis Branch Library
2026-03-16 06:12:15,051 - YoloLibraryScraper - INFO - Found event: Tech Help (Davis) at Mary L Stephens Davis Branch Library
2026-03-16 06:12:15,051 - YoloLibraryScraper - INFO - Found event: Sunday Funday: Family Yoga (Davis) at Mary L Stephens Davis Branch Library
2026-03-16 06:12:15,051 - YoloLibraryScraper - INFO - Found event: Speech & Debate Club (Davis) at Mary L Stephens Davis Branch Library
2026-03-16 06:12:15,051 - YoloLibraryScraper - INFO - Found event: Spanish Conversation Group (Davis) at Mary L Stephens Davis Branch Library
2026-03-16 06:12:15,051 - YoloLibraryScraper - INFO - Found event: Davis Makerspace Drop In Hours at Mary L Stephens Davis Branch Library
2026-03-16 06:12:15,051 - YoloLibraryScraper - INFO - Found event: Mother Goose on the Loose! (Davis) at Mary L Stephens Davis Branch Library
2026-03-16 06:12:15,051 - YoloLibraryScraper - INFO - Found event: Tech Help (Davis) at Mary L Stephens Davis Branch Library
2026-03-16 06:12:15,051 - YoloLibraryScraper - INFO - Found event: Knitting and Crochet Circle (Davis) at Mary L Stephens Davis Branch Library
2026-03-16 06:12:15,051 - YoloLibraryScraper - INFO - Found event: Family Movie Night: Zootopia 2 / Noche de Película: Zootopia 2 (South Davis) at South Davis Montgomery Library
2026-03-16 06:12:15,052 - YoloLibraryScraper - INFO - Found event: English Conversation Group (Davis) at Mary L Stephens Davis Branch Library
2026-03-16 06:12:15,052 - YoloLibraryScraper - INFO - Found event: Davis Makerspace Drop In Hours at Mary L Stephens Davis Branch Library
2026-03-16 06:12:15,052 - YoloLibraryScraper - INFO - Found event: Hug-a-Bye Baby (Davis) at Mary L Stephens Davis Branch Library
2026-03-16 06:12:15,052 - YoloLibraryScraper - INFO - Found event: Pokémon Club at Mary L Stephens Davis Branch Library
2026-03-16 06:12:15,052 - YoloLibraryScraper - INFO - Found event: Mandarin Conversation Group / 普通话会话小组 (Davis) at Mary L Stephens Davis Branch Library
2026-03-16 06:12:15,052 - YoloLibraryScraper - INFO - Found event: Drop-In Libby Help (Davis) at Mary L Stephens Davis Branch Library
2026-03-16 06:12:15,052 - YoloLibraryScraper - INFO - Found event: Davis Makerspace Drop In Hours at Mary L Stephens Davis Branch Library
2026-03-16 06:12:15,052 - YoloLibraryScraper - INFO - Found event: Drop-In Libby Help (Davis) at Mary L Stephens Davis Branch Library
2026-03-16 06:12:15,053 - YoloLibraryScraper - INFO - Found event: English Conversation Group: Cancelled (Davis) at Mary L Stephens Davis Branch Library
2026-03-16 06:12:15,053 - YoloLibraryScraper - INFO - Found event: Mandarin Storytime / 中文說故事時間 (Davis) at Mary L Stephens Davis Branch Library
2026-03-16 06:12:15,053 - YoloLibraryScraper - INFO - Found event: Book Group (Davis) at Mary L Stephens Davis Branch Library
2026-03-16 06:12:15,053 - YoloLibraryScraper - INFO - Found event: English Conversation Group (Davis) at Mary L Stephens Davis Branch Library
2026-03-16 06:12:15,053 - YoloLibraryScraper - INFO - Found event: Tales for Tails (Davis) at Mary L Stephens Davis Branch Library
2026-03-16 06:12:15,053 - YoloLibraryScraper - INFO - Found event: Davis Makerspace Drop In Hours at Mary L Stephens Davis Branch Library
2026-03-16 06:12:15,053 - YoloLibraryScraper - INFO - Found event: Davis Makerspace Craft: Hand Embroidery Class Beading at Mary L Stephens Davis Branch Library
2026-03-16 06:12:15,053 - YoloLibraryScraper - INFO - Found event: Science Saturdays: Build-A-Boat Challenge / Sábado de Ciencia: Construye un barco (South Davis) at South Davis Montgomery Library
2026-03-16 06:12:15,053 - YoloLibraryScraper - INFO - Found event: LEGO Block Party (Davis) at Mary L Stephens Davis Branch Library
2026-03-16 06:12:15,054 - YoloLibraryScraper - INFO - Found event: Davis Makerspace Craft: Hand Embroidery Class Beading at Mary L Stephens Davis Branch Library
2026-03-16 06:12:15,054 - YoloLibraryScraper - INFO - Found event: Tech Help (Davis) at Mary L Stephens Davis Branch Library
2026-03-16 06:12:15,054 - YoloLibraryScraper - INFO - Found event: Sunday Funday with Sean Gaskell West African Kora Drumming (Davis) at Mary L Stephens Davis Branch Library
2026-03-16 06:12:15,054 - YoloLibraryScraper - INFO - Found event: Speech & Debate Club (Davis) at Mary L Stephens Davis Branch Library
2026-03-16 06:12:15,054 - YoloLibraryScraper - INFO - Found event: Spanish Conversation Group (Davis) at Mary L Stephens Davis Branch Library
2026-03-16 06:12:15,054 - YoloLibraryScraper - INFO - Found event: Davis Makerspace Drop In Hours at Mary L Stephens Davis Branch Library
2026-03-16 06:12:15,054 - YoloLibraryScraper - INFO - Found event: Hug-a-Bye Baby (Davis) at Mary L Stephens Davis Branch Library
2026-03-16 06:12:15,054 - YoloLibraryScraper - INFO - Found event: Pokémon Club at Mary L Stephens Davis Branch Library
2026-03-16 06:12:15,055 - YoloLibraryScraper - INFO - Found event: Davis Origami Group (Davis) at Mary L Stephens Davis Branch Library
2026-03-16 06:12:15,055 - YoloLibraryScraper - INFO - Found event: Drop-In Libby Help (Davis) at Mary L Stephens Davis Branch Library
2026-03-16 06:12:15,055 - YoloLibraryScraper - INFO - Found event: Davis Makerspace Drop In Hours at Mary L Stephens Davis Branch Library
2026-03-16 06:12:15,055 - YoloLibraryScraper - INFO - Found event: Drop-In Libby Help (Davis) at Mary L Stephens Davis Branch Library
2026-03-16 06:12:15,055 - YoloLibraryScraper - INFO - Found event: English Conversation Group- Cancelled (Davis) at Mary L Stephens Davis Branch Library
2026-03-16 06:12:15,055 - YoloLibraryScraper - INFO - Found event: After School Homework Help (Davis) at Mary L Stephens Davis Branch Library
2026-03-16 06:12:15,055 - YoloLibraryScraper - INFO - Found event: Mandarin Storytime / 中文說故事時間 (Davis) at Mary L Stephens Davis Branch Library
2026-03-16 06:12:15,055 - YoloLibraryScraper - INFO - Found event: Davis Friends Book Sale at Mary L Stephens Davis Branch Library
2026-03-16 06:12:15,055 - YoloLibraryScraper - INFO - Found event: Tales for Tails (Davis) at Mary L Stephens Davis Branch Library
2026-03-16 06:12:15,056 - YoloLibraryScraper - INFO - Found event: Davis Makerspace Drop In Hours at Mary L Stephens Davis Branch Library
2026-03-16 06:12:15,056 - YoloLibraryScraper - INFO - Found event: Davis Friends Book Sale at Mary L Stephens Davis Branch Library
2026-03-16 06:12:15,056 - YoloLibraryScraper - INFO - Found event: Seasonal Arts & Crafts Workshop (Davis) at Mary L Stephens Davis Branch Library
2026-03-16 06:12:15,056 - YoloLibraryScraper - INFO - Found event: Davis Makerspace Cartonnage: Cigar Boxes at Mary L Stephens Davis Branch Library
2026-03-16 06:12:15,056 - YoloLibraryScraper - INFO - Found event: Davis Friends Book Sale at Mary L Stephens Davis Branch Library
2026-03-16 06:12:15,056 - YoloLibraryScraper - INFO - Found event: Tech Help (Davis) at Mary L Stephens Davis Branch Library
2026-03-16 06:12:15,056 - YoloLibraryScraper - INFO - Found event: Sunday Funday: Chess (Davis) at Mary L Stephens Davis Branch Library
2026-03-16 06:12:15,056 - YoloLibraryScraper - INFO - Found event: Speech & Debate Club (Davis) at Mary L Stephens Davis Branch Library
2026-03-16 06:12:15,056 - YoloLibraryScraper - INFO - Found event: Spanish Conversation Group (Davis) at Mary L Stephens Davis Branch Library
2026-03-16 06:12:15,057 - YoloLibraryScraper - INFO - Found event: Davis Makerspace Drop In Hours at Mary L Stephens Davis Branch Library
2026-03-16 06:12:15,057 - YoloLibraryScraper - INFO - Found event: Mother Goose on the Loose! (Davis) at Mary L Stephens Davis Branch Library
2026-03-16 06:12:15,057 - YoloLibraryScraper - INFO - Found event: Book Repair Cafe (Davis) at Mary L Stephens Davis Branch Library
2026-03-16 06:12:15,057 - YoloLibraryScraper - INFO - Found event: Tech Help (Davis) at Mary L Stephens Davis Branch Library
2026-03-16 06:12:15,057 - YoloLibraryScraper - INFO - Found event: After School Homework Help (Davis) at Mary L Stephens Davis Branch Library
2026-03-16 06:12:15,057 - YoloLibraryScraper - INFO - Found event: Knitting and Crochet Circle (Davis) at Mary L Stephens Davis Branch Library
2026-03-16 06:12:15,057 - YoloLibraryScraper - INFO - Found event: English Conversation Group (Davis) at Mary L Stephens Davis Branch Library
2026-03-16 06:12:15,057 - YoloLibraryScraper - INFO - Found event: Davis Makerspace Drop In Hours at Mary L Stephens Davis Branch Library
2026-03-16 06:12:15,057 - YoloLibraryScraper - INFO - Found event: Hug-a-Bye Baby (Davis) at Mary L Stephens Davis Branch Library
2026-03-16 06:12:15,058 - YoloLibraryScraper - INFO - Found event: Pokémon Club at Mary L Stephens Davis Branch Library
2026-03-16 06:12:15,058 - YoloLibraryScraper - INFO - Found event: Mandarin Conversation Group / 普通话会话小组 (Davis) at Mary L Stephens Davis Branch Library
2026-03-16 06:12:15,058 - YoloLibraryScraper - INFO - Found event: Drop-In Libby Help (Davis) at Mary L Stephens Davis Branch Library
2026-03-16 06:12:15,058 - YoloLibraryScraper - INFO - Found event: Davis Makerspace Drop In Hours at Mary L Stephens Davis Branch Library
2026-03-16 06:12:15,058 - YoloLibraryScraper - INFO - Found event: Drop-In Libby Help (Davis) at Mary L Stephens Davis Branch Library
2026-03-16 06:12:15,058 - YoloLibraryScraper - INFO - Found event: Active Older Adult Wisdom Circle (Davis) at Mary L Stephens Davis Branch Library
2026-03-16 06:12:15,058 - YoloLibraryScraper - INFO - Found event: English Conversation Group-Cancelled (Davis) at Mary L Stephens Davis Branch Library
2026-03-16 06:12:15,058 - YoloLibraryScraper - INFO - Found event: After School Homework Help (Davis) at Mary L Stephens Davis Branch Library
2026-03-16 06:12:15,059 - YoloLibraryScraper - INFO - Found event: Mandarin Storytime / 中文說故事時間 (Davis) at Mary L Stephens Davis Branch Library
2026-03-16 06:12:15,059 - YoloLibraryScraper - INFO - Found event: English Conversation Group (Davis) at Mary L Stephens Davis Branch Library
2026-03-16 06:12:15,059 - YoloLibraryScraper - INFO - Found event: VITA Tax Assistance (Davis) at Mary L Stephens Davis Branch Library
2026-03-16 06:12:15,059 - YoloLibraryScraper - INFO - Found event: Tales for Tails (Davis) at Mary L Stephens Davis Branch Library
2026-03-16 06:12:15,059 - YoloLibraryScraper - INFO - Found event: Davis Makerspace Drop In Hours at Mary L Stephens Davis Branch Library
2026-03-16 06:12:15,059 - YoloLibraryScraper - INFO - Found event: Davis Makerspace Repair Cafe at Mary L Stephens Davis Branch Library
2026-03-16 06:12:15,059 - YoloLibraryScraper - INFO - Found event: Día de Los Niño's | Día de Los Libros (South Davis) at South Davis Montgomery Library
2026-03-16 06:12:15,059 - YoloLibraryScraper - INFO - Found event: Davis Makerspace Sewing: Working with Zippers at Mary L Stephens Davis Branch Library
2026-03-16 06:12:15,059 - YoloLibraryScraper - INFO - Found event: Tech Help (Davis) at Mary L Stephens Davis Branch Library
2026-03-16 06:12:15,060 - YoloLibraryScraper - INFO - Found event: Sunday Funday: Creek Explorers (Davis) at Mary L Stephens Davis Branch Library
2026-03-16 06:12:15,060 - YoloLibraryScraper - INFO - Found event: Author Talk with Nancy Brown (Davis) at Mary L Stephens Davis Branch Library
2026-03-16 06:12:15,060 - YoloLibraryScraper - INFO - Found event: Friends of the Davis Public Library Board Meeting at Mary L Stephens Davis Branch Library
2026-03-16 06:12:15,060 - YoloLibraryScraper - INFO - Found event: Speech & Debate Club (Davis) at Mary L Stephens Davis Branch Library
2026-03-16 06:12:15,060 - YoloLibraryScraper - INFO - Found event: Spanish Conversation Group (Davis) at Mary L Stephens Davis Branch Library
2026-03-16 06:12:15,060 - YoloLibraryScraper - INFO - Found event: Davis Makerspace Drop In Hours at Mary L Stephens Davis Branch Library
2026-03-16 06:12:15,060 - YoloLibraryScraper - INFO - Found event: Yolo Prostate Cancer Support Group at Mary L Stephens Davis Branch Library
2026-03-16 06:12:15,060 - YoloLibraryScraper - INFO - Found event: Mother Goose on the Loose! (Davis) at Mary L Stephens Davis Branch Library
2026-03-16 06:12:15,060 - YoloLibraryScraper - INFO - Found event: Tech Help (Davis) at Mary L Stephens Davis Branch Library
2026-03-16 06:12:15,061 - YoloLibraryScraper - INFO - Found event: After School Homework Help (Davis) at Mary L Stephens Davis Branch Library
2026-03-16 06:12:15,061 - YoloLibraryScraper - INFO - Found event: Knitting and Crochet Circle (Davis) at Mary L Stephens Davis Branch Library
2026-03-16 06:12:15,061 - YoloLibraryScraper - INFO - Found event: English Conversation Group (Davis) at Mary L Stephens Davis Branch Library
2026-03-16 06:12:15,061 - YoloLibraryScraper - INFO - Found event: Davis Makerspace Drop In Hours at Mary L Stephens Davis Branch Library
2026-03-16 06:12:15,061 - YoloLibraryScraper - INFO - Found event: Hug-a-Bye Baby (Davis) at Mary L Stephens Davis Branch Library
2026-03-16 06:12:15,061 - YoloLibraryScraper - INFO - Found event: Pokémon Club at Mary L Stephens Davis Branch Library
2026-03-16 06:12:15,061 - YoloLibraryScraper - INFO - Found event: Drop-In Libby Help (Davis) at Mary L Stephens Davis Branch Library
2026-03-16 06:12:15,061 - YoloLibraryScraper - INFO - Filtered to 121 Davis-area events
2026-03-16 06:12:15,063 - YoloLibraryScraper - INFO - Found 121 events
2026-03-16 06:12:15,084 - YoloLibraryScraper - INFO - Written to cities/davis/yolo_library.ics
2026-03-16 06:12:15,214 - UUDavisScraper - INFO - Scraping UU Davis
2026-03-16 06:12:16,061 - UUDavisScraper - ERROR - Error fetching https://calendar.google.com/calendar/ical/0p5ed7hbg4p7b4atf3lgjmgic%40group.calendar.google.com/public/basic.ics: 404 Client Error: Not Found for url: https://calendar.google.com/calendar/ical/0p5ed7hbg4p7b4atf3lgjmgic%40group.calendar.google.com/public/basic.ics
2026-03-16 06:12:18,069 - UUDavisScraper - INFO - Filtered 10 events beyond 2 months out
2026-03-16 06:12:18,069 - UUDavisScraper - INFO - Found 2274 events
2026-03-16 06:12:18,370 - UUDavisScraper - INFO - Written to cities/davis/uudavis.ics
Fetching Mondavi Center events...
Found 12 events
2026-03-16 06:12:19,508 - DavisChamberScraper - INFO - Scraping Davis Chamber of Commerce
2026-03-16 06:12:19,508 - DavisChamberScraper - INFO - Fetching 2026-03
2026-03-16 06:12:19,879 - DavisChamberScraper - INFO - Fetching 2026-04
2026-03-16 06:12:20,042 - DavisChamberScraper - INFO - Fetching 2026-05
2026-03-16 06:12:20,333 - DavisChamberScraper - INFO - Found 13 events
2026-03-16 06:12:20,336 - DavisChamberScraper - INFO - Written to cities/davis/davis_chamber.ics
2026-03-16 06:12:20,468 - UCDavisAthleticsScraper - INFO - Scraping UC Davis Athletics
2026-03-16 06:12:20,901 - UCDavisAthleticsScraper - INFO - Filtered 21 events beyond 2 months out
2026-03-16 06:12:20,901 - UCDavisAthleticsScraper - INFO - Found 278 events
2026-03-16 06:12:20,935 - UCDavisAthleticsScraper - INFO - Written to cities/davis/ucdavis_athletics.ics
2026-03-16 06:12:26,491 - INFO - Processing meetup_art_in_action.ics...
2026-03-16 06:12:26,491 - INFO -   Fetching image for: https://www.meetup.com/art-in-action/events/313772338/
2026-03-16 06:12:27,259 - INFO -     -> https://secure.meetupstatic.com/photos/event/5/2/3/1/600_533181041.jpeg
2026-03-16 06:12:27,259 - INFO - meetup_art_in_action.ics: added 1 image(s)
2026-03-16 06:12:27,259 - INFO - Processing meetup_board_games.ics...
2026-03-16 06:12:27,260 - INFO -   Fetching image for: https://www.meetup.com/yolo-county-board-game-gathering/events/313550725/
2026-03-16 06:12:28,051 - INFO -     -> https://secure.meetupstatic.com/photos/event/a/b/2/a/600_496663818.jpeg
2026-03-16 06:12:28,052 - INFO -   Fetching image for: https://www.meetup.com/yolo-county-board-game-gathering/events/313659673/
2026-03-16 06:12:28,843 - INFO -     -> https://secure.meetupstatic.com/photos/event/a/b/2/a/600_496663818.jpeg
2026-03-16 06:12:28,844 - INFO -   Fetching image for: https://www.meetup.com/yolo-county-board-game-gathering/events/mxnqstyjcgbcb/
2026-03-16 06:12:29,603 - INFO -     -> https://secure.meetupstatic.com/photos/event/2/6/e/4/600_500109956.jpeg
2026-03-16 06:12:29,603 - INFO -   Fetching image for: https://www.meetup.com/yolo-county-board-game-gathering/events/vwnqstyjcgblb/
2026-03-16 06:12:30,390 - INFO -     -> https://secure.meetupstatic.com/photos/event/a/b/2/a/600_496663818.jpeg
2026-03-16 06:12:30,390 - INFO -   Fetching image for: https://www.meetup.com/yolo-county-board-game-gathering/events/kwnqstyjcgbtb/
2026-03-16 06:12:31,210 - INFO -     -> https://secure.meetupstatic.com/photos/event/a/b/2/a/600_496663818.jpeg
2026-03-16 06:12:31,211 - INFO -   Fetching image for: https://www.meetup.com/yolo-county-board-game-gathering/events/rwnqstyjcgbmc/
2026-03-16 06:12:31,982 - INFO -     -> https://secure.meetupstatic.com/photos/event/a/b/2/a/600_496663818.jpeg
2026-03-16 06:12:31,982 - INFO -   Fetching image for: https://www.meetup.com/yolo-county-board-game-gathering/events/mxnqstyjchbjb/
2026-03-16 06:12:32,729 - INFO -     -> https://secure.meetupstatic.com/photos/event/2/6/e/4/600_500109956.jpeg
2026-03-16 06:12:32,730 - INFO -   Fetching image for: https://www.meetup.com/yolo-county-board-game-gathering/events/vwnqstyjchbrb/
2026-03-16 06:12:33,511 - INFO -     -> https://secure.meetupstatic.com/photos/event/a/b/2/a/600_496663818.jpeg
2026-03-16 06:12:33,511 - INFO -   Fetching image for: https://www.meetup.com/yolo-county-board-game-gathering/events/kwnqstyjchbbc/
2026-03-16 06:12:34,297 - INFO -     -> https://secure.meetupstatic.com/photos/event/a/b/2/a/600_496663818.jpeg
2026-03-16 06:12:34,297 - INFO -   Fetching image for: https://www.meetup.com/yolo-county-board-game-gathering/events/rwnqstyjchbkc/
2026-03-16 06:12:35,053 - INFO -     -> https://secure.meetupstatic.com/photos/event/a/b/2/a/600_496663818.jpeg
2026-03-16 06:12:35,053 - INFO - meetup_board_games.ics: added 10 image(s)
2026-03-16 06:12:35,054 - INFO - Processing meetup_intercultural.ics...
2026-03-16 06:12:35,054 - INFO -   Fetching image for: https://www.meetup.com/intercultural-mosaics/events/312345824/
2026-03-16 06:12:35,973 - INFO -     -> https://secure.meetupstatic.com/photos/event/9/7/1/d/600_489638685.jpeg
2026-03-16 06:12:35,973 - INFO -   Fetching image for: https://www.meetup.com/intercultural-mosaics/events/312245485/
2026-03-16 06:12:37,237 - INFO -     -> https://secure.meetupstatic.com/photos/event/c/f/f/c/600_521153244.jpeg
2026-03-16 06:12:37,238 - INFO -   Fetching image for: https://www.meetup.com/intercultural-mosaics/events/lhkgvtyjcgbpb/
2026-03-16 06:12:38,072 - INFO -     -> https://secure.meetupstatic.com/photos/event/d/d/5/f/600_527036671.jpeg
2026-03-16 06:12:38,072 - INFO -   Fetching image for: https://www.meetup.com/intercultural-mosaics/events/xgkgvtyjcgbxb/
2026-03-16 06:12:39,598 - INFO -     -> https://secure.meetupstatic.com/photos/event/9/7/1/d/600_489638685.jpeg
2026-03-16 06:12:39,599 - INFO -   Fetching image for: https://www.meetup.com/intercultural-mosaics/events/ghkgvtyjcgbxb/
2026-03-16 06:12:40,456 - INFO -     -> https://secure.meetupstatic.com/photos/event/c/f/f/c/600_521153244.jpeg
2026-03-16 06:12:40,456 - INFO -   Fetching image for: https://www.meetup.com/intercultural-mosaics/events/lhkgvtyjcgbxb/
2026-03-16 06:12:41,240 - INFO -     -> https://secure.meetupstatic.com/photos/event/d/d/5/f/600_527036671.jpeg
2026-03-16 06:12:41,240 - INFO -   Fetching image for: https://www.meetup.com/intercultural-mosaics/events/xgkgvtyjcgbhc/
2026-03-16 06:12:42,100 - INFO -     -> https://secure.meetupstatic.com/photos/event/9/7/1/d/600_489638685.jpeg
2026-03-16 06:12:42,101 - INFO -   Fetching image for: https://www.meetup.com/intercultural-mosaics/events/ghkgvtyjcgbhc/
2026-03-16 06:12:42,914 - INFO -     -> https://secure.meetupstatic.com/photos/event/c/f/f/c/600_521153244.jpeg
2026-03-16 06:12:42,914 - INFO -   Fetching image for: https://www.meetup.com/intercultural-mosaics/events/lhkgvtyjcgbhc/
2026-03-16 06:12:43,710 - INFO -     -> https://secure.meetupstatic.com/photos/event/d/d/5/f/600_527036671.jpeg
2026-03-16 06:12:43,710 - INFO -   Fetching image for: https://www.meetup.com/intercultural-mosaics/events/xgkgvtyjchbdb/
2026-03-16 06:12:44,544 - INFO -     -> https://secure.meetupstatic.com/photos/event/9/7/1/d/600_489638685.jpeg
2026-03-16 06:12:44,544 - INFO - meetup_intercultural.ics: added 10 image(s)
2026-03-16 06:12:44,544 - INFO - Processing meetup_mindful.ics...
2026-03-16 06:12:44,545 - INFO -   Fetching image for: https://www.meetup.com/mindful-embodied-spirituality/events/313060112/
2026-03-16 06:12:45,373 - INFO -     -> https://secure.meetupstatic.com/photos/event/9/e/7/6/600_533140566.jpeg
2026-03-16 06:12:45,373 - INFO -   Fetching image for: https://www.meetup.com/mindful-embodied-spirituality/events/313060113/
2026-03-16 06:12:46,132 - INFO -     -> https://secure.meetupstatic.com/photos/event/e/2/f/f/600_531418111.jpeg
2026-03-16 06:12:46,132 - INFO -   Fetching image for: https://www.meetup.com/mindful-embodied-spirituality/events/313060114/
2026-03-16 06:12:46,917 - INFO -     -> https://secure.meetupstatic.com/photos/event/e/4/3/9/600_531418425.jpeg
2026-03-16 06:12:46,917 - INFO -   Fetching image for: https://www.meetup.com/mindful-embodied-spirituality/events/313060115/
2026-03-16 06:12:47,776 - INFO -     -> https://secure.meetupstatic.com/photos/event/e/2/f/f/600_531418111.jpeg
2026-03-16 06:12:47,777 - INFO -   Fetching image for: https://www.meetup.com/mindful-embodied-spirituality/events/313545794/
2026-03-16 06:12:48,544 - INFO -     -> https://secure.meetupstatic.com/photos/event/3/0/f/a/600_532932538.jpeg
2026-03-16 06:12:48,544 - INFO -   Fetching image for: https://www.meetup.com/mindful-embodied-spirituality/events/313060116/
2026-03-16 06:12:49,310 - INFO -     -> https://secure.meetupstatic.com/photos/event/e/4/3/9/600_531418425.jpeg
2026-03-16 06:12:49,311 - INFO -   Fetching image for: https://www.meetup.com/mindful-embodied-spirituality/events/313060117/
2026-03-16 06:12:50,079 - INFO -     -> https://secure.meetupstatic.com/photos/event/e/2/f/f/600_531418111.jpeg
2026-03-16 06:12:50,080 - INFO -   Fetching image for: https://www.meetup.com/mindful-embodied-spirituality/events/lczxttyjcgbjb/
2026-03-16 06:12:50,954 - INFO -     -> https://secure.meetupstatic.com/photos/event/e/4/3/9/600_531418425.jpeg
2026-03-16 06:12:50,954 - INFO -   Fetching image for: https://www.meetup.com/mindful-embodied-spirituality/events/tzxxttyjcgbmb/
2026-03-16 06:12:51,725 - INFO -     -> https://secure.meetupstatic.com/photos/event/e/2/f/f/600_531418111.jpeg
2026-03-16 06:12:51,725 - INFO -   Fetching image for: https://www.meetup.com/mindful-embodied-spirituality/events/lczxttyjcgbrb/
2026-03-16 06:12:52,529 - INFO -     -> https://secure.meetupstatic.com/photos/event/e/4/3/9/600_531418425.jpeg
2026-03-16 06:12:52,530 - INFO - meetup_mindful.ics: added 10 image(s)
2026-03-16 06:12:52,530 - INFO - Processing meetup_mosaics.ics...
2026-03-16 06:12:52,531 - INFO -   Fetching image for: https://www.meetup.com/mosaics/events/313594928/
2026-03-16 06:12:53,219 - INFO -     -> https://secure.meetupstatic.com/photos/event/3/4/3/5/600_527113365.jpeg
2026-03-16 06:12:53,219 - INFO -   Fetching image for: https://www.meetup.com/mosaics/events/313595579/
2026-03-16 06:12:54,053 - INFO -     -> https://secure.meetupstatic.com/photos/event/9/c/3/e/600_513459998.jpeg
2026-03-16 06:12:54,054 - INFO -   Fetching image for: https://www.meetup.com/mosaics/events/313596423/
2026-03-16 06:12:54,886 - INFO -     -> https://secure.meetupstatic.com/photos/event/4/e/c/4/600_527000164.jpeg
2026-03-16 06:12:54,886 - INFO -   Fetching image for: https://www.meetup.com/mosaics/events/313581532/
2026-03-16 06:12:55,718 - INFO -     -> https://secure.meetupstatic.com/photos/event/2/9/7/8/600_530350616.jpeg
2026-03-16 06:12:55,718 - INFO -   Fetching image for: https://www.meetup.com/mosaics/events/313703660/
2026-03-16 06:12:56,557 - INFO -     -> https://secure.meetupstatic.com/photos/event/3/4/3/5/600_527113365.jpeg
2026-03-16 06:12:56,557 - INFO -   Fetching image for: https://www.meetup.com/mosaics/events/313704302/
2026-03-16 06:12:57,369 - INFO -     -> https://secure.meetupstatic.com/photos/event/9/c/3/e/600_513459998.jpeg
2026-03-16 06:12:57,370 - INFO -   Fetching image for: https://www.meetup.com/mosaics/events/313705240/
2026-03-16 06:12:58,514 - INFO -     -> https://secure.meetupstatic.com/photos/event/4/e/c/4/600_527000164.jpeg
2026-03-16 06:12:58,514 - INFO -   Fetching image for: https://www.meetup.com/mosaics/events/313581535/
2026-03-16 06:12:59,328 - INFO -     -> https://secure.meetupstatic.com/photos/event/2/9/7/8/600_530350616.jpeg
2026-03-16 06:12:59,328 - INFO -   Fetching image for: https://www.meetup.com/mosaics/events/dpsfvtyjcgbgb/
2026-03-16 06:13:00,259 - INFO -     -> https://secure.meetupstatic.com/photos/event/3/4/3/5/600_527113365.jpeg
2026-03-16 06:13:00,259 - INFO -   Fetching image for: https://www.meetup.com/mosaics/events/bdpwvtyjcgbgb/
2026-03-16 06:13:01,106 - INFO -     -> https://secure.meetupstatic.com/photos/event/9/c/3/e/600_513459998.jpeg
2026-03-16 06:13:01,106 - INFO - meetup_mosaics.ics: added 10 image(s)
2026-03-16 06:13:01,107 - INFO - Processing meetup_pence_art.ics...
2026-03-16 06:13:01,107 - INFO -   Fetching image for: https://www.meetup.com/pence-adult-art-programs/events/313287945/
2026-03-16 06:13:02,565 - INFO -     -> https://secure.meetupstatic.com/photos/event/c/8/7/d/600_532671325.jpeg
2026-03-16 06:13:02,565 - INFO -   Fetching image for: https://www.meetup.com/pence-adult-art-programs/events/313100924/
2026-03-16 06:13:03,649 - INFO -     -> https://secure.meetupstatic.com/photos/event/a/9/8/9/600_532483401.jpeg
2026-03-16 06:13:03,650 - INFO -   Fetching image for: https://www.meetup.com/pence-adult-art-programs/events/313423126/
2026-03-16 06:13:04,516 - INFO -     -> https://secure.meetupstatic.com/photos/event/1/e/d/5/600_532807893.jpeg
2026-03-16 06:13:04,516 - INFO -   Fetching image for: https://www.meetup.com/pence-adult-art-programs/events/313610437/
2026-03-16 06:13:06,587 - INFO -     -> https://secure.meetupstatic.com/photos/event/a/9/8/9/600_532483401.jpeg
2026-03-16 06:13:06,588 - INFO - meetup_pence_art.ics: added 4 image(s)
2026-03-16 06:13:06,588 - INFO - Processing meetup_winters_write.ics...
2026-03-16 06:13:06,588 - INFO -   Fetching image for: https://www.meetup.com/winters-shut-up-and-write-meetup-group/events/313243813/
2026-03-16 06:13:07,368 - INFO -     No image found
2026-03-16 06:13:07,369 - INFO - meetup_winters_write.ics: no new images
2026-03-16 06:13:07,369 - INFO - Done. Total images added: 45
2026-03-16 06:13:07,793 - LibraryScraper - INFO - Scraping Petaluma Regional Library
2026-03-16 06:13:07,793 - LibraryScraper - INFO - Scraping page 1
2026-03-16 06:13:08,860 - LibraryScraper - INFO - Found event: Stay & Play! on 2026-03-26 11:00:00-07:00
2026-03-16 06:13:08,861 - LibraryScraper - INFO - Found event: Teen Hangout & Volunteer Hour on 2026-03-26 15:45:00-07:00
2026-03-16 06:13:08,861 - LibraryScraper - INFO - Found event: Cultivating Your Inner Landscape: a 10-session series on 2026-03-27 10:00:00-07:00
2026-03-16 06:13:08,861 - LibraryScraper - INFO - Found event: Baby Village on 2026-03-27 11:30:00-07:00
2026-03-16 06:13:08,862 - LibraryScraper - INFO - Found event: For the Love of Comics 2026 on 2026-03-28 12:00:00-07:00
2026-03-16 06:13:08,862 - LibraryScraper - INFO - Found event: Computer Basics: Email (Bilingual) on 2026-03-28 14:00:00-07:00
2026-03-16 06:13:08,862 - LibraryScraper - INFO - Found event: Read to a Dog on 2026-04-01 14:00:00-07:00
2026-03-16 06:13:08,863 - LibraryScraper - INFO - Found event: Petaluma Chess Club on 2026-04-01 15:00:00-07:00
2026-03-16 06:13:08,863 - LibraryScraper - INFO - Found event: Bedroom Door Poster Design @ The Phoenix on 2026-04-01 16:00:00-07:00
2026-03-16 06:13:08,863 - LibraryScraper - INFO - Found event: Family Storytime (Tickets Required) on 2026-04-02 10:30:00-07:00
2026-03-16 06:13:08,863 - LibraryScraper - INFO - Found event: Stay & Play! on 2026-04-02 11:00:00-07:00
2026-03-16 06:13:08,864 - LibraryScraper - INFO - Found event: Bedroom Door Poster Design on 2026-04-02 16:00:00-07:00
2026-03-16 06:13:08,864 - LibraryScraper - INFO - Found event: Cultivating Your Inner Landscape: a 10-session series on 2026-04-03 10:00:00-07:00
2026-03-16 06:13:08,864 - LibraryScraper - INFO - Found event: Baby Village on 2026-04-03 11:30:00-07:00
2026-03-16 06:13:08,865 - LibraryScraper - INFO - Found event: Friday Flicks on 2026-04-03 15:45:00-07:00
2026-03-16 06:13:08,865 - LibraryScraper - INFO - Found event: Spanish Music & Movement on 2026-04-04 10:00:00-07:00
2026-03-16 06:13:08,866 - LibraryScraper - INFO - Found event: For the Love of Comics 2026 on 2026-04-04 12:00:00-07:00
2026-03-16 06:13:08,866 - LibraryScraper - INFO - Found event: Club de cultura on 2026-04-06 15:30:00-07:00
2026-03-16 06:13:08,866 - LibraryScraper - INFO - Found event: Coventry & Kaluza Show on 2026-04-07 10:30:00-07:00
2026-03-16 06:13:08,867 - LibraryScraper - INFO - Found event: BABYTIME (Tickets Required) on 2026-04-07 16:00:00-07:00
2026-03-16 06:13:08,867 - LibraryScraper - INFO - Found event: Read to a Dog on 2026-04-08 14:00:00-07:00
2026-03-16 06:13:08,867 - LibraryScraper - INFO - Found event: Petaluma Chess Club on 2026-04-08 15:00:00-07:00
2026-03-16 06:13:08,868 - LibraryScraper - INFO - Found event: Family Storytime (Tickets Required) on 2026-04-09 10:30:00-07:00
2026-03-16 06:13:08,868 - LibraryScraper - INFO - Scraping page 2
2026-03-16 06:13:09,741 - LibraryScraper - INFO - Found event: Stay & Play! on 2026-04-09 11:00:00-07:00
2026-03-16 06:13:09,742 - LibraryScraper - INFO - Found event: Petaluma Library Book Club on 2026-04-09 12:00:00-07:00
2026-03-16 06:13:09,742 - LibraryScraper - INFO - Found event: Make a Zine on 2026-04-09 16:00:00-07:00
2026-03-16 06:13:09,743 - LibraryScraper - INFO - Found event: Cultivating Your Inner Landscape: a 10-session series on 2026-04-10 10:00:00-07:00
2026-03-16 06:13:09,743 - LibraryScraper - INFO - Found event: Baby Village on 2026-04-10 11:30:00-07:00
2026-03-16 06:13:09,743 - LibraryScraper - INFO - Found event: Sensory Craft & Create: Fuzzy Fidgets on 2026-04-10 15:30:00-07:00
2026-03-16 06:13:09,744 - LibraryScraper - INFO - Found event: LoCura Music Trio on 2026-04-11 14:00:00-07:00
2026-03-16 06:13:09,744 - LibraryScraper - INFO - Found event: One on One Tech Help on 2026-04-11 14:00:00-07:00
2026-03-16 06:13:09,745 - LibraryScraper - INFO - Found event: Read to a Dog on 2026-04-12 14:00:00-07:00
2026-03-16 06:13:09,745 - LibraryScraper - INFO - Found event: Chair Yoga with Gail Gaskins on 2026-04-14 11:00:00-07:00
2026-03-16 06:13:09,745 - LibraryScraper - INFO - Found event: BABYTIME (Tickets Required) on 2026-04-14 16:00:00-07:00
2026-03-16 06:13:09,746 - LibraryScraper - INFO - Found event: One on One Tech Help on 2026-04-14 17:00:00-07:00
2026-03-16 06:13:09,746 - LibraryScraper - INFO - Found event: Read to a Dog on 2026-04-15 14:00:00-07:00
2026-03-16 06:13:09,747 - LibraryScraper - INFO - Found event: Petaluma Chess Club on 2026-04-15 15:00:00-07:00
2026-03-16 06:13:09,747 - LibraryScraper - INFO - Found event: Family Storytime (Tickets Required) on 2026-04-16 10:30:00-07:00
2026-03-16 06:13:09,747 - LibraryScraper - INFO - Found event: Stay & Play! on 2026-04-16 11:00:00-07:00
2026-03-16 06:13:09,748 - LibraryScraper - INFO - Found event: What do Texts and Poems Have in Common? on 2026-04-16 15:45:00-07:00
2026-03-16 06:13:09,748 - LibraryScraper - INFO - Found event: Cultivating Your Inner Landscape: a 10-session series on 2026-04-17 10:00:00-07:00
2026-03-16 06:13:09,748 - LibraryScraper - INFO - Found event: Baby Village on 2026-04-17 11:30:00-07:00
2026-03-16 06:13:09,749 - LibraryScraper - INFO - Found event: Marching in the Butter & Egg Days Parade on 2026-04-18 11:30:00-07:00
2026-03-16 06:13:09,749 - LibraryScraper - INFO - Found event: Creation Station on 2026-04-18 14:00:00-07:00
2026-03-16 06:13:09,750 - LibraryScraper - INFO - Found event: Kids & Family Bilingual Yoga on 2026-04-20 15:30:00-07:00
2026-03-16 06:13:09,750 - LibraryScraper - INFO - Found event: BABYTIME (Tickets Required) on 2026-04-21 16:00:00-07:00
2026-03-16 06:13:09,750 - LibraryScraper - INFO - Found event: Read to a Dog on 2026-04-22 14:00:00-07:00
2026-03-16 06:13:09,750 - LibraryScraper - INFO - Scraping page 3
2026-03-16 06:13:10,454 - LibraryScraper - INFO - Found event: Petaluma Chess Club on 2026-04-22 15:00:00-07:00
2026-03-16 06:13:10,454 - LibraryScraper - INFO - Found event: Family Storytime (Tickets Required) on 2026-04-23 10:30:00-07:00
2026-03-16 06:13:10,455 - LibraryScraper - INFO - Found event: Stay & Play! on 2026-04-23 11:00:00-07:00
2026-03-16 06:13:10,455 - LibraryScraper - INFO - Found event: Teen Hangout & Volunteer Hour on 2026-04-23 15:45:00-07:00
2026-03-16 06:13:10,455 - LibraryScraper - INFO - Found event: Cultivating Your Inner Landscape: a 10-session series on 2026-04-24 10:00:00-07:00
2026-03-16 06:13:10,456 - LibraryScraper - INFO - Found event: Baby Village on 2026-04-24 11:30:00-07:00
2026-03-16 06:13:10,456 - LibraryScraper - INFO - Found event: UC Master Gardeners Succulent Swap on 2026-04-25 10:00:00-07:00
2026-03-16 06:13:10,456 - LibraryScraper - INFO - Found event: One on One Tech Help on 2026-04-25 14:00:00-07:00
2026-03-16 06:13:10,457 - LibraryScraper - INFO - Found event: Read to a Dog on 2026-04-26 14:00:00-07:00
2026-03-16 06:13:10,457 - LibraryScraper - INFO - Found event: LEGO Build Club & Rubik's Cube Corner on 2026-04-27 15:30:00-07:00
2026-03-16 06:13:10,457 - LibraryScraper - INFO - Found event: Chair Yoga with Gail Gaskins on 2026-04-28 11:00:00-07:00
2026-03-16 06:13:10,457 - LibraryScraper - INFO - Found event: BABYTIME (Tickets Required) on 2026-04-28 16:00:00-07:00
2026-03-16 06:13:10,458 - LibraryScraper - INFO - Found event: One on One Tech Help on 2026-04-28 17:00:00-07:00
2026-03-16 06:13:10,458 - LibraryScraper - INFO - Found event: Read to a Dog on 2026-04-29 14:00:00-07:00
2026-03-16 06:13:10,458 - LibraryScraper - INFO - Found event: Petaluma Chess Club on 2026-04-29 15:00:00-07:00
2026-03-16 06:13:10,459 - LibraryScraper - INFO - Found event: Family Storytime (Tickets Required) on 2026-04-30 10:30:00-07:00
2026-03-16 06:13:10,459 - LibraryScraper - INFO - Found event: Stay & Play! on 2026-04-30 11:00:00-07:00
2026-03-16 06:13:10,459 - LibraryScraper - INFO - Found event: Cultivating Your Inner Landscape: a 10-session series on 2026-05-01 10:00:00-07:00
2026-03-16 06:13:10,459 - LibraryScraper - INFO - Found event: Baby Village on 2026-05-01 11:30:00-07:00
2026-03-16 06:13:10,460 - LibraryScraper - INFO - Found event: Spanish Music & Movement on 2026-05-02 10:00:00-07:00
2026-03-16 06:13:10,460 - LibraryScraper - INFO - Found event: Celebrate Día: Word Chains on 2026-05-02 10:45:00-07:00
2026-03-16 06:13:10,460 - LibraryScraper - INFO - Found event: Club de cultura on 2026-05-04 15:30:00-07:00
2026-03-16 06:13:10,461 - LibraryScraper - INFO - Found event: Petaluma Conversations on 2026-05-05 17:30:00-07:00
2026-03-16 06:13:10,461 - LibraryScraper - INFO - Found event: Read to a Dog on 2026-05-06 14:00:00-07:00
2026-03-16 06:13:10,461 - LibraryScraper - INFO - Scraping page 4
2026-03-16 06:13:12,035 - LibraryScraper - INFO - Found event: Petaluma Chess Club on 2026-05-06 15:00:00-07:00
2026-03-16 06:13:12,035 - LibraryScraper - INFO - Found event: Cultivating Your Inner Landscape: a 10-session series on 2026-05-08 10:00:00-07:00
2026-03-16 06:13:12,036 - LibraryScraper - INFO - Found event: One on One Tech Help on 2026-05-09 14:00:00-07:00
2026-03-16 06:13:12,036 - LibraryScraper - INFO - Found event: Read to a Dog on 2026-05-10 14:00:00-07:00
2026-03-16 06:13:12,037 - LibraryScraper - INFO - Found event: One on One Tech Help on 2026-05-12 17:00:00-07:00
2026-03-16 06:13:12,037 - LibraryScraper - INFO - Found event: Petaluma Conversations on 2026-05-12 17:30:00-07:00
2026-03-16 06:13:12,037 - LibraryScraper - INFO - Found event: Read to a Dog on 2026-05-13 14:00:00-07:00
2026-03-16 06:13:12,038 - LibraryScraper - INFO - Found event: Petaluma Chess Club on 2026-05-13 15:00:00-07:00
2026-03-16 06:13:12,038 - LibraryScraper - INFO - Found event: Petaluma Library Book Club on 2026-05-14 12:00:00-07:00
2026-03-16 06:13:12,039 - LibraryScraper - INFO - Found event: Creation Station on 2026-05-16 14:00:00-07:00
2026-03-16 06:13:12,039 - LibraryScraper - INFO - Found event: LEGO Build Club & Rubik's Cube Corner on 2026-05-18 15:30:00-07:00
2026-03-16 06:13:12,039 - LibraryScraper - INFO - Found event: Petaluma Conversations on 2026-05-19 17:30:00-07:00
2026-03-16 06:13:12,040 - LibraryScraper - INFO - Found event: Read to a Dog on 2026-05-20 14:00:00-07:00
2026-03-16 06:13:12,040 - LibraryScraper - INFO - Found event: This is your Life, Give it a Good Ending: A Village Network Event on 2026-05-21 13:00:00-07:00
2026-03-16 06:13:12,040 - LibraryScraper - INFO - Found event: One on One Tech Help on 2026-05-23 14:00:00-07:00
2026-03-16 06:13:12,041 - LibraryScraper - INFO - Found event: Read to a Dog on 2026-05-24 14:00:00-07:00
2026-03-16 06:13:12,041 - LibraryScraper - INFO - Found event: One on One Tech Help on 2026-05-26 17:00:00-07:00
2026-03-16 06:13:12,042 - LibraryScraper - INFO - Found event: Petaluma Conversations on 2026-05-26 17:30:00-07:00
2026-03-16 06:13:12,042 - LibraryScraper - INFO - Found event: Read to a Dog on 2026-05-27 14:00:00-07:00
2026-03-16 06:13:12,042 - LibraryScraper - INFO - Found event: Petaluma Chess Club on 2026-05-27 15:00:00-07:00
2026-03-16 06:13:12,043 - LibraryScraper - INFO - Found event: Petaluma Library Advisory Board on 2026-05-27 16:00:00-07:00
2026-03-16 06:13:12,043 - LibraryScraper - INFO - Found event: Read to a Dog on 2026-06-03 14:00:00-07:00
2026-03-16 06:13:12,043 - LibraryScraper - INFO - Found event: Lawyers in the Library on 2026-06-03 17:00:00-07:00
2026-03-16 06:13:12,044 - LibraryScraper - INFO - Scraping page 5
2026-03-16 06:13:14,127 - LibraryScraper - INFO - Found event: Read to a Dog on 2026-06-10 14:00:00-07:00
2026-03-16 06:13:14,128 - LibraryScraper - INFO - Found event: Petaluma Library Book Club on 2026-06-11 12:00:00-07:00
2026-03-16 06:13:14,128 - LibraryScraper - INFO - Found event: Read to a Dog on 2026-06-14 14:00:00-07:00
2026-03-16 06:13:14,128 - LibraryScraper - INFO - Found event: Read to a Dog on 2026-06-17 14:00:00-07:00
2026-03-16 06:13:14,129 - LibraryScraper - INFO - Found event: Read to a Dog on 2026-06-24 14:00:00-07:00
2026-03-16 06:13:14,129 - LibraryScraper - INFO - Found event: Read to a Dog on 2026-06-28 14:00:00-07:00
2026-03-16 06:13:14,129 - LibraryScraper - INFO - Found event: Read to a Dog on 2026-07-01 14:00:00-07:00
2026-03-16 06:13:14,130 - LibraryScraper - INFO - Found event: Read to a Dog on 2026-07-08 14:00:00-07:00
2026-03-16 06:13:14,130 - LibraryScraper - INFO - Found event: Petaluma Library Book Club on 2026-07-09 12:00:00-07:00
2026-03-16 06:13:14,130 - LibraryScraper - INFO - Found event: Read to a Dog on 2026-07-12 14:00:00-07:00
2026-03-16 06:13:14,130 - LibraryScraper - INFO - Found event: Read to a Dog on 2026-07-15 14:00:00-07:00
2026-03-16 06:13:14,131 - LibraryScraper - INFO - Found event: Read to a Dog on 2026-07-22 14:00:00-07:00
2026-03-16 06:13:14,131 - LibraryScraper - INFO - Found event: Petaluma Library Advisory Board on 2026-07-22 16:00:00-07:00
2026-03-16 06:13:14,131 - LibraryScraper - INFO - Found event: Read to a Dog on 2026-07-26 14:00:00-07:00
2026-03-16 06:13:14,132 - LibraryScraper - INFO - Found event: Read to a Dog on 2026-07-29 14:00:00-07:00
2026-03-16 06:13:14,132 - LibraryScraper - INFO - Found event: Read to a Dog on 2026-08-05 14:00:00-07:00
2026-03-16 06:13:14,132 - LibraryScraper - INFO - Found event: Read to a Dog on 2026-08-09 14:00:00-07:00
2026-03-16 06:13:14,133 - LibraryScraper - INFO - Found event: Read to a Dog on 2026-08-12 14:00:00-07:00
2026-03-16 06:13:14,133 - LibraryScraper - INFO - Found event: Petaluma Library Book Club on 2026-08-13 12:00:00-07:00
2026-03-16 06:13:14,134 - LibraryScraper - INFO - Found event: Read to a Dog on 2026-08-19 14:00:00-07:00
2026-03-16 06:13:14,134 - LibraryScraper - INFO - Found event: Read to a Dog on 2026-08-23 14:00:00-07:00
2026-03-16 06:13:14,134 - LibraryScraper - INFO - Stopping: page 5 events are beyond 2 months
2026-03-16 06:13:14,134 - LibraryScraper - INFO - Filtered 13 events beyond 2 months out
2026-03-16 06:13:14,134 - LibraryScraper - INFO - Found 81 events
2026-03-16 06:13:14,147 - LibraryScraper - INFO - Written to cities/petaluma/library_intercept.ics
2026-03-16 06:13:14,381 - MysticTheatreScraper - INFO - Scraping Mystic Theatre
2026-03-16 06:13:14,381 - MysticTheatreScraper - INFO - Fetching https://www.mystictheatre.com/calendar
2026-03-16 06:13:15,501 - MysticTheatreScraper - INFO - Found 12 event cards
2026-03-16 06:13:15,504 - MysticTheatreScraper - INFO - Found event: Irish Dance Performance on 2026-03-17 17:30:00
2026-03-16 06:13:15,506 - MysticTheatreScraper - INFO - Found event: The Third Mind | Fully Seated on 2026-03-18 20:00:00
2026-03-16 06:13:15,507 - MysticTheatreScraper - INFO - Found event: Whitey Morgan (Acoustic) on 2026-03-20 20:00:00
2026-03-16 06:13:15,509 - MysticTheatreScraper - INFO - Found event: Wake the Dead on 2026-03-21 20:00:00
2026-03-16 06:13:15,510 - MysticTheatreScraper - INFO - Found event: Chancey Williams on 2026-03-25 20:30:00
2026-03-16 06:13:15,512 - MysticTheatreScraper - INFO - Found event: Tainted Love on 2026-03-27 21:00:00
2026-03-16 06:13:15,514 - MysticTheatreScraper - INFO - Found event: Donavon Frankenreiter | Fully Seated on 2026-03-31 20:00:00
2026-03-16 06:13:15,515 - MysticTheatreScraper - INFO - Found event: Marty O'Reilly Trio on 2026-04-04 20:30:00
2026-03-16 06:13:15,517 - MysticTheatreScraper - INFO - Found event: Cass McCombs on 2026-04-07 20:30:00
2026-03-16 06:13:15,518 - MysticTheatreScraper - INFO - Found event: Ben Roy on 2026-04-09 20:00:00
2026-03-16 06:13:15,520 - MysticTheatreScraper - INFO - Found event: Lil Mo Mozzarella | Fully Seated on 2026-04-10 20:30:00
2026-03-16 06:13:15,521 - MysticTheatreScraper - INFO - Found event: AZ/DZ on 2026-04-11 20:00:00
2026-03-16 06:13:15,522 - MysticTheatreScraper - INFO - Found 12 events
2026-03-16 06:13:15,524 - MysticTheatreScraper - INFO - Written to cities/petaluma/mystic_theatre.ics
# Found 1 events
2026-03-16 06:13:19,694 - MercuryTheaterScraper - INFO - Scraping Mercury Theater
2026-03-16 06:13:19,694 - MercuryTheaterScraper - INFO - Fetching https://www.mercurytheater.org/mercury-theater-calendar?format=json
2026-03-16 06:13:20,021 - MercuryTheaterScraper - INFO - Found 4 upcoming events
2026-03-16 06:13:20,021 - MercuryTheaterScraper - INFO - Found 4 events
2026-03-16 06:13:20,022 - MercuryTheaterScraper - INFO - Written to cities/petaluma/mercury_theater.ics
2026-03-16 06:13:20,153 - AdobeRoadScraper - INFO - Scraping Adobe Road Winery
2026-03-16 06:13:20,153 - AdobeRoadScraper - INFO - Fetching https://adoberoadwines.com/mec-category/petaluma-events/
2026-03-16 06:13:20,446 - AdobeRoadScraper - INFO - Found 0 JSON-LD events on https://adoberoadwines.com/mec-category/petaluma-events/
2026-03-16 06:13:20,446 - AdobeRoadScraper - INFO - Total: 0 events
2026-03-16 06:13:20,446 - AdobeRoadScraper - INFO - Found 0 events
2026-03-16 06:13:20,447 - AdobeRoadScraper - INFO - Written to cities/petaluma/adobe_road.ics
2026-03-16 06:13:20,579 - PetalumaArtsCenterScraper - INFO - Scraping Petaluma Arts Center
2026-03-16 06:13:20,579 - PetalumaArtsCenterScraper - INFO - Fetching https://petalumaartscenter.org/events-exhibitions?format=json
2026-03-16 06:13:21,305 - PetalumaArtsCenterScraper - INFO - Found 11 upcoming events
2026-03-16 06:13:21,305 - PetalumaArtsCenterScraper - INFO - Filtered 3 events beyond 2 months out
2026-03-16 06:13:21,305 - PetalumaArtsCenterScraper - INFO - Found 8 events
2026-03-16 06:13:21,309 - PetalumaArtsCenterScraper - INFO - Written to cities/petaluma/petaluma_arts_center.ics
2026-03-16 06:13:21,444 - BrewstersScraper - INFO - Scraping Brewsters Beer Garden
2026-03-16 06:13:21,444 - BrewstersScraper - INFO - Fetching https://brewstersbeergarden.com/calendar1?format=json
2026-03-16 06:13:21,890 - BrewstersScraper - INFO - Found 83 upcoming events
2026-03-16 06:13:21,890 - BrewstersScraper - INFO - Filtered 37 events beyond 2 months out
2026-03-16 06:13:21,890 - BrewstersScraper - INFO - Found 46 events
2026-03-16 06:13:21,898 - BrewstersScraper - INFO - Written to cities/petaluma/brewsters.ics
2026-03-16 06:13:22,032 - CoolPetalumaScraper - INFO - Scraping Cool Petaluma
2026-03-16 06:13:22,032 - CoolPetalumaScraper - INFO - Fetching https://coolpetaluma.org/events?format=json
2026-03-16 06:13:22,596 - CoolPetalumaScraper - INFO - Found 5 upcoming events
2026-03-16 06:13:22,596 - CoolPetalumaScraper - INFO - Found 5 events
2026-03-16 06:13:22,599 - CoolPetalumaScraper - INFO - Written to cities/petaluma/cool_petaluma.ics
2026-03-16 06:13:22,729 - PetalumaRiverParkScraper - INFO - Scraping Petaluma River Park
2026-03-16 06:13:22,730 - PetalumaRiverParkScraper - INFO - Fetching https://petalumariverpark.org/calendar?format=json
2026-03-16 06:13:23,142 - PetalumaRiverParkScraper - INFO - Found 8 upcoming events
2026-03-16 06:13:23,142 - PetalumaRiverParkScraper - INFO - Found 8 events
2026-03-16 06:13:23,144 - PetalumaRiverParkScraper - INFO - Written to cities/petaluma/petaluma_river_park.ics
2026-03-16 06:13:23,323 - INFO - Scraping Blue Zones Project Petaluma
2026-03-16 06:13:24,859 - INFO - Discovered 21 event URLs from organizer page
2026-03-16 06:13:24,859 - INFO - Fetching 21 event pages (parallel)...
2026-03-16 06:13:25,067 - WARNING - No JSON-LD Event found at https://www.eventbrite.com/e/bzp-petaluma-farmers-market-cooking-demo-taste-testing-tickets-1983307543251
2026-03-16 06:13:25,100 - WARNING - No JSON-LD Event found at https://www.eventbrite.com/e/blue-zones-project-petaluma-purpose-workshop-tickets-1980042021989
2026-03-16 06:13:25,102 - WARNING - No JSON-LD Event found at https://www.eventbrite.com/e/bzp-petaluma-chef-k-free-food-skills-workshop-tickets-1859346969839
2026-03-16 06:13:25,277 - WARNING - No JSON-LD Event found at https://www.eventbrite.com/e/ucc-bzp-petaluma-musical-magical-christmas-eve-tickets-1976769593066
2026-03-16 06:13:25,305 - WARNING - No JSON-LD Event found at https://www.eventbrite.com/e/blue-zones-project-petaluma-taller-de-proposito-tickets-1980509559406
2026-03-16 06:13:25,431 - WARNING - No JSON-LD Event found at https://www.eventbrite.com/e/aauw-blue-zones-project-petaluma-purpose-workshop-tickets-1835416763949
2026-03-16 06:13:25,484 - WARNING - No JSON-LD Event found at https://www.eventbrite.com/e/bzp-petaluma-petaluma-health-center-new-years-healthy-cooking-demo-tickets-1975056298556
2026-03-16 06:13:25,491 - WARNING - No JSON-LD Event found at https://www.eventbrite.com/e/dia-de-los-muertos-25th-anniversary-celebration-volunteer-opportunity-tickets-1830670307169
2026-03-16 06:13:25,611 - WARNING - No JSON-LD Event found at https://www.eventbrite.com/e/bzp-petaluma-smart-shopping-grocery-tour-grocery-outlet-tickets-1963525446467
2026-03-16 06:13:25,655 - WARNING - No JSON-LD Event found at https://www.eventbrite.com/e/blue-zones-project-petaluma-stockhome-dry-january-mocktail-class-demo-tickets-1976493750012
2026-03-16 06:13:25,759 - WARNING - No JSON-LD Event found at https://www.eventbrite.com/e/bzp-petaluma-smart-shopping-grocery-tour-lolas-market-tickets-1964544240708
2026-03-16 06:13:25,877 - WARNING - No JSON-LD Event found at https://www.eventbrite.com/e/blue-zones-project-petaluma-beginner-pickleball-clinics-tickets-1849306498519
2026-03-16 06:13:25,941 - INFO - Got 4 future events
2026-03-16 06:13:25,941 - INFO - Found 4 events
2026-03-16 06:13:25,942 - INFO - Written to cities/petaluma/bluezones_petaluma.ics
2026-03-16 06:13:44,504 - INFO - Processing meetup_active_20_30.ics...
2026-03-16 06:13:44,505 - INFO -   Fetching image for: https://www.meetup.com/petaluma-active-20-30/events/313662173/
2026-03-16 06:13:45,315 - INFO -     -> https://secure.meetupstatic.com/photos/event/5/d/b/2/600_530603986.jpeg
2026-03-16 06:13:45,315 - INFO - meetup_active_20_30.ics: added 1 image(s)
2026-03-16 06:13:45,315 - INFO - Processing meetup_book_brew.ics...
2026-03-16 06:13:45,316 - INFO -   Fetching image for: https://www.meetup.com/petaluma-book-and-brew-club/events/313746893/
2026-03-16 06:13:46,114 - INFO -     -> https://secure.meetupstatic.com/photos/event/c/d/0/f/600_533152495.jpeg
2026-03-16 06:13:46,115 - INFO - meetup_book_brew.ics: added 1 image(s)
2026-03-16 06:13:46,115 - INFO - Processing meetup_candlelight_yoga.ics...
2026-03-16 06:13:46,115 - INFO -   Fetching image for: https://www.meetup.com/meetup-group-bwkyqavs/events/313582344/
2026-03-16 06:13:46,994 - INFO -     -> https://secure.meetupstatic.com/photos/event/2/0/2/7/600_531848231.jpeg
2026-03-16 06:13:46,994 - INFO -   Fetching image for: https://www.meetup.com/meetup-group-bwkyqavs/events/313582328/
2026-03-16 06:13:47,817 - INFO -     -> https://secure.meetupstatic.com/photos/event/2/0/4/6/600_531848262.jpeg
2026-03-16 06:13:47,817 - INFO -   Fetching image for: https://www.meetup.com/meetup-group-bwkyqavs/events/bnjtvtyjcgblb/
2026-03-16 06:13:48,621 - INFO -     -> https://secure.meetupstatic.com/photos/event/2/0/4/6/600_531848262.jpeg
2026-03-16 06:13:48,622 - INFO -   Fetching image for: https://www.meetup.com/meetup-group-bwkyqavs/events/chwgwtyjcgbpb/
2026-03-16 06:13:49,611 - INFO -     -> https://secure.meetupstatic.com/photos/event/2/0/2/7/600_531848231.jpeg
2026-03-16 06:13:49,611 - INFO -   Fetching image for: https://www.meetup.com/meetup-group-bwkyqavs/events/chwgwtyjcgbxb/
2026-03-16 06:13:50,434 - INFO -     -> https://secure.meetupstatic.com/photos/event/2/0/2/7/600_531848231.jpeg
2026-03-16 06:13:50,434 - INFO -   Fetching image for: https://www.meetup.com/meetup-group-bwkyqavs/events/bnjtvtyjcgbdc/
2026-03-16 06:13:51,529 - INFO -     -> https://secure.meetupstatic.com/photos/event/2/0/4/6/600_531848262.jpeg
2026-03-16 06:13:51,529 - INFO -   Fetching image for: https://www.meetup.com/meetup-group-bwkyqavs/events/chwgwtyjcgbhc/
2026-03-16 06:13:52,428 - INFO -     -> https://secure.meetupstatic.com/photos/event/2/0/2/7/600_531848231.jpeg
2026-03-16 06:13:52,429 - INFO -   Fetching image for: https://www.meetup.com/meetup-group-bwkyqavs/events/bnjtvtyjcgbmc/
2026-03-16 06:13:53,238 - INFO -     -> https://secure.meetupstatic.com/photos/event/2/0/4/6/600_531848262.jpeg
2026-03-16 06:13:53,238 - INFO -   Fetching image for: https://www.meetup.com/meetup-group-bwkyqavs/events/chwgwtyjchbdb/
2026-03-16 06:13:54,050 - INFO -     -> https://secure.meetupstatic.com/photos/event/2/0/2/7/600_531848231.jpeg
2026-03-16 06:13:54,050 - INFO -   Fetching image for: https://www.meetup.com/meetup-group-bwkyqavs/events/bnjtvtyjchbjb/
2026-03-16 06:13:54,874 - INFO -     -> https://secure.meetupstatic.com/photos/event/2/0/4/6/600_531848262.jpeg
2026-03-16 06:13:54,874 - INFO - meetup_candlelight_yoga.ics: added 10 image(s)
2026-03-16 06:13:54,874 - INFO - Processing meetup_figure_drawing.ics...
2026-03-16 06:13:54,874 - INFO -   Fetching image for: https://www.meetup.com/petaluma-figure-drawing-meetup-group/events/313760335/
2026-03-16 06:13:55,871 - INFO -     -> https://secure.meetupstatic.com/photos/event/6/2/9/4/600_532705236.jpeg
2026-03-16 06:13:55,872 - INFO - meetup_figure_drawing.ics: added 1 image(s)
2026-03-16 06:13:55,872 - INFO - Processing meetup_meditate_monk.ics...
2026-03-16 06:13:55,872 - INFO -   Fetching image for: https://www.meetup.com/meditate-with-a-monk-in-sonoma-county/events/313535317/
2026-03-16 06:13:56,872 - INFO -     -> https://secure.meetupstatic.com/photos/event/b/3/5/5/600_530865909.jpeg
2026-03-16 06:13:56,873 - INFO -   Fetching image for: https://www.meetup.com/meditate-with-a-monk-in-sonoma-county/events/313605186/
2026-03-16 06:13:57,787 - INFO -     -> https://secure.meetupstatic.com/photos/event/4/f/5/2/600_513320306.jpeg
2026-03-16 06:13:57,787 - INFO -   Fetching image for: https://www.meetup.com/meditate-with-a-monk-in-sonoma-county/events/313605311/
2026-03-16 06:13:58,693 - INFO -     -> https://secure.meetupstatic.com/photos/event/b/3/7/8/600_530865944.jpeg
2026-03-16 06:13:58,693 - INFO -   Fetching image for: https://www.meetup.com/meditate-with-a-monk-in-sonoma-county/events/313609091/
2026-03-16 06:13:59,480 - INFO -     -> https://secure.meetupstatic.com/photos/event/1/3/d/9/600_480545081.jpeg
2026-03-16 06:13:59,480 - INFO -   Fetching image for: https://www.meetup.com/meditate-with-a-monk-in-sonoma-county/events/313645057/
2026-03-16 06:14:00,277 - INFO -     -> https://secure.meetupstatic.com/photos/event/b/3/5/5/600_530865909.jpeg
2026-03-16 06:14:00,278 - INFO -   Fetching image for: https://www.meetup.com/meditate-with-a-monk-in-sonoma-county/events/313714623/
2026-03-16 06:14:01,065 - INFO -     -> https://secure.meetupstatic.com/photos/event/4/f/5/2/600_513320306.jpeg
2026-03-16 06:14:01,065 - INFO -   Fetching image for: https://www.meetup.com/meditate-with-a-monk-in-sonoma-county/events/313714737/
2026-03-16 06:14:01,811 - INFO -     -> https://secure.meetupstatic.com/photos/event/b/3/7/8/600_530865944.jpeg
2026-03-16 06:14:01,811 - INFO -   Fetching image for: https://www.meetup.com/meditate-with-a-monk-in-sonoma-county/events/313544474/
2026-03-16 06:14:03,246 - INFO -     -> https://secure.meetupstatic.com/photos/event/1/3/d/9/600_480545081.jpeg
2026-03-16 06:14:03,246 - INFO -   Fetching image for: https://www.meetup.com/meditate-with-a-monk-in-sonoma-county/events/313754073/
2026-03-16 06:14:03,982 - INFO -     -> https://secure.meetupstatic.com/photos/event/b/3/5/5/600_530865909.jpeg
2026-03-16 06:14:03,982 - INFO -   Fetching image for: https://www.meetup.com/meditate-with-a-monk-in-sonoma-county/events/kqmnjtyjcgbhb/
2026-03-16 06:14:04,841 - INFO -     -> https://secure.meetupstatic.com/photos/event/4/f/5/2/600_513320306.jpeg
2026-03-16 06:14:04,841 - INFO - meetup_meditate_monk.ics: added 10 image(s)
2026-03-16 06:14:04,841 - INFO - Processing meetup_mindful_petaluma.ics...
2026-03-16 06:14:04,841 - INFO -   Fetching image for: https://www.meetup.com/mindfulnesspetaluma/events/313516396/
2026-03-16 06:14:05,634 - INFO -     -> https://secure.meetupstatic.com/photos/event/b/4/1/d/600_524086109.jpeg
2026-03-16 06:14:05,634 - INFO -   Fetching image for: https://www.meetup.com/mindfulnesspetaluma/events/313534299/
2026-03-16 06:14:07,254 - INFO -     -> https://secure.meetupstatic.com/photos/event/3/2/2/8/600_527532840.jpeg
2026-03-16 06:14:07,254 - INFO -   Fetching image for: https://www.meetup.com/mindfulnesspetaluma/events/313551015/
2026-03-16 06:14:08,053 - INFO -     -> https://secure.meetupstatic.com/photos/event/5/d/8/b/600_516803947.jpeg
2026-03-16 06:14:08,053 - INFO -   Fetching image for: https://www.meetup.com/mindfulnesspetaluma/events/313567834/
2026-03-16 06:14:08,846 - INFO -     -> https://secure.meetupstatic.com/photos/event/b/4/1/d/600_524086109.jpeg
2026-03-16 06:14:08,846 - INFO -   Fetching image for: https://www.meetup.com/mindfulnesspetaluma/events/313587246/
2026-03-16 06:14:09,638 - INFO -     -> https://secure.meetupstatic.com/photos/event/1/b/7/0/600_523867024.jpeg
2026-03-16 06:14:09,638 - INFO -   Fetching image for: https://www.meetup.com/mindfulnesspetaluma/events/313628014/
2026-03-16 06:14:10,417 - INFO -     -> https://secure.meetupstatic.com/photos/event/b/4/1/d/600_524086109.jpeg
2026-03-16 06:14:10,418 - INFO -   Fetching image for: https://www.meetup.com/mindfulnesspetaluma/events/313644290/
2026-03-16 06:14:11,278 - INFO -     -> https://secure.meetupstatic.com/photos/event/3/2/2/8/600_527532840.jpeg
2026-03-16 06:14:11,278 - INFO -   Fetching image for: https://www.meetup.com/mindfulnesspetaluma/events/313662052/
2026-03-16 06:14:12,048 - INFO -     -> https://secure.meetupstatic.com/photos/event/5/d/8/b/600_516803947.jpeg
2026-03-16 06:14:12,048 - INFO -   Fetching image for: https://www.meetup.com/mindfulnesspetaluma/events/313695532/
2026-03-16 06:14:12,814 - INFO -     -> https://secure.meetupstatic.com/photos/event/1/b/7/0/600_523867024.jpeg
2026-03-16 06:14:12,814 - INFO -   Fetching image for: https://www.meetup.com/mindfulnesspetaluma/events/313737930/
2026-03-16 06:14:13,671 - INFO -     -> https://secure.meetupstatic.com/photos/event/b/4/1/d/600_524086109.jpeg
2026-03-16 06:14:13,672 - INFO - meetup_mindful_petaluma.ics: added 10 image(s)
2026-03-16 06:14:13,672 - INFO - Processing meetup_rebel_craft.ics...
2026-03-16 06:14:13,672 - INFO -   Fetching image for: https://www.meetup.com/the-rebel-craft-collective/events/313260331/
2026-03-16 06:14:14,770 - INFO -     -> https://secure.meetupstatic.com/photos/event/a/2/b/3/600_527801651.jpeg
2026-03-16 06:14:14,771 - INFO -   Fetching image for: https://www.meetup.com/the-rebel-craft-collective/events/313260336/
2026-03-16 06:14:15,671 - INFO -     -> https://secure.meetupstatic.com/photos/event/a/2/b/3/600_527801651.jpeg
2026-03-16 06:14:15,671 - INFO -   Fetching image for: https://www.meetup.com/the-rebel-craft-collective/events/313260344/
2026-03-16 06:14:17,507 - INFO -     -> https://secure.meetupstatic.com/photos/event/a/2/b/3/600_527801651.jpeg
2026-03-16 06:14:17,507 - INFO - meetup_rebel_craft.ics: added 3 image(s)
2026-03-16 06:14:17,507 - INFO - Processing meetup_sonoma_outdoors.ics...
2026-03-16 06:14:17,508 - INFO -   Fetching image for: https://www.meetup.com/sonoma-county-outdoors/events/313788314/
2026-03-16 06:14:18,263 - INFO -     -> https://secure.meetupstatic.com/photos/event/c/0/4/f/600_532969231.jpeg
2026-03-16 06:14:18,263 - INFO -   Fetching image for: https://www.meetup.com/sonoma-county-outdoors/events/313534125/
2026-03-16 06:14:19,009 - INFO -     -> https://secure.meetupstatic.com/photos/event/7/f/8/e/600_483032654.jpeg
2026-03-16 06:14:19,009 - INFO -   Fetching image for: https://www.meetup.com/sonoma-county-outdoors/events/312613174/
2026-03-16 06:14:19,607 - INFO -     -> https://secure.meetupstatic.com/photos/event/b/6/c/6/600_533026790.jpeg
2026-03-16 06:14:19,608 - INFO -   Fetching image for: https://www.meetup.com/sonoma-county-outdoors/events/313643927/
2026-03-16 06:14:20,394 - INFO -     -> https://secure.meetupstatic.com/photos/event/7/f/8/e/600_483032654.jpeg
2026-03-16 06:14:20,394 - INFO -   Fetching image for: https://www.meetup.com/sonoma-county-outdoors/events/312613175/
2026-03-16 06:14:21,211 - INFO -     -> https://secure.meetupstatic.com/photos/event/b/6/d/a/600_533026810.jpeg
2026-03-16 06:14:21,212 - INFO -   Fetching image for: https://www.meetup.com/sonoma-county-outdoors/events/313753000/
2026-03-16 06:14:21,994 - INFO -     -> https://secure.meetupstatic.com/photos/event/7/f/8/e/600_483032654.jpeg
2026-03-16 06:14:21,994 - INFO -   Fetching image for: https://www.meetup.com/sonoma-county-outdoors/events/312814190/
2026-03-16 06:14:22,753 - INFO -     -> https://secure.meetupstatic.com/photos/event/4/2/9/2/600_526877042.jpeg
2026-03-16 06:14:22,753 - INFO -   Fetching image for: https://www.meetup.com/sonoma-county-outdoors/events/vnmwktyjcgbkb/
2026-03-16 06:14:23,547 - INFO -     -> https://secure.meetupstatic.com/photos/event/7/f/8/e/600_483032654.jpeg
2026-03-16 06:14:23,547 - INFO -   Fetching image for: https://www.meetup.com/sonoma-county-outdoors/events/312613184/
2026-03-16 06:14:24,341 - INFO -     -> https://secure.meetupstatic.com/photos/event/b/6/f/6/600_533026838.jpeg
2026-03-16 06:14:24,341 - INFO -   Fetching image for: https://www.meetup.com/sonoma-county-outdoors/events/vnmwktyjcgbsb/
2026-03-16 06:14:25,232 - INFO -     -> https://secure.meetupstatic.com/photos/event/7/f/8/e/600_483032654.jpeg
2026-03-16 06:14:25,233 - INFO - meetup_sonoma_outdoors.ics: added 10 image(s)
2026-03-16 06:14:25,233 - INFO - Done. Total images added: 46
2026-03-16 06:14:39,202 - UofTEventsScraper - INFO - Scraping University of Toronto
2026-03-16 06:14:39,202 - UofTEventsScraper - INFO - Fetching https://www.utoronto.ca/events
2026-03-16 06:14:39,388 - UofTEventsScraper - INFO - Found 30 department 'More' links
2026-03-16 06:14:39,408 - UofTEventsScraper - INFO - Aggregate page: 128 events
2026-03-16 06:14:39,638 - UofTEventsScraper - INFO - Alumni: 7 new events (from 8 total)
2026-03-16 06:14:44,078 - UofTEventsScraper - INFO - Daniels: 12 new events (from 12 total)
2026-03-16 06:14:45,500 - UofTEventsScraper - INFO - Arts & Science: 5 new events (from 10 total)
2026-03-16 06:15:07,571 - UofTEventsScraper - WARNING - Events: fetch error: HTTPSConnectionPool(host='www.humanities.utoronto.ca', port=443): Read timed out. (read timeout=15)
2026-03-16 06:15:07,985 - UofTEventsScraper - INFO - Law: 6 new events (from 6 total)
2026-03-16 06:15:08,170 - UofTEventsScraper - INFO - Pharmacy: 2 new events (from 6 total)
2026-03-16 06:15:15,870 - UofTEventsScraper - WARNING - Trinity College: fetch error: HTTPSConnectionPool(host='www.trinity.utoronto.ca', port=443): Max retries exceeded with url: /discover/calendar/ (Caused by SSLError(SSLCertVerificationError(1, '[SSL: CERTIFICATE_VERIFY_FAILED] certificate verify failed: unable to get local issuer certificate (_ssl.c:1017)')))
2026-03-16 06:15:21,621 - UofTEventsScraper - INFO - Department pages: 32 additional events
2026-03-16 06:15:21,621 - UofTEventsScraper - INFO - Total: 160 events
2026-03-16 06:15:21,621 - UofTEventsScraper - INFO - Filtered 7 events beyond 2 months out
2026-03-16 06:15:21,621 - UofTEventsScraper - INFO - Found 153 events
2026-03-16 06:15:21,644 - UofTEventsScraper - INFO - Written to uoft_events.ics
2026-03-16 06:15:23,738 - INFO - Scraping Native Earth Performing Arts
2026-03-16 06:15:23,738 - INFO - Fetching event list from https://nativeearth.ca/shows/all-shows
2026-03-16 06:15:23,885 - INFO - Found 35 event URLs
2026-03-16 06:15:23,885 - INFO - Fetching iCal: https://nativeearth.ca/shows/all-shows/2-spirit-cabaret?format=ical
2026-03-16 06:15:24,547 - INFO - Fetching iCal: https://nativeearth.ca/shows/all-shows/2-spirit-cabaret-9th-edition?format=ical
2026-03-16 06:15:25,151 - INFO - Fetching iCal: https://nativeearth.ca/shows/all-shows/a-question-of-character?format=ical
2026-03-16 06:15:25,779 - INFO - Fetching iCal: https://nativeearth.ca/shows/all-shows/aalaapi?format=ical
2026-03-16 06:15:26,399 - INFO - Fetching iCal: https://nativeearth.ca/shows/all-shows/an-intervention?format=ical
2026-03-16 06:15:27,128 - INFO - Fetching iCal: https://nativeearth.ca/shows/all-shows/artist-workshops-with-cian-parker-mori-artist-visiting-from-aotearoa?format=ical
2026-03-16 06:15:27,791 - INFO - Fetching iCal: https://nativeearth.ca/shows/all-shows/black-ballerina?format=ical
2026-03-16 06:15:28,409 - INFO - Fetching iCal: https://nativeearth.ca/shows/all-shows/bol-brown-boy-bol?format=ical
2026-03-16 06:15:29,049 - INFO - Fetching iCal: https://nativeearth.ca/shows/all-shows/canoe?format=ical
2026-03-16 06:15:29,634 - INFO - Fetching iCal: https://nativeearth.ca/shows/all-shows/carlos-sanchez-en-toronto?format=ical
2026-03-16 06:15:30,249 - INFO - Fetching iCal: https://nativeearth.ca/shows/all-shows/chapter-21?format=ical
2026-03-16 06:15:30,856 - INFO - Fetching iCal: https://nativeearth.ca/shows/all-shows/colonial-circus-presented-by-two2mango?format=ical
2026-03-16 06:15:31,470 - INFO - Fetching iCal: https://nativeearth.ca/shows/all-shows/community-fire-gathering?format=ical
2026-03-16 06:15:32,151 - INFO - Fetching iCal: https://nativeearth.ca/shows/all-shows/dear-ms-kitt?format=ical
2026-03-16 06:15:32,757 - INFO - Fetching iCal: https://nativeearth.ca/shows/all-shows/discover-conference?format=ical
2026-03-16 06:15:33,445 - INFO - Fetching iCal: https://nativeearth.ca/shows/all-shows/firewater-thunderbird-rising-x7ywg?format=ical
2026-03-16 06:15:34,025 - INFO - Fetching iCal: https://nativeearth.ca/shows/all-shows/harvest-justice-twice-the-speed-of-lightning?format=ical
2026-03-16 06:15:34,608 - INFO - Fetching iCal: https://nativeearth.ca/shows/all-shows/kamloopa?format=ical
2026-03-16 06:15:35,265 - INFO - Fetching iCal: https://nativeearth.ca/shows/all-shows/mischief?format=ical
2026-03-16 06:15:35,929 - INFO - Fetching iCal: https://nativeearth.ca/shows/all-shows/mischief-1?format=ical
2026-03-16 06:15:36,513 - INFO - Fetching iCal: https://nativeearth.ca/shows/all-shows/niimiiwe-dance-double-bill?format=ical
2026-03-16 06:15:37,154 - INFO - Fetching iCal: https://nativeearth.ca/shows/all-shows/niizh?format=ical
2026-03-16 06:15:37,780 - INFO - Fetching iCal: https://nativeearth.ca/shows/all-shows/omaagomaan?format=ical
2026-03-16 06:15:38,419 - INFO - Fetching iCal: https://nativeearth.ca/shows/all-shows/ourland-ourbody?format=ical
2026-03-16 06:15:39,107 - INFO - Fetching iCal: https://nativeearth.ca/shows/all-shows/paprika-2025?format=ical
2026-03-16 06:15:39,712 - INFO - Fetching iCal: https://nativeearth.ca/shows/all-shows/paprika-festival-2026?format=ical
2026-03-16 06:15:40,295 - INFO - Fetching iCal: https://nativeearth.ca/shows/all-shows/play-reading-week?format=ical
2026-03-16 06:15:40,899 - INFO - Fetching iCal: https://nativeearth.ca/shows/all-shows/the-born-again-crow?format=ical
2026-03-16 06:15:41,524 - INFO - Fetching iCal: https://nativeearth.ca/shows/all-shows/they-know-not-what-they-do?format=ical
2026-03-16 06:15:42,166 - INFO - Fetching iCal: https://nativeearth.ca/shows/all-shows/upu-by-upu-collective-with-ontario-presents?format=ical
2026-03-16 06:15:42,749 - INFO - Fetching iCal: https://nativeearth.ca/shows/all-shows/weesageechak-begins-to-dance-37?format=ical
2026-03-16 06:15:43,328 - INFO - Fetching iCal: https://nativeearth.ca/shows/all-shows/weesageechak-begins-to-dance-38th-edition?format=ical
2026-03-16 06:15:43,960 - INFO - Fetching iCal: https://nativeearth.ca/shows/all-shows/what-we-carry?format=ical
2026-03-16 06:15:44,576 - INFO - Fetching iCal: https://nativeearth.ca/shows/all-shows/white-girls-in-moccasins-by-yolanda-bonnell?format=ical
2026-03-16 06:15:45,235 - INFO - Fetching iCal: https://nativeearth.ca/shows/all-shows/women-of-the-fur-trade?format=ical
2026-03-16 06:15:45,815 - INFO - Filtered 2 events beyond 2 months out
2026-03-16 06:15:45,815 - INFO - Found 33 events
2026-03-16 06:15:45,819 - INFO - Written to native_earth.ics
2026-03-16 06:15:54,171 - TorontoMeetingsScraper - INFO - Scraping City of Toronto Meetings
2026-03-16 06:15:54,171 - TorontoMeetingsScraper - INFO - Fetching offset=0
2026-03-16 06:15:54,501 - TorontoMeetingsScraper - INFO -   Got 500 records (500/1443)
2026-03-16 06:15:54,501 - TorontoMeetingsScraper - INFO - Fetching offset=500
2026-03-16 06:15:54,760 - TorontoMeetingsScraper - INFO -   Got 500 records (1000/1443)
2026-03-16 06:15:54,760 - TorontoMeetingsScraper - INFO - Fetching offset=1000
2026-03-16 06:15:54,932 - TorontoMeetingsScraper - INFO -   Got 443 records (1443/1443)
2026-03-16 06:15:54,932 - TorontoMeetingsScraper - INFO - Total: 180 events from 1443 records
2026-03-16 06:15:54,932 - TorontoMeetingsScraper - INFO - Filtered 109 events beyond 2 months out
2026-03-16 06:15:54,932 - TorontoMeetingsScraper - INFO - Found 71 events
2026-03-16 06:15:54,943 - TorontoMeetingsScraper - INFO - Written to toronto_meetings.ics
2026-03-16 06:15:55,073 - TorontoFestivalsScraper - INFO - Scraping City of Toronto Festivals & Events
2026-03-16 06:15:55,073 - TorontoFestivalsScraper - INFO - Fetching https://ckan0.cf.opendata.inter.prod-toronto.ca/dataset/9201059e-43ed-4369-885e-0b867652feac/resource/8900fdb2-7f6c-4f50-8581-b463311ff05d/download/file.json
2026-03-16 06:15:55,982 - TorontoFestivalsScraper - INFO - Got 5000 records
2026-03-16 06:15:55,999 - TorontoFestivalsScraper - INFO - Total: 1479 future events
2026-03-16 06:15:56,035 - TorontoFestivalsScraper - INFO - Filtered 165 events beyond 2 months out
2026-03-16 06:15:56,035 - TorontoFestivalsScraper - INFO - Found 1314 events
2026-03-16 06:15:56,298 - TorontoFestivalsScraper - INFO - Written to toronto_festivals.ics
2026-03-16 06:15:56,502 - VolunteerTorontoScraper - INFO - Scraping Volunteer Toronto
2026-03-16 06:15:57,349 - VolunteerTorontoScraper - INFO - Collected 4 Bibliocommons events (tpl)
2026-03-16 06:15:57,350 - VolunteerTorontoScraper - INFO - Filtered 4 events beyond 2 months out
2026-03-16 06:15:57,350 - VolunteerTorontoScraper - INFO - Found 0 events
2026-03-16 06:15:57,350 - VolunteerTorontoScraper - INFO - Written to volunteer_toronto.ics
2026-03-16 06:15:57,546 - TorontoPublicLibraryScraper - INFO - Scraping Toronto Public Library
2026-03-16 06:16:49,440 - TorontoPublicLibraryScraper - INFO - Collected 2699 Bibliocommons events (tpl)
2026-03-16 06:16:49,443 - TorontoPublicLibraryScraper - INFO - Filtered 803 events beyond 2 months out
2026-03-16 06:16:49,443 - TorontoPublicLibraryScraper - INFO - Found 1896 events
2026-03-16 06:16:49,776 - TorontoPublicLibraryScraper - INFO - Written to tpl_events.ics
Error: --api-key or TICKETMASTER_API_KEY env var required
Error: --api-key or TICKETMASTER_API_KEY env var required
Error: --api-key or TICKETMASTER_API_KEY env var required
Error: --api-key or TICKETMASTER_API_KEY env var required
Error: --api-key or TICKETMASTER_API_KEY env var required
Error: --api-key or TICKETMASTER_API_KEY env var required
Error: --api-key or TICKETMASTER_API_KEY env var required
Error: --api-key or TICKETMASTER_API_KEY env var required
2026-03-16 06:17:26,903 - INFO - Processing meetup_20s30s_social.ics...
2026-03-16 06:17:26,903 - INFO -   Fetching image for: https://www.meetup.com/20s-30s-toronto-social-activities/events/312173601/
2026-03-16 06:17:27,648 - INFO -     -> https://secure.meetupstatic.com/photos/event/b/0/1/600_527582817.jpeg
2026-03-16 06:17:27,648 - INFO -   Fetching image for: https://www.meetup.com/20s-30s-toronto-social-activities/events/312173603/
2026-03-16 06:17:28,556 - INFO -     -> https://secure.meetupstatic.com/photos/event/b/0/1/600_527582817.jpeg
2026-03-16 06:17:28,556 - INFO -   Fetching image for: https://www.meetup.com/20s-30s-toronto-social-activities/events/312173604/
2026-03-16 06:17:29,308 - INFO -     -> https://secure.meetupstatic.com/photos/event/b/0/1/600_527582817.jpeg
2026-03-16 06:17:29,308 - INFO -   Fetching image for: https://www.meetup.com/20s-30s-toronto-social-activities/events/312173606/
2026-03-16 06:17:30,193 - INFO -     -> https://secure.meetupstatic.com/photos/event/b/0/1/600_527582817.jpeg
2026-03-16 06:17:30,194 - INFO -   Fetching image for: https://www.meetup.com/20s-30s-toronto-social-activities/events/312173607/
2026-03-16 06:17:30,963 - INFO -     -> https://secure.meetupstatic.com/photos/event/b/0/1/600_527582817.jpeg
2026-03-16 06:17:30,963 - INFO -   Fetching image for: https://www.meetup.com/20s-30s-toronto-social-activities/events/312173608/
2026-03-16 06:17:31,744 - INFO -     -> https://secure.meetupstatic.com/photos/event/b/0/1/600_527582817.jpeg
2026-03-16 06:17:31,745 - INFO -   Fetching image for: https://www.meetup.com/20s-30s-toronto-social-activities/events/312173609/
2026-03-16 06:17:32,533 - INFO -     -> https://secure.meetupstatic.com/photos/event/b/0/1/600_527582817.jpeg
2026-03-16 06:17:32,534 - INFO -   Fetching image for: https://www.meetup.com/20s-30s-toronto-social-activities/events/312173610/
2026-03-16 06:17:33,296 - INFO -     -> https://secure.meetupstatic.com/photos/event/b/0/1/600_527582817.jpeg
2026-03-16 06:17:33,296 - INFO -   Fetching image for: https://www.meetup.com/20s-30s-toronto-social-activities/events/312173612/
2026-03-16 06:17:34,060 - INFO -     -> https://secure.meetupstatic.com/photos/event/b/0/1/600_527582817.jpeg
2026-03-16 06:17:34,060 - INFO -   Fetching image for: https://www.meetup.com/20s-30s-toronto-social-activities/events/312173613/
2026-03-16 06:17:34,839 - INFO -     -> https://secure.meetupstatic.com/photos/event/b/0/1/600_527582817.jpeg
2026-03-16 06:17:34,840 - INFO - meetup_20s30s_social.ics: added 10 image(s)
2026-03-16 06:17:34,840 - INFO - Processing meetup_3d_printing.ics...
2026-03-16 06:17:34,840 - INFO - meetup_3d_printing.ics: no new images
2026-03-16 06:17:34,840 - INFO - Processing meetup_ai_ml.ics...
2026-03-16 06:17:34,841 - INFO -   Fetching image for: https://www.meetup.com/toronto-ai-machine-learning-data-science/events/313103257/
2026-03-16 06:17:35,642 - INFO -     -> https://secure.meetupstatic.com/photos/event/b/2/5/d/600_532485661.jpeg
2026-03-16 06:17:35,642 - INFO -   Fetching image for: https://www.meetup.com/toronto-ai-machine-learning-data-science/events/312787364/
2026-03-16 06:17:36,417 - INFO -     -> https://secure.meetupstatic.com/photos/event/5/f/3/5/600_533064373.jpeg
2026-03-16 06:17:36,418 - INFO -   Fetching image for: https://www.meetup.com/toronto-ai-machine-learning-data-science/events/313563454/
2026-03-16 06:17:37,215 - INFO -     -> https://secure.meetupstatic.com/photos/event/7/2/a/7/600_533009351.jpeg
2026-03-16 06:17:37,215 - INFO -   Fetching image for: https://www.meetup.com/toronto-ai-machine-learning-data-science/events/313081597/
2026-03-16 06:17:38,220 - INFO -     -> https://secure.meetupstatic.com/photos/event/7/d/4/c/600_532472076.jpeg
2026-03-16 06:17:38,221 - INFO -   Fetching image for: https://www.meetup.com/toronto-ai-machine-learning-data-science/events/313298956/
2026-03-16 06:17:38,998 - INFO -     -> https://secure.meetupstatic.com/photos/event/a/8/7/600_532682695.jpeg
2026-03-16 06:17:38,998 - INFO -   Fetching image for: https://www.meetup.com/toronto-ai-machine-learning-data-science/events/313207137/
2026-03-16 06:17:39,767 - INFO -     -> https://secure.meetupstatic.com/photos/event/6/4/7/2/600_532585714.jpeg
2026-03-16 06:17:39,768 - INFO -   Fetching image for: https://www.meetup.com/toronto-ai-machine-learning-data-science/events/313313274/
2026-03-16 06:17:40,545 - INFO -     -> https://secure.meetupstatic.com/photos/event/3/8/b/8/600_532694520.jpeg
2026-03-16 06:17:40,545 - INFO -   Fetching image for: https://www.meetup.com/toronto-ai-machine-learning-data-science/events/313299064/
2026-03-16 06:17:41,378 - INFO -     -> https://secure.meetupstatic.com/photos/event/a/c/9/600_532682761.jpeg
2026-03-16 06:17:41,378 - INFO -   Fetching image for: https://www.meetup.com/toronto-ai-machine-learning-data-science/events/313082648/
2026-03-16 06:17:42,147 - INFO -     -> https://secure.meetupstatic.com/photos/event/6/9/b/4/600_532467060.jpeg
2026-03-16 06:17:42,147 - INFO - meetup_ai_ml.ics: added 9 image(s)
2026-03-16 06:17:42,148 - INFO - Processing meetup_arts_crafts.ics...
2026-03-16 06:17:42,148 - INFO - meetup_arts_crafts.ics: no new images
2026-03-16 06:17:42,148 - INFO - Processing meetup_arts_culture.ics...
2026-03-16 06:17:42,149 - INFO -   Fetching image for: https://www.meetup.com/toronto-arts-and-culture/events/313219235/
2026-03-16 06:17:42,950 - INFO -     -> https://secure.meetupstatic.com/photos/event/2/6/a/3/600_451449891.jpeg
2026-03-16 06:17:42,950 - INFO -   Fetching image for: https://www.meetup.com/toronto-arts-and-culture/events/313748834/
2026-03-16 06:17:43,729 - INFO -     -> https://secure.meetupstatic.com/photos/event/2/6/a/3/600_451449891.jpeg
2026-03-16 06:17:43,729 - INFO -   Fetching image for: https://www.meetup.com/toronto-arts-and-culture/events/313389432/
2026-03-16 06:17:44,589 - INFO -     -> https://secure.meetupstatic.com/photos/event/2/6/a/3/600_451449891.jpeg
2026-03-16 06:17:44,589 - INFO -   Fetching image for: https://www.meetup.com/toronto-arts-and-culture/events/313528503/
2026-03-16 06:17:45,401 - INFO -     -> https://secure.meetupstatic.com/photos/event/2/6/a/3/600_451449891.jpeg
2026-03-16 06:17:45,401 - INFO -   Fetching image for: https://www.meetup.com/toronto-arts-and-culture/events/313730526/
2026-03-16 06:17:46,192 - INFO -     -> https://secure.meetupstatic.com/photos/event/2/6/a/3/600_451449891.jpeg
2026-03-16 06:17:46,192 - INFO -   Fetching image for: https://www.meetup.com/toronto-arts-and-culture/events/313589846/
2026-03-16 06:17:46,954 - INFO -     -> https://secure.meetupstatic.com/photos/event/2/6/a/3/600_451449891.jpeg
2026-03-16 06:17:46,954 - INFO -   Fetching image for: https://www.meetup.com/toronto-arts-and-culture/events/312209023/
2026-03-16 06:17:48,295 - INFO -     -> https://secure.meetupstatic.com/photos/event/2/6/a/3/600_451449891.jpeg
2026-03-16 06:17:48,296 - INFO -   Fetching image for: https://www.meetup.com/toronto-arts-and-culture/events/313637935/
2026-03-16 06:17:49,083 - INFO -     -> https://secure.meetupstatic.com/photos/event/2/6/a/3/600_451449891.jpeg
2026-03-16 06:17:49,083 - INFO -   Fetching image for: https://www.meetup.com/toronto-arts-and-culture/events/313679604/
2026-03-16 06:17:49,859 - INFO -     -> https://secure.meetupstatic.com/photos/event/2/6/a/3/600_451449891.jpeg
2026-03-16 06:17:49,859 - INFO -   Fetching image for: https://www.meetup.com/toronto-arts-and-culture/events/312927549/
2026-03-16 06:17:50,784 - INFO -     -> https://secure.meetupstatic.com/photos/event/2/6/a/3/600_451449891.jpeg
2026-03-16 06:17:50,785 - INFO - meetup_arts_culture.ics: added 10 image(s)
2026-03-16 06:17:50,785 - INFO - Processing meetup_bike_toronto.ics...
2026-03-16 06:17:50,785 - INFO -   Fetching image for: https://www.meetup.com/torontobikemeetup/events/313266952/
2026-03-16 06:17:51,533 - INFO -     -> https://secure.meetupstatic.com/photos/event/7/a/e/f/600_532651471.jpeg
2026-03-16 06:17:51,533 - INFO -   Fetching image for: https://www.meetup.com/torontobikemeetup/events/313266931/
2026-03-16 06:17:52,392 - INFO -     -> https://secure.meetupstatic.com/photos/event/7/5/4/b/600_532650027.jpeg
2026-03-16 06:17:52,393 - INFO -   Fetching image for: https://www.meetup.com/torontobikemeetup/events/313271523/
2026-03-16 06:17:53,136 - INFO -     -> https://secure.meetupstatic.com/photos/event/7/e/3/8/600_532652312.jpeg
2026-03-16 06:17:53,136 - INFO -   Fetching image for: https://www.meetup.com/torontobikemeetup/events/313272615/
2026-03-16 06:17:53,917 - INFO -     -> https://secure.meetupstatic.com/photos/event/4/3/7/4/600_451817268.jpeg
2026-03-16 06:17:53,917 - INFO -   Fetching image for: https://www.meetup.com/torontobikemeetup/events/313272685/
2026-03-16 06:17:54,660 - INFO -     -> https://secure.meetupstatic.com/photos/event/4/3/7/4/600_451817268.jpeg
2026-03-16 06:17:54,660 - INFO -   Fetching image for: https://www.meetup.com/torontobikemeetup/events/313267758/
2026-03-16 06:17:55,404 - INFO -     -> https://secure.meetupstatic.com/photos/event/4/3/7/4/600_451817268.jpeg
2026-03-16 06:17:55,404 - INFO -   Fetching image for: https://www.meetup.com/torontobikemeetup/events/313321506/
2026-03-16 06:17:56,222 - INFO -     -> https://secure.meetupstatic.com/photos/event/3/d/c/a/600_532635818.jpeg
2026-03-16 06:17:56,222 - INFO -   Fetching image for: https://www.meetup.com/torontobikemeetup/events/313321510/
2026-03-16 06:17:56,990 - INFO -     -> https://secure.meetupstatic.com/photos/event/e/0/e/e/600_532617582.jpeg
2026-03-16 06:17:56,991 - INFO -   Fetching image for: https://www.meetup.com/torontobikemeetup/events/313321515/
2026-03-16 06:17:57,774 - INFO -     -> https://secure.meetupstatic.com/photos/event/7/a/e/f/600_532651471.jpeg
2026-03-16 06:17:57,774 - INFO -   Fetching image for: https://www.meetup.com/torontobikemeetup/events/313323941/
2026-03-16 06:17:58,515 - INFO -     -> https://secure.meetupstatic.com/photos/event/7/e/3/8/600_532652312.jpeg
2026-03-16 06:17:58,516 - INFO - meetup_bike_toronto.ics: added 10 image(s)
2026-03-16 06:17:58,516 - INFO - Processing meetup_board_games_to.ics...
2026-03-16 06:17:58,516 - INFO -   Fetching image for: https://www.meetup.com/boardgamestoronto/events/313579948/
2026-03-16 06:17:59,311 - INFO -     -> https://secure.meetupstatic.com/photos/event/3/8/2/4/600_510374372.jpeg
2026-03-16 06:17:59,311 - INFO -   Fetching image for: https://www.meetup.com/boardgamestoronto/events/313683044/
2026-03-16 06:18:00,099 - INFO -     -> https://secure.meetupstatic.com/photos/event/3/8/2/4/600_510374372.jpeg
2026-03-16 06:18:00,099 - INFO -   Fetching image for: https://www.meetup.com/boardgamestoronto/events/313691315/
2026-03-16 06:18:00,910 - INFO -     -> https://secure.meetupstatic.com/photos/event/3/8/2/4/600_510374372.jpeg
2026-03-16 06:18:00,910 - INFO -   Fetching image for: https://www.meetup.com/boardgamestoronto/events/pnsbttyjcgbnb/
2026-03-16 06:18:02,135 - INFO -     -> https://secure.meetupstatic.com/photos/event/3/8/2/4/600_510374372.jpeg
2026-03-16 06:18:02,135 - INFO -   Fetching image for: https://www.meetup.com/boardgamestoronto/events/pnsbttyjcgbwb/
2026-03-16 06:18:03,013 - INFO -     -> https://secure.meetupstatic.com/photos/event/3/8/2/4/600_510374372.jpeg
2026-03-16 06:18:03,013 - INFO -   Fetching image for: https://www.meetup.com/boardgamestoronto/events/pnsbttyjcgbgc/
2026-03-16 06:18:04,928 - INFO -     -> https://secure.meetupstatic.com/photos/event/3/8/2/4/600_510374372.jpeg
2026-03-16 06:18:04,928 - INFO -   Fetching image for: https://www.meetup.com/boardgamestoronto/events/pnsbttyjchbcb/
2026-03-16 06:18:06,086 - INFO -     -> https://secure.meetupstatic.com/photos/event/3/8/2/4/600_510374372.jpeg
2026-03-16 06:18:06,086 - INFO -   Fetching image for: https://www.meetup.com/boardgamestoronto/events/pnsbttyjchblb/
2026-03-16 06:18:07,208 - INFO -     -> https://secure.meetupstatic.com/photos/event/3/8/2/4/600_510374372.jpeg
2026-03-16 06:18:07,208 - INFO -   Fetching image for: https://www.meetup.com/boardgamestoronto/events/pnsbttyjchbtb/
2026-03-16 06:18:08,014 - INFO -     -> https://secure.meetupstatic.com/photos/event/3/8/2/4/600_510374372.jpeg
2026-03-16 06:18:08,015 - INFO -   Fetching image for: https://www.meetup.com/boardgamestoronto/events/pnsbttyjchbdc/
2026-03-16 06:18:08,813 - INFO -     -> https://secure.meetupstatic.com/photos/event/3/8/2/4/600_510374372.jpeg
2026-03-16 06:18:08,813 - INFO - meetup_board_games_to.ics: added 10 image(s)
2026-03-16 06:18:08,813 - INFO - Processing meetup_book_club_abcd.ics...
2026-03-16 06:18:08,814 - INFO -   Fetching image for: https://www.meetup.com/a-book-club-downtown-abcd/events/312885146/
2026-03-16 06:18:09,600 - INFO -     -> https://secure.meetupstatic.com/photos/event/d/2/b/0/600_532253936.jpeg
2026-03-16 06:18:09,600 - INFO -   Fetching image for: https://www.meetup.com/a-book-club-downtown-abcd/events/313229064/
2026-03-16 06:18:10,378 - INFO -     -> https://secure.meetupstatic.com/photos/event/a/5/e/3/600_532602467.jpeg
2026-03-16 06:18:10,378 - INFO -   Fetching image for: https://www.meetup.com/a-book-club-downtown-abcd/events/313415250/
2026-03-16 06:18:11,158 - INFO -     -> https://secure.meetupstatic.com/photos/event/8/8/6/600_532802182.jpeg
2026-03-16 06:18:11,159 - INFO -   Fetching image for: https://www.meetup.com/a-book-club-downtown-abcd/events/313763982/
2026-03-16 06:18:11,977 - INFO -     -> https://secure.meetupstatic.com/photos/event/2/6/4/e/600_533169806.jpeg
2026-03-16 06:18:11,977 - INFO - meetup_book_club_abcd.ics: added 4 image(s)
2026-03-16 06:18:11,977 - INFO - Processing meetup_bruce_trail.ics...
2026-03-16 06:18:11,978 - INFO -   Fetching image for: https://www.meetup.com/toronto-bruce-trail-club/events/313522066/
2026-03-16 06:18:12,818 - INFO -     -> https://secure.meetupstatic.com/photos/event/c/c/a/d/600_532912397.jpeg
2026-03-16 06:18:12,819 - INFO - meetup_bruce_trail.ics: added 1 image(s)
2026-03-16 06:18:12,819 - INFO - Processing meetup_canoe_trippers.ics...
2026-03-16 06:18:12,819 - INFO - meetup_canoe_trippers.ics: no new images
2026-03-16 06:18:12,819 - INFO - Processing meetup_devops.ics...
2026-03-16 06:18:12,819 - INFO -   Fetching image for: https://www.meetup.com/toronto-enterprise-devops-user-group/events/313279153/
2026-03-16 06:18:13,598 - INFO -     -> https://secure.meetupstatic.com/photos/event/a/a/4/c/600_532663596.jpeg
2026-03-16 06:18:13,598 - INFO -   Fetching image for: https://www.meetup.com/toronto-enterprise-devops-user-group/events/312978750/
2026-03-16 06:18:14,379 - INFO -     -> https://secure.meetupstatic.com/photos/event/c/1/3/3/600_459409459.jpeg
2026-03-16 06:18:14,379 - INFO -   Fetching image for: https://www.meetup.com/toronto-enterprise-devops-user-group/events/312948236/
2026-03-16 06:18:15,184 - INFO -     -> https://secure.meetupstatic.com/photos/event/c/1/3/3/600_459409459.jpeg
2026-03-16 06:18:15,185 - INFO - meetup_devops.ics: added 3 image(s)
2026-03-16 06:18:15,185 - INFO - Processing meetup_experience_to.ics...
2026-03-16 06:18:15,185 - INFO -   Fetching image for: https://www.meetup.com/experiencetoronto/events/313649832/
2026-03-16 06:18:15,950 - INFO -     -> https://secure.meetupstatic.com/photos/event/1/6/a/9/600_533045801.jpeg
2026-03-16 06:18:15,950 - INFO -   Fetching image for: https://www.meetup.com/experiencetoronto/events/313263790/
2026-03-16 06:18:16,775 - INFO -     -> https://secure.meetupstatic.com/photos/event/6/3/b/a/600_532645530.jpeg
2026-03-16 06:18:16,775 - INFO -   Fetching image for: https://www.meetup.com/experiencetoronto/events/313650839/
2026-03-16 06:18:17,535 - INFO -     -> https://secure.meetupstatic.com/photos/event/1/f/d/3/600_533048147.jpeg
2026-03-16 06:18:17,536 - INFO -   Fetching image for: https://www.meetup.com/experiencetoronto/events/313011389/
2026-03-16 06:18:18,322 - INFO -     -> https://secure.meetupstatic.com/photos/event/1/2/6/3/600_532384707.jpeg
2026-03-16 06:18:18,322 - INFO - meetup_experience_to.ics: added 4 image(s)
2026-03-16 06:18:18,322 - INFO - Processing meetup_founders_running.ics...
2026-03-16 06:18:18,323 - INFO -   Fetching image for: https://www.meetup.com/founders-running-club-toronto/events/313587186/
2026-03-16 06:18:19,102 - INFO -     -> https://secure.meetupstatic.com/photos/event/8/2/5/1/600_520173361.jpeg
2026-03-16 06:18:19,102 - INFO -   Fetching image for: https://www.meetup.com/founders-running-club-toronto/events/313694569/
2026-03-16 06:18:19,888 - INFO -     -> https://secure.meetupstatic.com/photos/event/8/2/5/1/600_520173361.jpeg
2026-03-16 06:18:19,888 - INFO -   Fetching image for: https://www.meetup.com/founders-running-club-toronto/events/kpqsrtyjcgbgb/
2026-03-16 06:18:20,703 - INFO -     -> https://secure.meetupstatic.com/photos/event/8/2/5/1/600_520173361.jpeg
2026-03-16 06:18:20,703 - INFO -   Fetching image for: https://www.meetup.com/founders-running-club-toronto/events/kpqsrtyjcgbpb/
2026-03-16 06:18:21,489 - INFO -     -> https://secure.meetupstatic.com/photos/event/8/2/5/1/600_520173361.jpeg
2026-03-16 06:18:21,490 - INFO -   Fetching image for: https://www.meetup.com/founders-running-club-toronto/events/kpqsrtyjcgbxb/
2026-03-16 06:18:22,418 - INFO -     -> https://secure.meetupstatic.com/photos/event/8/2/5/1/600_520173361.jpeg
2026-03-16 06:18:22,418 - INFO -   Fetching image for: https://www.meetup.com/founders-running-club-toronto/events/kpqsrtyjcgbhc/
2026-03-16 06:18:23,217 - INFO -     -> https://secure.meetupstatic.com/photos/event/8/2/5/1/600_520173361.jpeg
2026-03-16 06:18:23,218 - INFO -   Fetching image for: https://www.meetup.com/founders-running-club-toronto/events/kpqsrtyjchbdb/
2026-03-16 06:18:24,003 - INFO -     -> https://secure.meetupstatic.com/photos/event/8/2/5/1/600_520173361.jpeg
2026-03-16 06:18:24,003 - INFO -   Fetching image for: https://www.meetup.com/founders-running-club-toronto/events/kpqsrtyjchbmb/
2026-03-16 06:18:24,792 - INFO -     -> https://secure.meetupstatic.com/photos/event/8/2/5/1/600_520173361.jpeg
2026-03-16 06:18:24,792 - INFO -   Fetching image for: https://www.meetup.com/founders-running-club-toronto/events/kpqsrtyjchbvb/
2026-03-16 06:18:25,577 - INFO -     -> https://secure.meetupstatic.com/photos/event/8/2/5/1/600_520173361.jpeg
2026-03-16 06:18:25,577 - INFO -   Fetching image for: https://www.meetup.com/founders-running-club-toronto/events/kpqsrtyjchbfc/
2026-03-16 06:18:26,382 - INFO -     -> https://secure.meetupstatic.com/photos/event/8/2/5/1/600_520173361.jpeg
2026-03-16 06:18:26,382 - INFO - meetup_founders_running.ics: added 10 image(s)
2026-03-16 06:18:26,382 - INFO - Processing meetup_gta_hiking.ics...
2026-03-16 06:18:26,382 - INFO - meetup_gta_hiking.ics: no new images
2026-03-16 06:18:26,382 - INFO - Processing meetup_heavy_boardgames.ics...
2026-03-16 06:18:26,383 - INFO -   Fetching image for: https://www.meetup.com/toronto-heavy-boardgamers/events/313587943/
2026-03-16 06:18:27,138 - INFO -     -> https://secure.meetupstatic.com/photos/event/a/0/d/8/600_502241176.jpeg
2026-03-16 06:18:27,138 - INFO -   Fetching image for: https://www.meetup.com/toronto-heavy-boardgamers/events/313072244/
2026-03-16 06:18:27,966 - INFO -     -> https://secure.meetupstatic.com/photos/event/4/3/7/3/600_510977267.jpeg
2026-03-16 06:18:27,967 - INFO -   Fetching image for: https://www.meetup.com/toronto-heavy-boardgamers/events/313695141/
2026-03-16 06:18:28,813 - INFO -     -> https://secure.meetupstatic.com/photos/event/a/0/d/8/600_502241176.jpeg
2026-03-16 06:18:28,813 - INFO -   Fetching image for: https://www.meetup.com/toronto-heavy-boardgamers/events/313072246/
2026-03-16 06:18:29,570 - INFO -     -> https://secure.meetupstatic.com/photos/event/4/3/7/3/600_510977267.jpeg
2026-03-16 06:18:29,570 - INFO -   Fetching image for: https://www.meetup.com/toronto-heavy-boardgamers/events/tqhsttyjcgbgb/
2026-03-16 06:18:30,339 - INFO -     -> https://secure.meetupstatic.com/photos/event/a/0/d/8/600_502241176.jpeg
2026-03-16 06:18:30,339 - INFO -   Fetching image for: https://www.meetup.com/toronto-heavy-boardgamers/events/313072256/
2026-03-16 06:18:31,141 - INFO -     -> https://secure.meetupstatic.com/photos/event/4/3/7/3/600_510977267.jpeg
2026-03-16 06:18:31,141 - INFO -   Fetching image for: https://www.meetup.com/toronto-heavy-boardgamers/events/tqhsttyjcgbpb/
2026-03-16 06:18:31,939 - INFO -     -> https://secure.meetupstatic.com/photos/event/a/0/d/8/600_502241176.jpeg
2026-03-16 06:18:31,939 - INFO -   Fetching image for: https://www.meetup.com/toronto-heavy-boardgamers/events/313781702/
2026-03-16 06:18:32,935 - INFO -     -> https://secure.meetupstatic.com/photos/event/4/3/7/3/600_510977267.jpeg
2026-03-16 06:18:32,935 - INFO -   Fetching image for: https://www.meetup.com/toronto-heavy-boardgamers/events/tqhsttyjcgbxb/
2026-03-16 06:18:33,728 - INFO -     -> https://secure.meetupstatic.com/photos/event/a/0/d/8/600_502241176.jpeg
2026-03-16 06:18:33,728 - INFO -   Fetching image for: https://www.meetup.com/toronto-heavy-boardgamers/events/313781703/
2026-03-16 06:18:34,490 - INFO -     -> https://secure.meetupstatic.com/photos/event/4/3/7/3/600_510977267.jpeg
2026-03-16 06:18:34,491 - INFO - meetup_heavy_boardgames.ics: added 10 image(s)
2026-03-16 06:18:34,491 - INFO - Processing meetup_high_park_yoga.ics...
2026-03-16 06:18:34,491 - INFO -   Fetching image for: https://www.meetup.com/high-park-yoga/events/313602466/
2026-03-16 06:18:35,227 - INFO -     -> https://secure.meetupstatic.com/photos/event/6/8/7/600_530341671.jpeg
2026-03-16 06:18:35,227 - INFO -   Fetching image for: https://www.meetup.com/high-park-yoga/events/313712096/
2026-03-16 06:18:35,977 - INFO -     -> https://secure.meetupstatic.com/photos/event/6/8/7/600_530341671.jpeg
2026-03-16 06:18:35,977 - INFO -   Fetching image for: https://www.meetup.com/high-park-yoga/events/ghlfttyjcgbhb/
2026-03-16 06:18:38,002 - INFO -     -> https://secure.meetupstatic.com/photos/event/6/8/7/600_530341671.jpeg
2026-03-16 06:18:38,002 - INFO -   Fetching image for: https://www.meetup.com/high-park-yoga/events/ghlfttyjcgbqb/
2026-03-16 06:18:38,757 - INFO -     -> https://secure.meetupstatic.com/photos/event/6/8/7/600_530341671.jpeg
2026-03-16 06:18:38,757 - INFO -   Fetching image for: https://www.meetup.com/high-park-yoga/events/ghlfttyjcgbzb/
2026-03-16 06:18:39,577 - INFO -     -> https://secure.meetupstatic.com/photos/event/6/8/7/600_530341671.jpeg
2026-03-16 06:18:39,577 - INFO -   Fetching image for: https://www.meetup.com/high-park-yoga/events/ghlfttyjcgbjc/
2026-03-16 06:18:40,344 - INFO -     -> https://secure.meetupstatic.com/photos/event/6/8/7/600_530341671.jpeg
2026-03-16 06:18:40,344 - INFO -   Fetching image for: https://www.meetup.com/high-park-yoga/events/ghlfttyjchbfb/
2026-03-16 06:18:41,145 - INFO -     -> https://secure.meetupstatic.com/photos/event/6/8/7/600_530341671.jpeg
2026-03-16 06:18:41,145 - INFO -   Fetching image for: https://www.meetup.com/high-park-yoga/events/ghlfttyjchbnb/
2026-03-16 06:18:41,970 - INFO -     -> https://secure.meetupstatic.com/photos/event/6/8/7/600_530341671.jpeg
2026-03-16 06:18:41,970 - INFO -   Fetching image for: https://www.meetup.com/high-park-yoga/events/ghlfttyjchbwb/
2026-03-16 06:18:42,748 - INFO -     -> https://secure.meetupstatic.com/photos/event/6/8/7/600_530341671.jpeg
2026-03-16 06:18:42,748 - INFO -   Fetching image for: https://www.meetup.com/high-park-yoga/events/ghlfttyjchbgc/
2026-03-16 06:18:43,508 - INFO -     -> https://secure.meetupstatic.com/photos/event/6/8/7/600_530341671.jpeg
2026-03-16 06:18:43,508 - INFO - meetup_high_park_yoga.ics: added 10 image(s)
2026-03-16 06:18:43,508 - INFO - Processing meetup_hiking_boots.ics...
2026-03-16 06:18:43,508 - INFO -   Fetching image for: https://www.meetup.com/these-boots-are-made-for-hiking/events/313749389/
2026-03-16 06:18:44,276 - INFO -     -> https://secure.meetupstatic.com/photos/event/d/9/8/7/600_533155687.jpeg
2026-03-16 06:18:44,276 - INFO -   Fetching image for: https://www.meetup.com/these-boots-are-made-for-hiking/events/313749628/
2026-03-16 06:18:45,147 - INFO -     -> https://secure.meetupstatic.com/photos/event/1/a/8/e/600_529206798.jpeg
2026-03-16 06:18:45,147 - INFO -   Fetching image for: https://www.meetup.com/these-boots-are-made-for-hiking/events/312915819/
2026-03-16 06:18:45,912 - INFO -     -> https://secure.meetupstatic.com/photos/event/4/5/2/8/600_532277704.jpeg
2026-03-16 06:18:45,913 - INFO -   Fetching image for: https://www.meetup.com/these-boots-are-made-for-hiking/events/313240228/
2026-03-16 06:18:46,736 - INFO -     -> https://secure.meetupstatic.com/photos/event/c/f/b/b/600_532073179.jpeg
2026-03-16 06:18:46,736 - INFO -   Fetching image for: https://www.meetup.com/these-boots-are-made-for-hiking/events/312916088/
2026-03-16 06:18:47,516 - INFO -     -> https://secure.meetupstatic.com/photos/event/4/7/1/6/600_532278198.jpeg
2026-03-16 06:18:47,516 - INFO - meetup_hiking_boots.ics: added 5 image(s)
2026-03-16 06:18:47,516 - INFO - Processing meetup_hiking_network.ics...
2026-03-16 06:18:47,517 - INFO -   Fetching image for: https://www.meetup.com/hikingnetwork/events/313557309/
2026-03-16 06:18:48,306 - INFO -     -> https://secure.meetupstatic.com/photos/event/6/9/c/2/600_523347074.jpeg
2026-03-16 06:18:48,306 - INFO -   Fetching image for: https://www.meetup.com/hikingnetwork/events/313729051/
2026-03-16 06:18:49,144 - INFO -     -> https://secure.meetupstatic.com/photos/event/8/c/f/9/600_533136089.jpeg
2026-03-16 06:18:49,144 - INFO -   Fetching image for: https://www.meetup.com/hikingnetwork/events/310971957/
2026-03-16 06:18:49,982 - INFO -     -> https://secure.meetupstatic.com/photos/event/8/6/6/0/600_525034400.jpeg
2026-03-16 06:18:49,982 - INFO -   Fetching image for: https://www.meetup.com/hikingnetwork/events/313243928/
2026-03-16 06:18:50,942 - INFO -     -> https://secure.meetupstatic.com/photos/event/b/5/3/1/600_526726385.jpeg
2026-03-16 06:18:50,943 - INFO - meetup_hiking_network.ics: added 4 image(s)
2026-03-16 06:18:50,943 - INFO - Processing meetup_improv_friends.ics...
2026-03-16 06:18:50,943 - INFO -   Fetching image for: https://www.meetup.com/meetup-group-fqsmjvcq/events/313600524/
2026-03-16 06:18:52,787 - INFO -     -> https://secure.meetupstatic.com/photos/event/b/a/5/600_489122981.jpeg
2026-03-16 06:18:52,787 - INFO -   Fetching image for: https://www.meetup.com/meetup-group-fqsmjvcq/events/313711300/
2026-03-16 06:18:53,607 - INFO -     -> https://secure.meetupstatic.com/photos/event/b/a/5/600_489122981.jpeg
2026-03-16 06:18:53,607 - INFO - meetup_improv_friends.ics: added 2 image(s)
2026-03-16 06:18:53,607 - INFO - Processing meetup_improv_to.ics...
2026-03-16 06:18:53,608 - INFO - meetup_improv_to.ics: no new images
2026-03-16 06:18:53,608 - INFO - Processing meetup_jpn_eng_exchange.ics...
2026-03-16 06:18:53,609 - INFO -   Fetching image for: https://www.meetup.com/tjex-ca/events/313287993/
2026-03-16 06:18:54,372 - INFO -     -> https://secure.meetupstatic.com/photos/event/8/c/c/c/600_532116044.jpeg
2026-03-16 06:18:54,372 - INFO -   Fetching image for: https://www.meetup.com/tjex-ca/events/313287994/
2026-03-16 06:18:56,212 - INFO -     -> https://secure.meetupstatic.com/photos/event/8/c/c/c/600_532116044.jpeg
2026-03-16 06:18:56,213 - INFO -   Fetching image for: https://www.meetup.com/tjex-ca/events/kqdmwtyjcgbgb/
2026-03-16 06:18:57,196 - INFO -     -> https://secure.meetupstatic.com/photos/event/8/c/c/c/600_532116044.jpeg
2026-03-16 06:18:57,196 - INFO -   Fetching image for: https://www.meetup.com/tjex-ca/events/313287996/
2026-03-16 06:18:58,182 - INFO -     -> https://secure.meetupstatic.com/photos/event/8/c/c/c/600_532116044.jpeg
2026-03-16 06:18:58,182 - INFO -   Fetching image for: https://www.meetup.com/tjex-ca/events/313783439/
2026-03-16 06:18:58,812 - INFO -     -> https://secure.meetupstatic.com/photos/event/8/f/d/3/600_523296819.jpeg
2026-03-16 06:18:58,813 - INFO -   Fetching image for: https://www.meetup.com/tjex-ca/events/kqdmwtyjcgbxb/
2026-03-16 06:18:59,745 - INFO -     -> https://secure.meetupstatic.com/photos/event/8/c/c/c/600_532116044.jpeg
2026-03-16 06:18:59,745 - INFO -   Fetching image for: https://www.meetup.com/tjex-ca/events/kqdmwtyjcgbhc/
2026-03-16 06:19:00,696 - INFO -     -> https://secure.meetupstatic.com/photos/event/8/c/c/c/600_532116044.jpeg
2026-03-16 06:19:00,697 - INFO -   Fetching image for: https://www.meetup.com/tjex-ca/events/kqdmwtyjchbdb/
2026-03-16 06:19:01,540 - INFO -     -> https://secure.meetupstatic.com/photos/event/8/c/c/c/600_532116044.jpeg
2026-03-16 06:19:01,540 - INFO -   Fetching image for: https://www.meetup.com/tjex-ca/events/kqdmwtyjchbmb/
2026-03-16 06:19:02,889 - INFO -     -> https://secure.meetupstatic.com/photos/event/8/c/c/c/600_532116044.jpeg
2026-03-16 06:19:02,889 - INFO -   Fetching image for: https://www.meetup.com/tjex-ca/events/kqdmwtyjchbvb/
2026-03-16 06:19:03,731 - INFO -     -> https://secure.meetupstatic.com/photos/event/8/c/c/c/600_532116044.jpeg
2026-03-16 06:19:03,732 - INFO - meetup_jpn_eng_exchange.ics: added 10 image(s)
2026-03-16 06:19:03,732 - INFO - Processing meetup_lang_exchange_to.ics...
2026-03-16 06:19:03,733 - INFO -   Fetching image for: https://www.meetup.com/toronto/events/313516399/
2026-03-16 06:19:04,351 - INFO -     -> https://secure.meetupstatic.com/photos/event/3/1/a/8/600_496032712.jpeg
2026-03-16 06:19:04,352 - INFO -   Fetching image for: https://www.meetup.com/toronto/events/313550871/
2026-03-16 06:19:05,242 - INFO -     -> https://secure.meetupstatic.com/photos/event/3/1/a/8/600_496032712.jpeg
2026-03-16 06:19:05,242 - INFO -   Fetching image for: https://www.meetup.com/toronto/events/313580508/
2026-03-16 06:19:06,054 - INFO -     -> https://secure.meetupstatic.com/photos/event/3/1/a/8/600_496032712.jpeg
2026-03-16 06:19:06,054 - INFO -   Fetching image for: https://www.meetup.com/toronto/events/313661532/
2026-03-16 06:19:06,886 - INFO -     -> https://secure.meetupstatic.com/photos/event/3/1/a/8/600_496032712.jpeg
2026-03-16 06:19:06,886 - INFO -   Fetching image for: https://www.meetup.com/toronto/events/313594722/
2026-03-16 06:19:07,668 - INFO -     -> https://secure.meetupstatic.com/photos/event/b/0/4/f/600_532245135.jpeg
2026-03-16 06:19:07,668 - INFO -   Fetching image for: https://www.meetup.com/toronto/events/313604232/
2026-03-16 06:19:08,614 - INFO -     -> https://secure.meetupstatic.com/photos/event/3/1/a/8/600_496032712.jpeg
2026-03-16 06:19:08,614 - INFO -   Fetching image for: https://www.meetup.com/toronto/events/313627203/
2026-03-16 06:19:09,466 - INFO -     -> https://secure.meetupstatic.com/photos/event/3/1/a/8/600_496032712.jpeg
2026-03-16 06:19:09,466 - INFO -   Fetching image for: https://www.meetup.com/toronto/events/313659812/
2026-03-16 06:19:10,275 - INFO -     -> https://secure.meetupstatic.com/photos/event/3/1/a/8/600_496032712.jpeg
2026-03-16 06:19:10,276 - INFO -   Fetching image for: https://www.meetup.com/toronto/events/313688629/
2026-03-16 06:19:11,093 - INFO -     -> https://secure.meetupstatic.com/photos/event/3/1/a/8/600_496032712.jpeg
2026-03-16 06:19:11,093 - INFO -   Fetching image for: https://www.meetup.com/toronto/events/313697112/
2026-03-16 06:19:11,882 - INFO -     -> https://secure.meetupstatic.com/photos/event/3/1/a/8/600_496032712.jpeg
2026-03-16 06:19:11,882 - INFO - meetup_lang_exchange_to.ics: added 10 image(s)
2026-03-16 06:19:11,882 - INFO - Processing meetup_little_sunbeams.ics...
2026-03-16 06:19:11,882 - INFO - meetup_little_sunbeams.ics: no new images
2026-03-16 06:19:11,882 - INFO - Processing meetup_medieval_sca.ics...
2026-03-16 06:19:11,883 - INFO -   Fetching image for: https://www.meetup.com/medieval-renaissance-toronto-royal-citie-of-eoforwic-sca/events/313532026/
2026-03-16 06:19:12,680 - INFO -     -> https://secure.meetupstatic.com/photos/event/b/1/b/2/600_518685490.jpeg
2026-03-16 06:19:12,680 - INFO -   Fetching image for: https://www.meetup.com/medieval-renaissance-toronto-royal-citie-of-eoforwic-sca/events/313640628/
2026-03-16 06:19:13,498 - INFO -     -> https://secure.meetupstatic.com/photos/event/b/1/b/2/600_518685490.jpeg
2026-03-16 06:19:13,499 - INFO -   Fetching image for: https://www.meetup.com/medieval-renaissance-toronto-royal-citie-of-eoforwic-sca/events/313749953/
2026-03-16 06:19:14,393 - INFO -     -> https://secure.meetupstatic.com/photos/event/b/1/b/2/600_518685490.jpeg
2026-03-16 06:19:14,393 - INFO -   Fetching image for: https://www.meetup.com/medieval-renaissance-toronto-royal-citie-of-eoforwic-sca/events/vqvcktyjcgbkb/
2026-03-16 06:19:15,306 - INFO -     -> https://secure.meetupstatic.com/photos/event/b/1/b/2/600_518685490.jpeg
2026-03-16 06:19:15,306 - INFO -   Fetching image for: https://www.meetup.com/medieval-renaissance-toronto-royal-citie-of-eoforwic-sca/events/vqvcktyjcgbsb/
2026-03-16 06:19:16,146 - INFO -     -> https://secure.meetupstatic.com/photos/event/b/1/b/2/600_518685490.jpeg
2026-03-16 06:19:16,147 - INFO -   Fetching image for: https://www.meetup.com/medieval-renaissance-toronto-royal-citie-of-eoforwic-sca/events/vqvcktyjcgbcc/
2026-03-16 06:19:17,082 - INFO -     -> https://secure.meetupstatic.com/photos/event/b/1/b/2/600_518685490.jpeg
2026-03-16 06:19:17,082 - INFO -   Fetching image for: https://www.meetup.com/medieval-renaissance-toronto-royal-citie-of-eoforwic-sca/events/vqvcktyjcgblc/
2026-03-16 06:19:17,854 - INFO -     -> https://secure.meetupstatic.com/photos/event/b/1/b/2/600_518685490.jpeg
2026-03-16 06:19:17,854 - INFO -   Fetching image for: https://www.meetup.com/medieval-renaissance-toronto-royal-citie-of-eoforwic-sca/events/vqvcktyjchbhb/
2026-03-16 06:19:18,642 - INFO -     -> https://secure.meetupstatic.com/photos/event/b/1/b/2/600_518685490.jpeg
2026-03-16 06:19:18,642 - INFO -   Fetching image for: https://www.meetup.com/medieval-renaissance-toronto-royal-citie-of-eoforwic-sca/events/vqvcktyjchbqb/
2026-03-16 06:19:19,431 - INFO -     -> https://secure.meetupstatic.com/photos/event/b/1/b/2/600_518685490.jpeg
2026-03-16 06:19:19,432 - INFO -   Fetching image for: https://www.meetup.com/medieval-renaissance-toronto-royal-citie-of-eoforwic-sca/events/vqvcktyjchbzb/
2026-03-16 06:19:20,196 - INFO -     -> https://secure.meetupstatic.com/photos/event/b/1/b/2/600_518685490.jpeg
2026-03-16 06:19:20,196 - INFO - meetup_medieval_sca.ics: added 10 image(s)
2026-03-16 06:19:20,196 - INFO - Processing meetup_mindful_movement.ics...
2026-03-16 06:19:20,197 - INFO - meetup_mindful_movement.ics: no new images
2026-03-16 06:19:20,197 - INFO - Processing meetup_mini_me.ics...
2026-03-16 06:19:20,197 - INFO - meetup_mini_me.ics: no new images
2026-03-16 06:19:20,197 - INFO - Processing meetup_movies_social.ics...
2026-03-16 06:19:20,198 - INFO -   Fetching image for: https://www.meetup.com/toronto-movies-and-social-group/events/313645466/
2026-03-16 06:19:20,989 - INFO -     -> https://secure.meetupstatic.com/photos/event/6/d/2/f/600_530487951.jpeg
2026-03-16 06:19:20,990 - INFO -   Fetching image for: https://www.meetup.com/toronto-movies-and-social-group/events/313415456/
2026-03-16 06:19:21,805 - INFO -     -> https://secure.meetupstatic.com/photos/event/9/8/0/600_532802432.jpeg
2026-03-16 06:19:21,805 - INFO -   Fetching image for: https://www.meetup.com/toronto-movies-and-social-group/events/313667293/
2026-03-16 06:19:22,764 - INFO -     -> https://secure.meetupstatic.com/photos/event/4/f/4/4/600_533060292.jpeg
2026-03-16 06:19:22,764 - INFO -   Fetching image for: https://www.meetup.com/toronto-movies-and-social-group/events/313415147/
2026-03-16 06:19:23,390 - INFO -     -> https://secure.meetupstatic.com/photos/event/a/3/1/d/600_501521757.jpeg
2026-03-16 06:19:23,391 - INFO -   Fetching image for: https://www.meetup.com/toronto-movies-and-social-group/events/313399155/
2026-03-16 06:19:24,265 - INFO -     -> https://secure.meetupstatic.com/photos/event/b/e/7/0/600_532788752.jpeg
2026-03-16 06:19:24,265 - INFO -   Fetching image for: https://www.meetup.com/toronto-movies-and-social-group/events/313753039/
2026-03-16 06:19:25,090 - INFO -     -> https://secure.meetupstatic.com/photos/event/e/2/7/0/600_533157968.jpeg
2026-03-16 06:19:25,090 - INFO -   Fetching image for: https://www.meetup.com/toronto-movies-and-social-group/events/313415266/
2026-03-16 06:19:25,921 - INFO -     -> https://secure.meetupstatic.com/photos/event/8/7/2/600_532802162.jpeg
2026-03-16 06:19:25,921 - INFO -   Fetching image for: https://www.meetup.com/toronto-movies-and-social-group/events/312903545/
2026-03-16 06:19:27,803 - INFO -     -> https://secure.meetupstatic.com/photos/event/2/4/4/b/600_532269291.jpeg
2026-03-16 06:19:27,803 - INFO -   Fetching image for: https://www.meetup.com/toronto-movies-and-social-group/events/313760246/
2026-03-16 06:19:28,685 - INFO -     -> https://secure.meetupstatic.com/photos/event/d/0/e/2/600_520253474.jpeg
2026-03-16 06:19:28,685 - INFO -   Fetching image for: https://www.meetup.com/toronto-movies-and-social-group/events/313399198/
2026-03-16 06:19:29,536 - INFO -     -> https://secure.meetupstatic.com/photos/event/b/e/8/b/600_532788779.jpeg
2026-03-16 06:19:29,536 - INFO - meetup_movies_social.ics: added 10 image(s)
2026-03-16 06:19:29,536 - INFO - Processing meetup_ms_reactor.ics...
2026-03-16 06:19:29,537 - INFO -   Fetching image for: https://www.meetup.com/microsoft-reactor-toronto/events/313315383/
2026-03-16 06:19:30,330 - INFO -     -> https://secure.meetupstatic.com/photos/event/e/2/1/8/600_532917880.jpeg
2026-03-16 06:19:30,330 - INFO -   Fetching image for: https://www.meetup.com/microsoft-reactor-toronto/events/313095353/
2026-03-16 06:19:31,161 - INFO -     -> https://secure.meetupstatic.com/photos/event/a/5/c/b/600_532482443.jpeg
2026-03-16 06:19:31,162 - INFO -   Fetching image for: https://www.meetup.com/microsoft-reactor-toronto/events/313240204/
2026-03-16 06:19:31,929 - INFO -     -> https://secure.meetupstatic.com/photos/event/c/8/6/6/600_532611302.jpeg
2026-03-16 06:19:31,930 - INFO -   Fetching image for: https://www.meetup.com/microsoft-reactor-toronto/events/312735393/
2026-03-16 06:19:32,740 - INFO -     -> https://secure.meetupstatic.com/photos/event/8/2/7/5/600_532113397.jpeg
2026-03-16 06:19:32,740 - INFO -   Fetching image for: https://www.meetup.com/microsoft-reactor-toronto/events/313175332/
2026-03-16 06:19:33,552 - INFO -     -> https://secure.meetupstatic.com/photos/event/e/8/b/2/600_532559570.jpeg
2026-03-16 06:19:33,552 - INFO -   Fetching image for: https://www.meetup.com/microsoft-reactor-toronto/events/313404622/
2026-03-16 06:19:34,364 - INFO -     -> https://secure.meetupstatic.com/photos/event/d/2/0/a/600_532793770.jpeg
2026-03-16 06:19:34,364 - INFO -   Fetching image for: https://www.meetup.com/microsoft-reactor-toronto/events/312864547/
2026-03-16 06:19:35,174 - INFO -     -> https://secure.meetupstatic.com/photos/event/a/5/e/3/600_532482467.jpeg
2026-03-16 06:19:35,174 - INFO -   Fetching image for: https://www.meetup.com/microsoft-reactor-toronto/events/312369332/
2026-03-16 06:19:35,959 - INFO -     -> https://secure.meetupstatic.com/photos/event/7/4/2/f/600_532889743.jpeg
2026-03-16 06:19:35,959 - INFO -   Fetching image for: https://www.meetup.com/microsoft-reactor-toronto/events/313333526/
2026-03-16 06:19:36,839 - INFO -     -> https://secure.meetupstatic.com/photos/event/e/4/2/b/600_532918411.jpeg
2026-03-16 06:19:36,839 - INFO -   Fetching image for: https://www.meetup.com/microsoft-reactor-toronto/events/313097376/
2026-03-16 06:19:37,460 - INFO -     -> https://secure.meetupstatic.com/photos/event/a/6/0/0/600_532482496.jpeg
2026-03-16 06:19:37,460 - INFO - meetup_ms_reactor.ics: added 10 image(s)
2026-03-16 06:19:37,460 - INFO - Processing meetup_photography_to.ics...
2026-03-16 06:19:37,461 - INFO -   Fetching image for: https://www.meetup.com/toronto-photography-group/events/313748491/
2026-03-16 06:19:38,329 - INFO -     -> https://secure.meetupstatic.com/photos/event/d/3/2/2/600_533154050.jpeg
2026-03-16 06:19:38,329 - INFO -   Fetching image for: https://www.meetup.com/toronto-photography-group/events/313762335/
2026-03-16 06:19:39,303 - INFO -     -> https://secure.meetupstatic.com/photos/event/d/3/2/2/600_533154050.jpeg
2026-03-16 06:19:39,303 - INFO - meetup_photography_to.ics: added 2 image(s)
2026-03-16 06:19:39,303 - INFO - Processing meetup_postapoc_books.ics...
2026-03-16 06:19:39,304 - INFO -   Fetching image for: https://www.meetup.com/post-apocalyptic-book-club-toronto-chapter/events/312870377/
2026-03-16 06:19:40,127 - INFO -     -> https://secure.meetupstatic.com/photos/event/a/3/c/d/600_532241933.jpeg
2026-03-16 06:19:40,127 - INFO -   Fetching image for: https://www.meetup.com/post-apocalyptic-book-club-toronto-chapter/events/312872471/
2026-03-16 06:19:40,966 - INFO -     -> https://secure.meetupstatic.com/photos/event/a/9/5/f/600_532243359.jpeg
2026-03-16 06:19:40,967 - INFO - meetup_postapoc_books.ics: added 2 image(s)
2026-03-16 06:19:40,967 - INFO - Processing meetup_postgres_to.ics...
2026-03-16 06:19:40,967 - INFO -   Fetching image for: https://www.meetup.com/toronto-postgres/events/313418443/
2026-03-16 06:19:41,765 - INFO -     -> https://secure.meetupstatic.com/photos/event/1/2/e/6/600_532804838.jpeg
2026-03-16 06:19:41,765 - INFO -   Fetching image for: https://www.meetup.com/toronto-postgres/events/313449726/
2026-03-16 06:19:42,585 - INFO -     -> https://secure.meetupstatic.com/photos/event/6/e/a/3/600_532828323.jpeg
2026-03-16 06:19:42,585 - INFO -   Fetching image for: https://www.meetup.com/toronto-postgres/events/311976671/
2026-03-16 06:19:43,401 - INFO -     -> https://secure.meetupstatic.com/photos/event/6/c/3/e/600_531267710.jpeg
2026-03-16 06:19:43,401 - INFO - meetup_postgres_to.ics: added 3 image(s)
2026-03-16 06:19:43,401 - INFO - Processing meetup_python_to.ics...
2026-03-16 06:19:43,401 - INFO -   Fetching image for: https://www.meetup.com/python-toronto/events/313543909/
2026-03-16 06:19:44,277 - INFO -     -> https://secure.meetupstatic.com/photos/event/a/d/3/f/600_532964351.jpeg
2026-03-16 06:19:44,277 - INFO - meetup_python_to.ics: added 1 image(s)
2026-03-16 06:19:44,277 - INFO - Processing meetup_sai_dham_volunteer.ics...
2026-03-16 06:19:44,277 - INFO - meetup_sai_dham_volunteer.ics: no new images
2026-03-16 06:19:44,277 - INFO - Processing meetup_salsa_gta.ics...
2026-03-16 06:19:44,278 - INFO -   Fetching image for: https://www.meetup.com/salsa-bachata-kizomba-gta/events/313517762/
2026-03-16 06:19:45,103 - INFO -     -> https://secure.meetupstatic.com/photos/event/c/4/1/e/600_530750206.jpeg
2026-03-16 06:19:45,103 - INFO -   Fetching image for: https://www.meetup.com/salsa-bachata-kizomba-gta/events/313610879/
2026-03-16 06:19:45,925 - INFO -     -> https://secure.meetupstatic.com/photos/event/e/7/8/f/600_507779279.jpeg
2026-03-16 06:19:45,925 - INFO -   Fetching image for: https://www.meetup.com/salsa-bachata-kizomba-gta/events/313628202/
2026-03-16 06:19:46,719 - INFO -     -> https://secure.meetupstatic.com/photos/event/c/4/1/e/600_530750206.jpeg
2026-03-16 06:19:46,719 - INFO -   Fetching image for: https://www.meetup.com/salsa-bachata-kizomba-gta/events/313719730/
2026-03-16 06:19:47,533 - INFO -     -> https://secure.meetupstatic.com/photos/event/e/7/8/f/600_507779279.jpeg
2026-03-16 06:19:47,533 - INFO -   Fetching image for: https://www.meetup.com/salsa-bachata-kizomba-gta/events/313738052/
2026-03-16 06:19:48,339 - INFO -     -> https://secure.meetupstatic.com/photos/event/c/4/1/e/600_530750206.jpeg
2026-03-16 06:19:48,339 - INFO -   Fetching image for: https://www.meetup.com/salsa-bachata-kizomba-gta/events/xpqlvtyjcgbhb/
2026-03-16 06:19:49,154 - INFO -     -> https://secure.meetupstatic.com/photos/event/e/7/8/f/600_507779279.jpeg
2026-03-16 06:19:49,154 - INFO -   Fetching image for: https://www.meetup.com/salsa-bachata-kizomba-gta/events/zbxmttyjcgbjb/
2026-03-16 06:19:50,044 - INFO -     -> https://secure.meetupstatic.com/photos/event/c/4/1/e/600_530750206.jpeg
2026-03-16 06:19:50,044 - INFO -   Fetching image for: https://www.meetup.com/salsa-bachata-kizomba-gta/events/xpqlvtyjcgbqb/
2026-03-16 06:19:50,903 - INFO -     -> https://secure.meetupstatic.com/photos/event/e/7/8/f/600_507779279.jpeg
2026-03-16 06:19:50,903 - INFO -   Fetching image for: https://www.meetup.com/salsa-bachata-kizomba-gta/events/zbxmttyjcgbrb/
2026-03-16 06:19:51,673 - INFO -     -> https://secure.meetupstatic.com/photos/event/c/4/1/e/600_530750206.jpeg
2026-03-16 06:19:51,673 - INFO -   Fetching image for: https://www.meetup.com/salsa-bachata-kizomba-gta/events/xpqlvtyjcgbzb/
2026-03-16 06:19:52,570 - INFO -     -> https://secure.meetupstatic.com/photos/event/e/7/8/f/600_507779279.jpeg
2026-03-16 06:19:52,571 - INFO - meetup_salsa_gta.ics: added 10 image(s)
2026-03-16 06:19:52,571 - INFO - Processing meetup_scifi_books.ics...
2026-03-16 06:19:52,571 - INFO -   Fetching image for: https://www.meetup.com/thescifibookclub/events/313668180/
2026-03-16 06:19:53,362 - INFO -     -> https://secure.meetupstatic.com/photos/event/5/1/3/1/600_533060785.jpeg
2026-03-16 06:19:53,362 - INFO -   Fetching image for: https://www.meetup.com/thescifibookclub/events/312949481/
2026-03-16 06:19:54,198 - INFO -     -> https://secure.meetupstatic.com/photos/event/2/1/1/600_532320529.jpeg
2026-03-16 06:19:54,198 - INFO -   Fetching image for: https://www.meetup.com/thescifibookclub/events/312949670/
2026-03-16 06:19:55,011 - INFO -     -> https://secure.meetupstatic.com/photos/event/4/5/d/600_532321117.jpeg
2026-03-16 06:19:55,012 - INFO -   Fetching image for: https://www.meetup.com/thescifibookclub/events/312950259/
2026-03-16 06:19:55,810 - INFO -     -> https://secure.meetupstatic.com/photos/event/6/9/7/600_532321687.jpeg
2026-03-16 06:19:55,810 - INFO -   Fetching image for: https://www.meetup.com/thescifibookclub/events/312950533/
2026-03-16 06:19:56,618 - INFO -     -> https://secure.meetupstatic.com/photos/event/9/8/a/600_532322442.jpeg
2026-03-16 06:19:56,618 - INFO - meetup_scifi_books.ics: added 5 image(s)
2026-03-16 06:19:56,619 - INFO - Processing meetup_silent_books.ics...
2026-03-16 06:19:56,619 - INFO -   Fetching image for: https://www.meetup.com/toronto-silent-book-club-meetup-group/events/313647451/
2026-03-16 06:19:57,446 - INFO -     -> https://secure.meetupstatic.com/photos/event/9/8/1/b/600_526598939.jpeg
2026-03-16 06:19:57,446 - INFO -   Fetching image for: https://www.meetup.com/toronto-silent-book-club-meetup-group/events/313647467/
2026-03-16 06:19:58,259 - INFO -     -> https://secure.meetupstatic.com/photos/event/9/8/1/b/600_526598939.jpeg
2026-03-16 06:19:58,260 - INFO -   Fetching image for: https://www.meetup.com/toronto-silent-book-club-meetup-group/events/313763140/
2026-03-16 06:19:59,073 - INFO -     -> https://secure.meetupstatic.com/photos/event/9/8/1/b/600_526598939.jpeg
2026-03-16 06:19:59,074 - INFO - meetup_silent_books.ics: added 3 image(s)
2026-03-16 06:19:59,074 - INFO - Processing meetup_singles_social.ics...
2026-03-16 06:19:59,074 - INFO -   Fetching image for: https://www.meetup.com/toronto-20s-to-50s-singles-social/events/313600879/
2026-03-16 06:19:59,916 - INFO -     -> https://secure.meetupstatic.com/photos/event/8/e/9/e/600_528336510.jpeg
2026-03-16 06:19:59,916 - INFO -   Fetching image for: https://www.meetup.com/toronto-20s-to-50s-singles-social/events/313723027/
2026-03-16 06:20:00,718 - INFO -     -> https://secure.meetupstatic.com/photos/event/8/e/9/e/600_528336510.jpeg
2026-03-16 06:20:00,718 - INFO - meetup_singles_social.ics: added 2 image(s)
2026-03-16 06:20:00,718 - INFO - Processing meetup_soul_city.ics...
2026-03-16 06:20:00,719 - INFO -   Fetching image for: https://www.meetup.com/soulcity/events/313540234/
2026-03-16 06:20:01,545 - INFO -     -> https://secure.meetupstatic.com/photos/event/1/c/2/7/600_532927207.jpeg
2026-03-16 06:20:01,545 - INFO -   Fetching image for: https://www.meetup.com/soulcity/events/313653876/
2026-03-16 06:20:02,527 - INFO -     -> https://secure.meetupstatic.com/photos/event/2/5/8/a/600_533049610.jpeg
2026-03-16 06:20:02,527 - INFO -   Fetching image for: https://www.meetup.com/soulcity/events/313769528/
2026-03-16 06:20:03,127 - INFO -     -> https://secure.meetupstatic.com/photos/event/6/8/2/1/600_532826657.jpeg
2026-03-16 06:20:03,127 - INFO -   Fetching image for: https://www.meetup.com/soulcity/events/313745410/
2026-03-16 06:20:03,723 - INFO -     -> https://secure.meetupstatic.com/photos/event/c/7/2/5/600_533150981.jpeg
2026-03-16 06:20:03,723 - INFO -   Fetching image for: https://www.meetup.com/soulcity/events/313386006/
2026-03-16 06:20:06,153 - INFO -     -> https://secure.meetupstatic.com/photos/event/4/2/c/e/600_532817102.jpeg
2026-03-16 06:20:06,153 - INFO -   Fetching image for: https://www.meetup.com/soulcity/events/312542826/
2026-03-16 06:20:08,399 - INFO -     -> https://secure.meetupstatic.com/photos/event/1/f/a/b/600_531128107.jpeg
2026-03-16 06:20:08,400 - INFO -   Fetching image for: https://www.meetup.com/soulcity/events/313190760/
2026-03-16 06:20:09,174 - INFO -     -> https://secure.meetupstatic.com/photos/event/b/3/2/e/600_526005870.jpeg
2026-03-16 06:20:09,174 - INFO -   Fetching image for: https://www.meetup.com/soulcity/events/313385655/
2026-03-16 06:20:09,933 - INFO -     -> https://secure.meetupstatic.com/photos/event/9/0/1/1/600_526476881.jpeg
2026-03-16 06:20:09,933 - INFO -   Fetching image for: https://www.meetup.com/soulcity/events/313653805/
2026-03-16 06:20:10,732 - INFO -     -> https://secure.meetupstatic.com/photos/event/2/5/2/1/600_533049505.jpeg
2026-03-16 06:20:10,733 - INFO -   Fetching image for: https://www.meetup.com/soulcity/events/313605102/
2026-03-16 06:20:11,513 - INFO -     -> https://secure.meetupstatic.com/photos/event/a/6/6/1/600_528642593.jpeg
2026-03-16 06:20:11,513 - INFO - meetup_soul_city.ics: added 10 image(s)
2026-03-16 06:20:11,513 - INFO - Processing meetup_sup_kayak.ics...
2026-03-16 06:20:11,513 - INFO - meetup_sup_kayak.ics: no new images
2026-03-16 06:20:11,513 - INFO - Processing meetup_tech_stack.ics...
2026-03-16 06:20:11,514 - INFO -   Fetching image for: https://www.meetup.com/toronto-tech-stack-exchange/events/313509629/
2026-03-16 06:20:12,283 - INFO -     -> https://secure.meetupstatic.com/photos/event/9/6/a/c/600_530798572.jpeg
2026-03-16 06:20:12,283 - INFO -   Fetching image for: https://www.meetup.com/toronto-tech-stack-exchange/events/313484173/
2026-03-16 06:20:13,072 - INFO -     -> https://secure.meetupstatic.com/photos/event/9/6/a/c/600_530798572.jpeg
2026-03-16 06:20:13,072 - INFO -   Fetching image for: https://www.meetup.com/toronto-tech-stack-exchange/events/vtxlvtyjcgbgb/
2026-03-16 06:20:13,884 - INFO -     -> https://secure.meetupstatic.com/photos/event/9/6/a/c/600_530798572.jpeg
2026-03-16 06:20:13,884 - INFO -   Fetching image for: https://www.meetup.com/toronto-tech-stack-exchange/events/vtxlvtyjcgbpb/
2026-03-16 06:20:14,665 - INFO -     -> https://secure.meetupstatic.com/photos/event/9/6/a/c/600_530798572.jpeg
2026-03-16 06:20:14,665 - INFO -   Fetching image for: https://www.meetup.com/toronto-tech-stack-exchange/events/vtxlvtyjcgbxb/
2026-03-16 06:20:15,434 - INFO -     -> https://secure.meetupstatic.com/photos/event/9/6/a/c/600_530798572.jpeg
2026-03-16 06:20:15,435 - INFO -   Fetching image for: https://www.meetup.com/toronto-tech-stack-exchange/events/vtxlvtyjcgbhc/
2026-03-16 06:20:16,208 - INFO -     -> https://secure.meetupstatic.com/photos/event/9/6/a/c/600_530798572.jpeg
2026-03-16 06:20:16,208 - INFO -   Fetching image for: https://www.meetup.com/toronto-tech-stack-exchange/events/vtxlvtyjchbdb/
2026-03-16 06:20:17,047 - INFO -     -> https://secure.meetupstatic.com/photos/event/9/6/a/c/600_530798572.jpeg
2026-03-16 06:20:17,047 - INFO -   Fetching image for: https://www.meetup.com/toronto-tech-stack-exchange/events/vtxlvtyjchbmb/
2026-03-16 06:20:17,818 - INFO -     -> https://secure.meetupstatic.com/photos/event/9/6/a/c/600_530798572.jpeg
2026-03-16 06:20:17,818 - INFO -   Fetching image for: https://www.meetup.com/toronto-tech-stack-exchange/events/vtxlvtyjchbvb/
2026-03-16 06:20:18,598 - INFO -     -> https://secure.meetupstatic.com/photos/event/9/6/a/c/600_530798572.jpeg
2026-03-16 06:20:18,598 - INFO -   Fetching image for: https://www.meetup.com/toronto-tech-stack-exchange/events/vtxlvtyjchbfc/
2026-03-16 06:20:19,387 - INFO -     -> https://secure.meetupstatic.com/photos/event/9/6/a/c/600_530798572.jpeg
2026-03-16 06:20:19,387 - INFO - meetup_tech_stack.ics: added 10 image(s)
2026-03-16 06:20:19,387 - INFO - Processing meetup_techto.ics...
2026-03-16 06:20:19,388 - INFO -   Fetching image for: https://www.meetup.com/techto/events/313448269/
2026-03-16 06:20:20,176 - INFO -     -> https://secure.meetupstatic.com/photos/event/6/a/a/5/600_532827301.jpeg
2026-03-16 06:20:20,176 - INFO -   Fetching image for: https://www.meetup.com/techto/events/313448186/
2026-03-16 06:20:21,062 - INFO -     -> https://secure.meetupstatic.com/photos/event/6/a/5/a/600_532827226.jpeg
2026-03-16 06:20:21,062 - INFO -   Fetching image for: https://www.meetup.com/techto/events/313447845/
2026-03-16 06:20:21,893 - INFO -     -> https://secure.meetupstatic.com/photos/event/1/2/3/f/600_531664671.jpeg
2026-03-16 06:20:21,894 - INFO -   Fetching image for: https://www.meetup.com/techto/events/313639014/
2026-03-16 06:20:22,970 - INFO -     -> https://secure.meetupstatic.com/photos/event/1/1/f/6/600_531664598.jpeg
2026-03-16 06:20:22,970 - INFO - meetup_techto.ics: added 4 image(s)
2026-03-16 06:20:22,970 - INFO - Processing meetup_tile_language.ics...
2026-03-16 06:20:22,971 - INFO -   Fetching image for: https://www.meetup.com/tilesocial/events/313388402/
2026-03-16 06:20:23,808 - INFO -     -> https://secure.meetupstatic.com/photos/event/b/b/9/c/600_531228028.jpeg
2026-03-16 06:20:23,809 - INFO -   Fetching image for: https://www.meetup.com/tilesocial/events/313591543/
2026-03-16 06:20:24,671 - INFO -     -> https://secure.meetupstatic.com/photos/event/b/b/9/c/600_531228028.jpeg
2026-03-16 06:20:24,671 - INFO -   Fetching image for: https://www.meetup.com/tilesocial/events/lgbhwtyjcgbgb/
2026-03-16 06:20:25,459 - INFO -     -> https://secure.meetupstatic.com/photos/event/b/b/9/c/600_531228028.jpeg
2026-03-16 06:20:25,459 - INFO -   Fetching image for: https://www.meetup.com/tilesocial/events/lgbhwtyjcgbpb/
2026-03-16 06:20:26,237 - INFO -     -> https://secure.meetupstatic.com/photos/event/b/b/9/c/600_531228028.jpeg
2026-03-16 06:20:26,237 - INFO -   Fetching image for: https://www.meetup.com/tilesocial/events/313591400/
2026-03-16 06:20:27,050 - INFO -     -> https://secure.meetupstatic.com/photos/event/1/a/2/3/600_532986691.jpeg
2026-03-16 06:20:27,050 - INFO -   Fetching image for: https://www.meetup.com/tilesocial/events/313634925/
2026-03-16 06:20:27,818 - INFO -     -> https://secure.meetupstatic.com/photos/event/b/b/9/c/600_531228028.jpeg
2026-03-16 06:20:27,819 - INFO -   Fetching image for: https://www.meetup.com/tilesocial/events/lgbhwtyjchbdb/
2026-03-16 06:20:28,597 - INFO -     -> https://secure.meetupstatic.com/photos/event/b/b/9/c/600_531228028.jpeg
2026-03-16 06:20:28,597 - INFO -   Fetching image for: https://www.meetup.com/tilesocial/events/lgbhwtyjchbmb/
2026-03-16 06:20:29,501 - INFO -     -> https://secure.meetupstatic.com/photos/event/b/b/9/c/600_531228028.jpeg
2026-03-16 06:20:29,501 - INFO -   Fetching image for: https://www.meetup.com/tilesocial/events/lgbhwtyjchbvb/
2026-03-16 06:20:30,293 - INFO -     -> https://secure.meetupstatic.com/photos/event/b/b/9/c/600_531228028.jpeg
2026-03-16 06:20:30,293 - INFO -   Fetching image for: https://www.meetup.com/tilesocial/events/lgbhwtyjchbfc/
2026-03-16 06:20:31,073 - INFO -     -> https://secure.meetupstatic.com/photos/event/b/b/9/c/600_531228028.jpeg
2026-03-16 06:20:31,074 - INFO - meetup_tile_language.ics: added 10 image(s)
2026-03-16 06:20:31,074 - INFO - Processing meetup_toronto_dads.ics...
2026-03-16 06:20:31,074 - INFO - meetup_toronto_dads.ics: no new images
2026-03-16 06:20:31,074 - INFO - Processing meetup_toronto_history_walks.ics...
2026-03-16 06:20:31,075 - INFO -   Fetching image for: https://www.meetup.com/the-history-of-parkdale/events/312786410/
2026-03-16 06:20:31,908 - INFO -     -> https://secure.meetupstatic.com/photos/event/3/d/d/2/600_504555826.jpeg
2026-03-16 06:20:31,909 - INFO -   Fetching image for: https://www.meetup.com/the-history-of-parkdale/events/313174345/
2026-03-16 06:20:32,748 - INFO -     -> https://secure.meetupstatic.com/photos/event/a/d/8/4/600_518024420.jpeg
2026-03-16 06:20:32,748 - INFO -   Fetching image for: https://www.meetup.com/the-history-of-parkdale/events/313367661/
2026-03-16 06:20:33,551 - INFO -     -> https://secure.meetupstatic.com/photos/event/7/9/3/8/600_501091032.jpeg
2026-03-16 06:20:33,551 - INFO -   Fetching image for: https://www.meetup.com/the-history-of-parkdale/events/312801144/
2026-03-16 06:20:34,339 - INFO -     -> https://secure.meetupstatic.com/photos/event/a/d/8/4/600_518024420.jpeg
2026-03-16 06:20:34,339 - INFO -   Fetching image for: https://www.meetup.com/the-history-of-parkdale/events/313270099/
2026-03-16 06:20:35,121 - INFO -     -> https://secure.meetupstatic.com/photos/event/7/c/6/b/600_512371851.jpeg
2026-03-16 06:20:35,122 - INFO -   Fetching image for: https://www.meetup.com/the-history-of-parkdale/events/312865212/
2026-03-16 06:20:36,443 - INFO -     -> https://secure.meetupstatic.com/photos/event/a/0/3/f/600_507761023.jpeg
2026-03-16 06:20:36,443 - INFO -   Fetching image for: https://www.meetup.com/the-history-of-parkdale/events/313270219/
2026-03-16 06:20:37,207 - INFO -     -> https://secure.meetupstatic.com/photos/event/d/7/d/6/600_512875254.jpeg
2026-03-16 06:20:37,208 - INFO -   Fetching image for: https://www.meetup.com/the-history-of-parkdale/events/312786189/
2026-03-16 06:20:38,125 - INFO -     -> https://secure.meetupstatic.com/photos/event/1/7/a/b/600_515106059.jpeg
2026-03-16 06:20:38,125 - INFO -   Fetching image for: https://www.meetup.com/the-history-of-parkdale/events/313004853/
2026-03-16 06:20:38,905 - INFO -     -> https://secure.meetupstatic.com/photos/event/4/c/e/6/600_523399686.jpeg
2026-03-16 06:20:38,906 - INFO -   Fetching image for: https://www.meetup.com/the-history-of-parkdale/events/312865265/
2026-03-16 06:20:39,700 - INFO -     -> https://secure.meetupstatic.com/photos/event/7/4/4/600_504241860.jpeg
2026-03-16 06:20:39,700 - INFO - meetup_toronto_history_walks.ics: added 10 image(s)
2026-03-16 06:20:39,700 - INFO - Processing meetup_toronto_paddlers.ics...
2026-03-16 06:20:39,700 - INFO - meetup_toronto_paddlers.ics: no new images
2026-03-16 06:20:39,700 - INFO - Processing meetup_toronto_wellness.ics...
2026-03-16 06:20:39,701 - INFO -   Fetching image for: https://www.meetup.com/toronto-wellness-yoga-art-therapy-meditation-chakra/events/313507209/
2026-03-16 06:20:40,458 - INFO -     -> https://secure.meetupstatic.com/photos/event/b/6/a/c/600_532246764.jpeg
2026-03-16 06:20:40,459 - INFO -   Fetching image for: https://www.meetup.com/toronto-wellness-yoga-art-therapy-meditation-chakra/events/313541284/
2026-03-16 06:20:41,245 - INFO -     -> https://secure.meetupstatic.com/photos/event/b/6/a/c/600_532246764.jpeg
2026-03-16 06:20:41,246 - INFO -   Fetching image for: https://www.meetup.com/toronto-wellness-yoga-art-therapy-meditation-chakra/events/313573644/
2026-03-16 06:20:42,026 - INFO -     -> https://secure.meetupstatic.com/photos/event/b/6/a/c/600_532246764.jpeg
2026-03-16 06:20:42,026 - INFO -   Fetching image for: https://www.meetup.com/toronto-wellness-yoga-art-therapy-meditation-chakra/events/313602654/
2026-03-16 06:20:42,816 - INFO -     -> https://secure.meetupstatic.com/photos/event/4/7/b/4/600_532158356.jpeg
2026-03-16 06:20:42,816 - INFO -   Fetching image for: https://www.meetup.com/toronto-wellness-yoga-art-therapy-meditation-chakra/events/313604185/
2026-03-16 06:20:43,619 - INFO -     -> https://secure.meetupstatic.com/photos/event/4/8/b/4/600_532158612.jpeg
2026-03-16 06:20:43,619 - INFO -   Fetching image for: https://www.meetup.com/toronto-wellness-yoga-art-therapy-meditation-chakra/events/313618742/
2026-03-16 06:20:44,405 - INFO -     -> https://secure.meetupstatic.com/photos/event/b/6/a/c/600_532246764.jpeg
2026-03-16 06:20:44,406 - INFO -   Fetching image for: https://www.meetup.com/toronto-wellness-yoga-art-therapy-meditation-chakra/events/313650149/
2026-03-16 06:20:45,303 - INFO -     -> https://secure.meetupstatic.com/photos/event/b/6/a/c/600_532246764.jpeg
2026-03-16 06:20:45,304 - INFO -   Fetching image for: https://www.meetup.com/toronto-wellness-yoga-art-therapy-meditation-chakra/events/313681852/
2026-03-16 06:20:46,254 - INFO -     -> https://secure.meetupstatic.com/photos/event/b/6/a/c/600_532246764.jpeg
2026-03-16 06:20:46,254 - INFO -   Fetching image for: https://www.meetup.com/toronto-wellness-yoga-art-therapy-meditation-chakra/events/313712494/
2026-03-16 06:20:47,035 - INFO -     -> https://secure.meetupstatic.com/photos/event/4/7/b/4/600_532158356.jpeg
2026-03-16 06:20:47,035 - INFO -   Fetching image for: https://www.meetup.com/toronto-wellness-yoga-art-therapy-meditation-chakra/events/313713497/
2026-03-16 06:20:48,545 - INFO -     -> https://secure.meetupstatic.com/photos/event/4/8/b/4/600_532158612.jpeg
2026-03-16 06:20:48,546 - INFO - meetup_toronto_wellness.ics: added 10 image(s)
2026-03-16 06:20:48,546 - INFO - Processing meetup_torontobabel.ics...
2026-03-16 06:20:48,547 - INFO -   Fetching image for: https://www.meetup.com/torontobabel/events/313055109/
2026-03-16 06:20:49,348 - INFO -     -> https://secure.meetupstatic.com/photos/event/8/e/2/1/600_527556385.jpeg
2026-03-16 06:20:49,349 - INFO -   Fetching image for: https://www.meetup.com/torontobabel/events/313754245/
2026-03-16 06:20:49,948 - INFO -     -> https://secure.meetupstatic.com/photos/event/e/4/4/0/600_533158432.jpeg
2026-03-16 06:20:49,948 - INFO -   Fetching image for: https://www.meetup.com/torontobabel/events/313055110/
2026-03-16 06:20:50,726 - INFO -     -> https://secure.meetupstatic.com/photos/event/8/e/2/1/600_527556385.jpeg
2026-03-16 06:20:50,726 - INFO -   Fetching image for: https://www.meetup.com/torontobabel/events/312578562/
2026-03-16 06:20:51,490 - INFO -     -> https://secure.meetupstatic.com/photos/event/8/e/2/1/600_527556385.jpeg
2026-03-16 06:20:51,490 - INFO -   Fetching image for: https://www.meetup.com/torontobabel/events/312578563/
2026-03-16 06:20:52,480 - INFO -     -> https://secure.meetupstatic.com/photos/event/8/e/2/1/600_527556385.jpeg
2026-03-16 06:20:52,480 - INFO -   Fetching image for: https://www.meetup.com/torontobabel/events/313055114/
2026-03-16 06:20:53,245 - INFO -     -> https://secure.meetupstatic.com/photos/event/8/e/2/1/600_527556385.jpeg
2026-03-16 06:20:53,246 - INFO -   Fetching image for: https://www.meetup.com/torontobabel/events/313055113/
2026-03-16 06:20:54,020 - INFO -     -> https://secure.meetupstatic.com/photos/event/8/e/2/1/600_527556385.jpeg
2026-03-16 06:20:54,020 - INFO -   Fetching image for: https://www.meetup.com/torontobabel/events/kwtbwtyjcjbnb/
2026-03-16 06:20:54,812 - INFO -     -> https://secure.meetupstatic.com/photos/event/8/e/2/1/600_527556385.jpeg
2026-03-16 06:20:54,813 - INFO -   Fetching image for: https://www.meetup.com/torontobabel/events/kwtbwtyjcjbgc/
2026-03-16 06:20:55,647 - INFO -     -> https://secure.meetupstatic.com/photos/event/8/e/2/1/600_527556385.jpeg
2026-03-16 06:20:55,647 - INFO -   Fetching image for: https://www.meetup.com/torontobabel/events/313055111/
2026-03-16 06:20:56,491 - INFO -     -> https://secure.meetupstatic.com/photos/event/8/e/2/1/600_527556385.jpeg
2026-03-16 06:20:56,492 - INFO - meetup_torontobabel.ics: added 10 image(s)
2026-03-16 06:20:56,492 - INFO - Processing meetup_torontojs.ics...
2026-03-16 06:20:56,492 - INFO -   Fetching image for: https://www.meetup.com/torontojs/events/313618512/
2026-03-16 06:20:57,712 - INFO -     -> https://secure.meetupstatic.com/photos/event/7/4/7/9/600_487529817.jpeg
2026-03-16 06:20:57,712 - INFO - meetup_torontojs.ics: added 1 image(s)
2026-03-16 06:20:57,712 - INFO - Processing meetup_try_new_things.ics...
2026-03-16 06:20:57,713 - INFO -   Fetching image for: https://www.meetup.com/torontotnt/events/313633856/
2026-03-16 06:20:58,548 - INFO -     -> https://secure.meetupstatic.com/photos/event/c/e/0/8/600_533032744.jpeg
2026-03-16 06:20:58,548 - INFO -   Fetching image for: https://www.meetup.com/torontotnt/events/313655336/
2026-03-16 06:20:59,329 - INFO -     -> https://secure.meetupstatic.com/photos/event/2/8/1/c/600_533050268.jpeg
2026-03-16 06:20:59,329 - INFO -   Fetching image for: https://www.meetup.com/torontotnt/events/313524372/
2026-03-16 06:20:59,987 - INFO -     -> https://secure.meetupstatic.com/photos/event/d/4/a/3/600_532914435.jpeg
2026-03-16 06:20:59,987 - INFO -   Fetching image for: https://www.meetup.com/torontotnt/events/313433189/
2026-03-16 06:21:00,859 - INFO -     -> https://secure.meetupstatic.com/photos/event/4/3/1/d/600_532817181.jpeg
2026-03-16 06:21:00,860 - INFO -   Fetching image for: https://www.meetup.com/torontotnt/events/313524723/
2026-03-16 06:21:01,703 - INFO -     -> https://secure.meetupstatic.com/photos/event/d/5/4/0/600_532914592.jpeg
2026-03-16 06:21:01,703 - INFO -   Fetching image for: https://www.meetup.com/torontotnt/events/312717100/
2026-03-16 06:21:03,832 - INFO -     -> https://secure.meetupstatic.com/photos/event/c/b/f/7/600_531172215.jpeg
2026-03-16 06:21:03,833 - INFO -   Fetching image for: https://www.meetup.com/torontotnt/events/313524842/
2026-03-16 06:21:04,679 - INFO -     -> https://secure.meetupstatic.com/photos/event/d/5/d/7/600_532914743.jpeg
2026-03-16 06:21:04,679 - INFO -   Fetching image for: https://www.meetup.com/torontotnt/events/313532881/
2026-03-16 06:21:05,485 - INFO -     -> https://secure.meetupstatic.com/photos/event/4/4/c/5/600_525017605.jpeg
2026-03-16 06:21:05,486 - INFO -   Fetching image for: https://www.meetup.com/torontotnt/events/313532925/
2026-03-16 06:21:07,150 - INFO -     -> https://secure.meetupstatic.com/photos/event/a/4/0/d/600_532241997.jpeg
2026-03-16 06:21:07,151 - INFO -   Fetching image for: https://www.meetup.com/torontotnt/events/313541144/
2026-03-16 06:21:08,497 - INFO -     -> https://secure.meetupstatic.com/photos/event/2/0/c/4/600_532928388.jpeg
2026-03-16 06:21:08,498 - INFO - meetup_try_new_things.ics: added 10 image(s)
2026-03-16 06:21:08,498 - INFO - Processing meetup_wilderness_union.ics...
2026-03-16 06:21:08,498 - INFO -   Fetching image for: https://www.meetup.com/wildernessunion/events/313728801/
2026-03-16 06:21:09,285 - INFO -     -> https://secure.meetupstatic.com/photos/event/c/3/5/600_533163125.jpeg
2026-03-16 06:21:09,285 - INFO -   Fetching image for: https://www.meetup.com/wildernessunion/events/313655947/
2026-03-16 06:21:10,077 - INFO -     -> https://secure.meetupstatic.com/photos/event/2/c/4/2/600_533051330.jpeg
2026-03-16 06:21:10,077 - INFO - meetup_wilderness_union.ics: added 2 image(s)
2026-03-16 06:21:10,077 - INFO - Processing meetup_women_biz.ics...
2026-03-16 06:21:10,078 - INFO -   Fetching image for: https://www.meetup.com/downtown-toronto-women-in-business-meetup/events/313569958/
2026-03-16 06:21:10,896 - INFO -     -> https://secure.meetupstatic.com/photos/event/3/5/7/7/600_533173687.jpeg
2026-03-16 06:21:10,896 - INFO -   Fetching image for: https://www.meetup.com/downtown-toronto-women-in-business-meetup/events/313724419/
2026-03-16 06:21:11,730 - INFO -     -> https://secure.meetupstatic.com/photos/event/7/9/3/3/600_533131027.jpeg
2026-03-16 06:21:11,730 - INFO -   Fetching image for: https://www.meetup.com/downtown-toronto-women-in-business-meetup/events/313725381/
2026-03-16 06:21:12,544 - INFO -     -> https://secure.meetupstatic.com/photos/event/f/e/1/600_533164065.jpeg
2026-03-16 06:21:12,544 - INFO -   Fetching image for: https://www.meetup.com/downtown-toronto-women-in-business-meetup/events/313741197/
2026-03-16 06:21:13,498 - INFO -     -> https://secure.meetupstatic.com/photos/event/b/6/a/7/600_533146759.jpeg
2026-03-16 06:21:13,498 - INFO -   Fetching image for: https://www.meetup.com/downtown-toronto-women-in-business-meetup/events/313741208/
2026-03-16 06:21:14,356 - INFO -     -> https://secure.meetupstatic.com/photos/event/b/6/a/d/600_533146765.jpeg
2026-03-16 06:21:14,356 - INFO - meetup_women_biz.ics: added 5 image(s)
2026-03-16 06:21:14,357 - INFO - Done. Total images added: 262
Fetched 2 events from Legistar
Wrote cities/raleighdurham/wake_county_legistar.ics
Fetched 1 events from Legistar
Wrote cities/raleighdurham/chapelhill_legistar.ics
Fetched 0 events from Legistar
Wrote cities/raleighdurham/durhamcounty_legistar.ics
2026-03-16 06:21:20,984 - INFO - Scraping Ponysaurus Brewing
2026-03-16 06:21:20,984 - INFO - Fetching event list from https://ponysaurusbrewing.com/events
2026-03-16 06:21:21,445 - INFO - Found 40 event URLs
2026-03-16 06:21:21,445 - INFO - Fetching iCal: https://ponysaurusbrewing.com/events/2026/2/04/musicbingo?format=ical
2026-03-16 06:21:22,306 - INFO - Fetching iCal: https://ponysaurusbrewing.com/events/2026/2/05/ponyrun?format=ical
2026-03-16 06:21:23,047 - INFO - Fetching iCal: https://ponysaurusbrewing.com/events/2026/2/09/trivia?format=ical
2026-03-16 06:21:23,798 - INFO - Fetching iCal: https://ponysaurusbrewing.com/events/2026/2/10/ponyride?format=ical
2026-03-16 06:21:24,539 - INFO - Fetching iCal: https://ponysaurusbrewing.com/events/2026/2/10/tuesday-movie-night?format=ical
2026-03-16 06:21:25,272 - INFO - Fetching iCal: https://ponysaurusbrewing.com/events/2026/2/11/musicbingo?format=ical
2026-03-16 06:21:26,150 - INFO - Fetching iCal: https://ponysaurusbrewing.com/events/2026/2/12/ponyrun?format=ical
2026-03-16 06:21:26,931 - INFO - Fetching iCal: https://ponysaurusbrewing.com/events/2026/2/14/a-wicked-trivia?format=ical
2026-03-16 06:21:27,682 - INFO - Fetching iCal: https://ponysaurusbrewing.com/events/2026/2/16/trivia?format=ical
2026-03-16 06:21:28,618 - INFO - Fetching iCal: https://ponysaurusbrewing.com/events/2026/2/17/pintsandpups?format=ical
2026-03-16 06:21:29,477 - INFO - Fetching iCal: https://ponysaurusbrewing.com/events/2026/2/17/tuesday-movie-night?format=ical
2026-03-16 06:21:30,189 - INFO - Fetching iCal: https://ponysaurusbrewing.com/events/2026/2/18/musicbingo?format=ical
2026-03-16 06:21:30,955 - INFO - Fetching iCal: https://ponysaurusbrewing.com/events/2026/2/19/ponyrun?format=ical
2026-03-16 06:21:31,635 - INFO - Fetching iCal: https://ponysaurusbrewing.com/events/2026/2/22/8th-annual-chili-cook-off?format=ical
2026-03-16 06:21:32,557 - INFO - Fetching iCal: https://ponysaurusbrewing.com/events/2026/2/23/trivia?format=ical
2026-03-16 06:21:33,405 - INFO - Fetching iCal: https://ponysaurusbrewing.com/events/2026/2/24/tuesday-movie-night?format=ical
2026-03-16 06:21:34,128 - INFO - Fetching iCal: https://ponysaurusbrewing.com/events/2026/2/25/musicbingo?format=ical
2026-03-16 06:21:34,794 - INFO - Fetching iCal: https://ponysaurusbrewing.com/events/2026/2/26/ponyrun?format=ical
2026-03-16 06:21:35,490 - INFO - Fetching iCal: https://ponysaurusbrewing.com/events/2026/2/28/grill-out?format=ical
2026-03-16 06:21:36,206 - INFO - Fetching iCal: https://ponysaurusbrewing.com/events/2026/2/5/batteries-and-brews-home-energy-trivia-talk?format=ical
2026-03-16 06:21:36,949 - INFO - Fetching iCal: https://ponysaurusbrewing.com/events/2026/3/02/trivia?format=ical
2026-03-16 06:21:37,613 - INFO - Fetching iCal: https://ponysaurusbrewing.com/events/2026/3/04/musicbingo?format=ical
2026-03-16 06:21:38,374 - INFO - Fetching iCal: https://ponysaurusbrewing.com/events/2026/3/05/ponyrun?format=ical
2026-03-16 06:21:39,150 - INFO - Fetching iCal: https://ponysaurusbrewing.com/events/2026/3/09/trivia?format=ical
2026-03-16 06:21:40,028 - INFO - Fetching iCal: https://ponysaurusbrewing.com/events/2026/3/10/ponyride?format=ical
2026-03-16 06:21:40,720 - INFO - Fetching iCal: https://ponysaurusbrewing.com/events/2026/3/11/musicbingo?format=ical
2026-03-16 06:21:41,429 - INFO - Fetching iCal: https://ponysaurusbrewing.com/events/2026/3/12/ponyrun?format=ical
2026-03-16 06:21:42,142 - INFO - Fetching iCal: https://ponysaurusbrewing.com/events/2026/3/13/st-patricks-day-celebrations?format=ical
2026-03-16 06:21:42,925 - INFO - Fetching iCal: https://ponysaurusbrewing.com/events/2026/3/14/st-patricks-day-celebrations?format=ical
2026-03-16 06:21:43,701 - INFO - Fetching iCal: https://ponysaurusbrewing.com/events/2026/3/15/st-patricks-day-celebrations?format=ical
2026-03-16 06:21:44,379 - INFO - Fetching iCal: https://ponysaurusbrewing.com/events/2026/3/16/trivia?format=ical
2026-03-16 06:21:45,080 - INFO - Fetching iCal: https://ponysaurusbrewing.com/events/2026/3/17/pintsandpups?format=ical
2026-03-16 06:21:45,764 - INFO - Fetching iCal: https://ponysaurusbrewing.com/events/2026/3/18/musicbingo?format=ical
2026-03-16 06:21:46,472 - INFO - Fetching iCal: https://ponysaurusbrewing.com/events/2026/3/19/ponyrun?format=ical
2026-03-16 06:21:47,153 - INFO - Fetching iCal: https://ponysaurusbrewing.com/events/2026/3/23/trivia?format=ical
2026-03-16 06:21:47,880 - INFO - Fetching iCal: https://ponysaurusbrewing.com/events/2026/3/25/musicbingo?format=ical
2026-03-16 06:21:48,576 - INFO - Fetching iCal: https://ponysaurusbrewing.com/events/2026/3/26/ponyrun?format=ical
2026-03-16 06:21:49,293 - INFO - Fetching iCal: https://ponysaurusbrewing.com/events/2026/3/28/grill-out?format=ical
2026-03-16 06:21:49,957 - INFO - Fetching iCal: https://ponysaurusbrewing.com/events/2026/3/30/trivia?format=ical
2026-03-16 06:21:50,673 - INFO - Fetching iCal: https://ponysaurusbrewing.com/events/2026/3/7/grill-out?format=ical
2026-03-16 06:21:51,447 - INFO - Found 40 events
2026-03-16 06:21:51,453 - INFO - Written to cities/raleighdurham/ponysaurus.ics
2026-03-16 06:21:51,583 - INFO - Scraping The Scrap Exchange
2026-03-16 06:21:51,583 - INFO - Fetching event list from https://scrapexchange.org/tsecalendar
2026-03-16 06:21:51,856 - INFO - Found 55 event URLs
2026-03-16 06:21:51,856 - INFO - Fetching iCal: https://scrapexchange.org/tsecalendar/70xzvj1wte3j1319ovu3nl0auo819a?format=ical
2026-03-16 06:21:52,590 - INFO - Fetching iCal: https://scrapexchange.org/tsecalendar/apex-earthfest?format=ical
2026-03-16 06:21:53,335 - INFO - Fetching iCal: https://scrapexchange.org/tsecalendar/art-cart-with-the-scrap-exchange?format=ical
2026-03-16 06:21:54,036 - INFO - Fetching iCal: https://scrapexchange.org/tsecalendar/carrboro-day-2026?format=ical
2026-03-16 06:21:54,796 - INFO - Fetching iCal: https://scrapexchange.org/tsecalendar/closed-mondays-ax8yp?format=ical
2026-03-16 06:21:55,569 - INFO - Fetching iCal: https://scrapexchange.org/tsecalendar/closed-mondays-ax8yp-f5tnk?format=ical
2026-03-16 06:21:56,356 - INFO - Fetching iCal: https://scrapexchange.org/tsecalendar/closed-mondays-ax8yp-f5tnk-l5nrl?format=ical
2026-03-16 06:21:57,071 - INFO - Fetching iCal: https://scrapexchange.org/tsecalendar/closed-mondays-ax8yp-f5tnk-l5nrl-5sbna?format=ical
2026-03-16 06:21:57,732 - INFO - Fetching iCal: https://scrapexchange.org/tsecalendar/closed-mondays-ax8yp-f5tnk-l5nrl-5sbna-5pj54?format=ical
2026-03-16 06:21:58,484 - INFO - Fetching iCal: https://scrapexchange.org/tsecalendar/closed-mondays-ax8yp-f5tnk-l5nrl-5sbna-5pj54-l5det?format=ical
2026-03-16 06:21:59,194 - INFO - Fetching iCal: https://scrapexchange.org/tsecalendar/closed-mondays-ax8yp-f5tnk-l5nrl-5sbna-5pj54-l5det-tly6r?format=ical
2026-03-16 06:21:59,919 - INFO - Fetching iCal: https://scrapexchange.org/tsecalendar/closed-mondays-ax8yp-f5tnk-l5nrl-5sbna-5pj54-l5det-tly6r-rf8jy?format=ical
2026-03-16 06:22:00,635 - INFO - Fetching iCal: https://scrapexchange.org/tsecalendar/closed-mondays-ax8yp-f5tnk-l5nrl-5sbna-5pj54-l5det-tly6r-rf8jy-683rx?format=ical
2026-03-16 06:22:01,385 - INFO - Fetching iCal: https://scrapexchange.org/tsecalendar/closed-mondays-ax8yp-f5tnk-l5nrl-5sbna-5pj54-l5det-tly6r-rf8jy-683rx-czgz4?format=ical
2026-03-16 06:22:02,131 - INFO - Fetching iCal: https://scrapexchange.org/tsecalendar/closed-mondays-ax8yp-f5tnk-l5nrl-5sbna-5pj54-l5det-tly6r-rf8jy-683rx-n6df7?format=ical
2026-03-16 06:22:02,824 - INFO - Fetching iCal: https://scrapexchange.org/tsecalendar/closed-mondays-ax8yp-f5tnk-l5nrl-5sbna-5pj54-l5det-tly6r-rf8jy-683rx-n6df7-megjj?format=ical
2026-03-16 06:22:03,508 - INFO - Fetching iCal: https://scrapexchange.org/tsecalendar/closed-mondays-ax8yp-f5tnk-l5nrl-5sbna-5pj54-l5det-tly6r-rf8jy-683rx-n6df7-megjj-9kf6x?format=ical
2026-03-16 06:22:04,384 - INFO - Fetching iCal: https://scrapexchange.org/tsecalendar/closed-mondays-ax8yp-f5tnk-l5nrl-5sbna-5pj54-l5det-tly6r-rf8jy-683rx-n6df7-megjj-9kf6x-462h9?format=ical
2026-03-16 06:22:05,121 - INFO - Fetching iCal: https://scrapexchange.org/tsecalendar/closed-mondays-ax8yp-f5tnk-l5nrl-5sbna-5pj54-l5det-tly6r-rf8jy-683rx-n6df7-megjj-9kf6x-462h9-la5lh?format=ical
2026-03-16 06:22:05,884 - INFO - Fetching iCal: https://scrapexchange.org/tsecalendar/dp3ywepp68ucezepat4poftrz9ho7c-gzp46-mmrw5?format=ical
2026-03-16 06:22:06,585 - INFO - Fetching iCal: https://scrapexchange.org/tsecalendar/dp3ywepp68ucezepat4poftrz9ho7c-gzp46-mmrw5-e5znl?format=ical
2026-03-16 06:22:07,283 - INFO - Fetching iCal: https://scrapexchange.org/tsecalendar/dp3ywepp68ucezepat4poftrz9ho7c-gzp46-mmrw5-e5znl-ga74c?format=ical
2026-03-16 06:22:08,141 - INFO - Fetching iCal: https://scrapexchange.org/tsecalendar/dp3ywepp68ucezepat4poftrz9ho7c-gzp46-mmrw5-e5znl-s2jyt?format=ical
2026-03-16 06:22:08,827 - INFO - Fetching iCal: https://scrapexchange.org/tsecalendar/dps-sustainability-summit?format=ical
2026-03-16 06:22:09,513 - INFO - Fetching iCal: https://scrapexchange.org/tsecalendar/earth-day-at-fenton?format=ical
2026-03-16 06:22:10,181 - INFO - Fetching iCal: https://scrapexchange.org/tsecalendar/earth-day-at-fenton-r2hm4?format=ical
2026-03-16 06:22:10,900 - INFO - Fetching iCal: https://scrapexchange.org/tsecalendar/garner-eggstravaganza?format=ical
2026-03-16 06:22:11,680 - INFO - Fetching iCal: https://scrapexchange.org/tsecalendar/h68y6llwlsfw8sh7rhgrldf987dwd6?format=ical
2026-03-16 06:22:12,417 - INFO - Fetching iCal: https://scrapexchange.org/tsecalendar/h68y6llwlsfw8sh7rhgrldf987dwd6-srsj5?format=ical
2026-03-16 06:22:13,188 - INFO - Fetching iCal: https://scrapexchange.org/tsecalendar/pimento-cheese-festival-2026?format=ical
2026-03-16 06:22:13,920 - INFO - Fetching iCal: https://scrapexchange.org/tsecalendar/sfm7hs8wzpbsrr6dfng8jl4y5jrjsa-mhd4l-blfz3?format=ical
2026-03-16 06:22:14,612 - INFO - Fetching iCal: https://scrapexchange.org/tsecalendar/sfm7hs8wzpbsrr6dfng8jl4y5jrjsa-mhd4l-blfz3-aksr8?format=ical
2026-03-16 06:22:15,295 - INFO - Fetching iCal: https://scrapexchange.org/tsecalendar/sfm7hs8wzpbsrr6dfng8jl4y5jrjsa-mhd4l-blfz3-aksr8-58ntt?format=ical
2026-03-16 06:22:15,977 - INFO - Fetching iCal: https://scrapexchange.org/tsecalendar/sfm7hs8wzpbsrr6dfng8jl4y5jrjsa-mhd4l-blfz3-aksr8-mnptk?format=ical
2026-03-16 06:22:16,661 - INFO - Fetching iCal: https://scrapexchange.org/tsecalendar/sfm7hs8wzpbsrr6dfng8jl4y5jrjsa-mhd4l-blfz3-aksr8-mnptk-5edhn-frsy5?format=ical
2026-03-16 06:22:17,350 - INFO - Fetching iCal: https://scrapexchange.org/tsecalendar/sfm7hs8wzpbsrr6dfng8jl4y5jrjsa-mhd4l-blfz3-aksr8-mnptk-5edhn-frsy5-nrhlp?format=ical
2026-03-16 06:22:18,081 - INFO - Fetching iCal: https://scrapexchange.org/tsecalendar/sfm7hs8wzpbsrr6dfng8jl4y5jrjsa-mhd4l-blfz3-aksr8-mnptk-5edhn-frsy5-nrhlp-2kzp5?format=ical
2026-03-16 06:22:18,755 - INFO - Fetching iCal: https://scrapexchange.org/tsecalendar/sfm7hs8wzpbsrr6dfng8jl4y5jrjsa-mhd4l-blfz3-aksr8-mnptk-5edhn-frsy5-sglyy?format=ical
2026-03-16 06:22:19,490 - INFO - Fetching iCal: https://scrapexchange.org/tsecalendar/sfm7hs8wzpbsrr6dfng8jl4y5jrjsa-mhd4l-blfz3-aksr8-mnptk-5edhn-frsy5-sglyy-7r7gt?format=ical
2026-03-16 06:22:20,250 - INFO - Fetching iCal: https://scrapexchange.org/tsecalendar/sfm7hs8wzpbsrr6dfng8jl4y5jrjsa-mhd4l-blfz3-aksr8-mnptk-5edhn-frsy5-sglyy-7r7gt-38fna?format=ical
2026-03-16 06:22:20,973 - INFO - Fetching iCal: https://scrapexchange.org/tsecalendar/sfm7hs8wzpbsrr6dfng8jl4y5jrjsa-mhd4l-blfz3-aksr8-mnptk-5edhn-frsy5-sglyy-7r7gt-38fna-a3t4j?format=ical
2026-03-16 06:22:21,692 - INFO - Fetching iCal: https://scrapexchange.org/tsecalendar/sfm7hs8wzpbsrr6dfng8jl4y5jrjsa-mhd4l-blfz3-aksr8-mnptk-5edhn-frsy5-sglyy-7r7gt-38fna-fc3ea?format=ical
2026-03-16 06:22:22,362 - INFO - Fetching iCal: https://scrapexchange.org/tsecalendar/sfm7hs8wzpbsrr6dfng8jl4y5jrjsa-mhd4l-blfz3-aksr8-mnptk-5edhn-frsy5-sglyy-7r7gt-38fna-fc3ea-erfeb?format=ical
2026-03-16 06:22:23,152 - INFO - Fetching iCal: https://scrapexchange.org/tsecalendar/sfm7hs8wzpbsrr6dfng8jl4y5jrjsa-mhd4l-blfz3-aksr8-mnptk-5edhn-frsy5-sglyy-7r7gt-38fna-fc3ea-n6wff?format=ical
2026-03-16 06:22:23,892 - INFO - Fetching iCal: https://scrapexchange.org/tsecalendar/sfm7hs8wzpbsrr6dfng8jl4y5jrjsa-mhd4l-blfz3-aksr8-mnptk-5edhn-frsy5-sglyy-7r7gt-38fna-fc3ea-n6wff-hdz6y?format=ical
2026-03-16 06:22:24,601 - INFO - Fetching iCal: https://scrapexchange.org/tsecalendar/sfm7hs8wzpbsrr6dfng8jl4y5jrjsa-mhd4l-blfz3-aksr8-mnptk-5edhn-frsy5-sglyy-7r7gt-38fna-fc3ea-n6wff-hdz6y-9wm5y?format=ical
2026-03-16 06:22:25,267 - INFO - Fetching iCal: https://scrapexchange.org/tsecalendar/sfm7hs8wzpbsrr6dfng8jl4y5jrjsa-mhd4l-blfz3-aksr8-mnptk-5edhn-frsy5-sglyy-7r7gt-38fna-fc3ea-n6wff-hdz6y-xalmc?format=ical
2026-03-16 06:22:25,972 - INFO - Fetching iCal: https://scrapexchange.org/tsecalendar/sfm7hs8wzpbsrr6dfng8jl4y5jrjsa-mhd4l-blfz3-aksr8-mnptk-5edhn-frsy5-sglyy-7r7gt-38fna-fc3ea-n6wff-hdz6y-xalmc-eg38w?format=ical
2026-03-16 06:22:26,689 - INFO - Fetching iCal: https://scrapexchange.org/tsecalendar/sfm7hs8wzpbsrr6dfng8jl4y5jrjsa-mhd4l-blfz3-aksr8-mnptk-5edhn-frsy5-sglyy-7r7gt-38fna-fc3ea-n6wff-tw3wa?format=ical
2026-03-16 06:22:27,416 - INFO - Fetching iCal: https://scrapexchange.org/tsecalendar/sfm7hs8wzpbsrr6dfng8jl4y5jrjsa-mhd4l-blfz3-aksr8-mnptk-5edhn-frsy5-sglyy-7r7gt-sr72c?format=ical
2026-03-16 06:22:28,111 - INFO - Fetching iCal: https://scrapexchange.org/tsecalendar/sfm7hs8wzpbsrr6dfng8jl4y5jrjsa-mhd4l-blfz3-aksr8-mnptk-5edhn-frsy5-sglyy-jr8f4?format=ical
2026-03-16 06:22:28,797 - INFO - Fetching iCal: https://scrapexchange.org/tsecalendar/sfm7hs8wzpbsrr6dfng8jl4y5jrjsa-mhd4l-blfz3-aksr8-mnptk-m2mr6?format=ical
2026-03-16 06:22:29,493 - INFO - Fetching iCal: https://scrapexchange.org/tsecalendar/sfm7hs8wzpbsrr6dfng8jl4y5jrjsa-mhd4l-blfz3-tjxg6?format=ical
2026-03-16 06:22:30,330 - INFO - Fetching iCal: https://scrapexchange.org/tsecalendar/triangle-land-conservancy-wild-ideas?format=ical
2026-03-16 06:22:31,044 - INFO - Fetching iCal: https://scrapexchange.org/tsecalendar/tse-everyday-is-earth-day?format=ical
2026-03-16 06:22:31,741 - INFO - Found 55 events
2026-03-16 06:22:31,748 - INFO - Written to cities/raleighdurham/scrap_exchange.ics
2026-03-16 06:22:31,880 - INFO - Scraping Keep Durham Beautiful
2026-03-16 06:22:31,880 - INFO - Fetching event list from https://keepdurhambeautiful.org/events
2026-03-16 06:22:32,242 - INFO - Found 42 event URLs
2026-03-16 06:22:32,242 - INFO - Fetching iCal: https://keepdurhambeautiful.org/events/2025/cornwallis-ipr-dec?format=ical
2026-03-16 06:22:32,952 - INFO - Fetching iCal: https://keepdurhambeautiful.org/events/2025/duke-cigarette-litter?format=ical
2026-03-16 06:22:33,738 - INFO - Fetching iCal: https://keepdurhambeautiful.org/events/2025/fayetteville-st-cleanup?format=ical
2026-03-16 06:22:34,495 - INFO - Fetching iCal: https://keepdurhambeautiful.org/events/2025/forest-hills-ipr-fri?format=ical
2026-03-16 06:22:35,224 - INFO - Fetching iCal: https://keepdurhambeautiful.org/events/2025/forest-hills-ipr-sat?format=ical
2026-03-16 06:22:35,947 - INFO - Fetching iCal: https://keepdurhambeautiful.org/events/2025/hayti-cleanup?format=ical
2026-03-16 06:22:36,654 - INFO - Fetching iCal: https://keepdurhambeautiful.org/events/2025/holiday-social?format=ical
2026-03-16 06:22:37,374 - INFO - Fetching iCal: https://keepdurhambeautiful.org/events/2025/lyon-park-fri?format=ical
2026-03-16 06:22:38,104 - INFO - Fetching iCal: https://keepdurhambeautiful.org/events/2025/lyon-park-sat?format=ical
2026-03-16 06:22:38,790 - INFO - Fetching iCal: https://keepdurhambeautiful.org/events/2025/mlk-cook-archdale-nov-wzf5e?format=ical
2026-03-16 06:22:39,486 - INFO - Fetching iCal: https://keepdurhambeautiful.org/events/2026/3/7/playground-renovation-growing-legacy-early-learning-center?format=ical
2026-03-16 06:22:40,201 - INFO - Fetching iCal: https://keepdurhambeautiful.org/events/2026/cheek-rd-cleanup?format=ical
2026-03-16 06:22:40,879 - INFO - Fetching iCal: https://keepdurhambeautiful.org/events/2026/cr-wood-ipr-1?format=ical
2026-03-16 06:22:41,605 - INFO - Fetching iCal: https://keepdurhambeautiful.org/events/2026/cr-wood-ipr-2?format=ical
2026-03-16 06:22:42,475 - INFO - Fetching iCal: https://keepdurhambeautiful.org/events/2026/durham-memorial-stadium-planting?format=ical
2026-03-16 06:22:43,203 - INFO - Fetching iCal: https://keepdurhambeautiful.org/events/2026/elmira-ave-ipr?format=ical
2026-03-16 06:22:43,966 - INFO - Fetching iCal: https://keepdurhambeautiful.org/events/2026/elmira-ave-ipr-3?format=ical
2026-03-16 06:22:44,705 - INFO - Fetching iCal: https://keepdurhambeautiful.org/events/2026/elmira-ave-ipr-lc4mg?format=ical
2026-03-16 06:22:45,368 - INFO - Fetching iCal: https://keepdurhambeautiful.org/events/2026/erwin-mills-bulbs?format=ical
2026-03-16 06:22:46,086 - INFO - Fetching iCal: https://keepdurhambeautiful.org/events/2026/glendale-heights-ipr?format=ical
2026-03-16 06:22:46,798 - INFO - Fetching iCal: https://keepdurhambeautiful.org/events/2026/glendale-heights-ipr-2?format=ical
2026-03-16 06:22:47,544 - INFO - Fetching iCal: https://keepdurhambeautiful.org/events/2026/greatest-american-cleanup?format=ical
2026-03-16 06:22:48,207 - INFO - Fetching iCal: https://keepdurhambeautiful.org/events/2026/mcmannen-spring-planting?format=ical
2026-03-16 06:22:48,905 - INFO - Fetching iCal: https://keepdurhambeautiful.org/events/2026/mlk-cook-archdale-jan?format=ical
2026-03-16 06:22:50,052 - INFO - Fetching iCal: https://keepdurhambeautiful.org/events/2026/mlk-day-of-service?format=ical
2026-03-16 06:22:50,747 - INFO - Fetching iCal: https://keepdurhambeautiful.org/events/2026/mlk-pkwy-feb?format=ical
2026-03-16 06:22:51,437 - INFO - Fetching iCal: https://keepdurhambeautiful.org/events/2026/mlk-pkwy-mar?format=ical
2026-03-16 06:22:52,145 - INFO - Fetching iCal: https://keepdurhambeautiful.org/events/2026/riddle-road-cleanup?format=ical
2026-03-16 06:22:52,868 - INFO - Fetching iCal: https://keepdurhambeautiful.org/events/2026/scrap-earth-day?format=ical
2026-03-16 06:22:53,532 - INFO - Fetching iCal: https://keepdurhambeautiful.org/events/2026/shepard-bct-jan?format=ical
2026-03-16 06:22:54,247 - INFO - Fetching iCal: https://keepdurhambeautiful.org/events/2026/spring-litter-leader-training?format=ical
2026-03-16 06:22:54,971 - INFO - Fetching iCal: https://keepdurhambeautiful.org/events/2026/third-fork-ipr-1?format=ical
2026-03-16 06:22:55,669 - INFO - Fetching iCal: https://keepdurhambeautiful.org/events/2026/third-fork-ipr-2?format=ical
2026-03-16 06:22:56,386 - INFO - Fetching iCal: https://keepdurhambeautiful.org/events/2026/third-fork-march?format=ical
2026-03-16 06:22:57,108 - INFO - Fetching iCal: https://keepdurhambeautiful.org/events/2026/tree-planting-northern?format=ical
2026-03-16 06:22:57,914 - INFO - Fetching iCal: https://keepdurhambeautiful.org/events/2026/west-point-jan?format=ical
2026-03-16 06:22:58,612 - INFO - Fetching iCal: https://keepdurhambeautiful.org/events/2026/winter-litter-leader-training?format=ical
2026-03-16 06:22:59,277 - INFO - Fetching iCal: https://keepdurhambeautiful.org/events/2026/wrightwood-park-feb?format=ical
2026-03-16 06:23:00,013 - INFO - Fetching iCal: https://keepdurhambeautiful.org/events/2026/wrightwood-park-jan?format=ical
2026-03-16 06:23:00,678 - INFO - Fetching iCal: https://keepdurhambeautiful.org/events/2026/wrightwood-park-mar?format=ical
2026-03-16 06:23:01,398 - INFO - Fetching iCal: https://keepdurhambeautiful.org/events/creek-week-2026?format=ical
2026-03-16 06:23:02,139 - INFO - Fetching iCal: https://keepdurhambeautiful.org/events/tree-keeper-pruning-workshop-fall-2025-wm57l?format=ical
2026-03-16 06:23:02,830 - INFO - Found 42 events
2026-03-16 06:23:02,836 - INFO - Written to cities/raleighdurham/keep_durham_beautiful.ics
2026-03-16 06:23:02,966 - INFO - Scraping Haw River Assembly
2026-03-16 06:23:02,966 - INFO - Fetching event list from https://hawriver.org/events
2026-03-16 06:23:03,360 - INFO - Found 51 event URLs
2026-03-16 06:23:03,360 - INFO - Fetching iCal: https://hawriver.org/events/-stream-restoration-event-saturday-march-14-in-bynum-?format=ical
2026-03-16 06:23:04,126 - INFO - Fetching iCal: https://hawriver.org/events/2025-haw-hike-history-fundraiser?format=ical
2026-03-16 06:23:04,828 - INFO - Fetching iCal: https://hawriver.org/events/2025-hawesome-series-c5h35?format=ical
2026-03-16 06:23:05,617 - INFO - Fetching iCal: https://hawriver.org/events/2025-hawesome-series-syrgj?format=ical
2026-03-16 06:23:06,415 - INFO - Fetching iCal: https://hawriver.org/events/241xn2oate1gig55ha0z4oh0symxbq?format=ical
2026-03-16 06:23:07,157 - INFO - Fetching iCal: https://hawriver.org/events/36th-haw-river-clean-up-a-thon?format=ical
2026-03-16 06:23:07,848 - INFO - Fetching iCal: https://hawriver.org/events/5th-annual-haw-river-island-ramble?format=ical
2026-03-16 06:23:08,549 - INFO - Fetching iCal: https://hawriver.org/events/advocacy-training?format=ical
2026-03-16 06:23:09,293 - INFO - Fetching iCal: https://hawriver.org/events/ahuntc5m93mtvpv93ryhsd1a4d5zqw?format=ical
2026-03-16 06:23:10,081 - INFO - Fetching iCal: https://hawriver.org/events/chatham-state-of-the-haw-presentation?format=ical
2026-03-16 06:23:10,827 - INFO - Fetching iCal: https://hawriver.org/events/clean-jordan-lake-event-clean-up?format=ical
2026-03-16 06:23:11,584 - INFO - Fetching iCal: https://hawriver.org/events/climate-film-panel?format=ical
2026-03-16 06:23:12,338 - INFO - Fetching iCal: https://hawriver.org/events/connected-currents-a-creek-week-panel-discussion-on-upstream-and-downstream-water-quality?format=ical
2026-03-16 06:23:13,083 - INFO - Fetching iCal: https://hawriver.org/events/december-advocacy-training?format=ical
2026-03-16 06:23:13,771 - INFO - Fetching iCal: https://hawriver.org/events/december-advocacy-training-t339c?format=ical
2026-03-16 06:23:14,518 - INFO - Fetching iCal: https://hawriver.org/events/h4jypz7wt6y56mdstgkjt5msma7ef6?format=ical
2026-03-16 06:23:15,190 - INFO - Fetching iCal: https://hawriver.org/events/haw-river-assembly-annual-membership-gathering?format=ical
2026-03-16 06:23:15,911 - INFO - Fetching iCal: https://hawriver.org/events/haw-river-festival?format=ical
2026-03-16 06:23:16,599 - INFO - Fetching iCal: https://hawriver.org/events/hra-at-tree-museum?format=ical
2026-03-16 06:23:17,297 - INFO - Fetching iCal: https://hawriver.org/events/hra-birthday-bash-open-house-event?format=ical
2026-03-16 06:23:18,018 - INFO - Fetching iCal: https://hawriver.org/events/i3rnqsnpkzz86fvdwvfcgsjxvvgotv?format=ical
2026-03-16 06:23:18,738 - INFO - Fetching iCal: https://hawriver.org/events/lobby-day-with-hra-1?format=ical
2026-03-16 06:23:19,402 - INFO - Fetching iCal: https://hawriver.org/events/new-year-hike-cane-creek?format=ical
2026-03-16 06:23:20,089 - INFO - Fetching iCal: https://hawriver.org/events/october-paddle?format=ical
2026-03-16 06:23:20,937 - INFO - Fetching iCal: https://hawriver.org/events/qvjvz4b9pkl22shqvhn0702kjyubj0?format=ical
2026-03-16 06:23:21,645 - INFO - Fetching iCal: https://hawriver.org/events/r7xo6r3hzmyrm5hzkmoeizupjf6o54?format=ical
2026-03-16 06:23:22,310 - INFO - Fetching iCal: https://hawriver.org/events/river-watch-training-wgg6r-59394?format=ical
2026-03-16 06:23:23,007 - INFO - Fetching iCal: https://hawriver.org/events/river-watch-training-wgg6r-59394-4ff56?format=ical
2026-03-16 06:23:23,919 - INFO - Fetching iCal: https://hawriver.org/events/river-watch-training-wgg6r-59394-4ff56-j5ya9?format=ical
2026-03-16 06:23:24,611 - INFO - Fetching iCal: https://hawriver.org/events/river-watch-training-wgg6r-59394-4ff56-j5ya9-pc5pw?format=ical
2026-03-16 06:23:25,346 - INFO - Fetching iCal: https://hawriver.org/events/robeson-greenway-clean-up?format=ical
2026-03-16 06:23:26,012 - INFO - Fetching iCal: https://hawriver.org/events/saturdays-on-the-haw-group-paddle?format=ical
2026-03-16 06:23:26,703 - INFO - Fetching iCal: https://hawriver.org/events/state-of-the-haw-greensboro?format=ical
2026-03-16 06:23:27,440 - INFO - Fetching iCal: https://hawriver.org/events/state-of-the-haw-greensboro-ca57p?format=ical
2026-03-16 06:23:28,132 - INFO - Fetching iCal: https://hawriver.org/events/stream-splashers-4?format=ical
2026-03-16 06:23:28,795 - INFO - Fetching iCal: https://hawriver.org/events/stream-splashers-5?format=ical
2026-03-16 06:23:29,486 - INFO - Fetching iCal: https://hawriver.org/events/sun-day-triad-event?format=ical
2026-03-16 06:23:30,257 - INFO - Fetching iCal: https://hawriver.org/events/trash-trap-clean-out-1?format=ical
2026-03-16 06:23:30,917 - INFO - Fetching iCal: https://hawriver.org/events/trash-trap-clean-out-1-k2sdb?format=ical
2026-03-16 06:23:31,695 - INFO - Fetching iCal: https://hawriver.org/events/trash-trap-clean-out-1-k2sdb-s3c5z?format=ical
2026-03-16 06:23:32,413 - INFO - Fetching iCal: https://hawriver.org/events/trash-trap-clean-out-1-k2sdb-s3c5z-xz5es?format=ical
2026-03-16 06:23:33,095 - INFO - Fetching iCal: https://hawriver.org/events/trash-trap-clean-out-1-k2sdb-s3c5z-xz5es-2bcc4?format=ical
2026-03-16 06:23:33,760 - INFO - Fetching iCal: https://hawriver.org/events/trash-trap-clean-out-1-k2sdb-s3c5z-xz5es-2bcc4-bmh68?format=ical
2026-03-16 06:23:34,447 - INFO - Fetching iCal: https://hawriver.org/events/trash-trap-clean-out-1-k2sdb-s3c5z-xz5es-2bcc4-bmh68-6xpg6?format=ical
2026-03-16 06:23:35,141 - INFO - Fetching iCal: https://hawriver.org/events/trash-trap-clean-out-dr97d-62e7w-ctlpm-3afpc-kjwlf-5kkcr?format=ical
2026-03-16 06:23:35,827 - INFO - Fetching iCal: https://hawriver.org/events/trash-trap-clean-out-dr97d-62e7w-ctlpm-3afpc-kjwlf-5kkcr-c8yhy?format=ical
2026-03-16 06:23:36,489 - INFO - Fetching iCal: https://hawriver.org/events/trash-trap-clean-out-dr97d-62e7w-ctlpm-3afpc-kjwlf-5kkcr-c8yhy-9px7j?format=ical
2026-03-16 06:23:37,189 - INFO - Fetching iCal: https://hawriver.org/events/trash-trap-clean-out-dr97d-62e7w-ctlpm-3afpc-kjwlf-5kkcr-c8yhy-9px7j-tg44c?format=ical
2026-03-16 06:23:37,850 - INFO - Fetching iCal: https://hawriver.org/events/trash-trap-clean-out-dr97d-62e7w-ctlpm-3afpc-kjwlf-5kkcr-c8yhy-yfj4r?format=ical
2026-03-16 06:23:38,644 - INFO - Fetching iCal: https://hawriver.org/events/virtual-muddy-water-watch-training?format=ical
2026-03-16 06:23:39,352 - INFO - Fetching iCal: https://hawriver.org/events/wugw1ei6b83fn3uya5dcvf39udmge1?format=ical
2026-03-16 06:23:40,038 - INFO - Filtered 12 events beyond 2 months out
2026-03-16 06:23:40,038 - INFO - Found 39 events
2026-03-16 06:23:40,043 - INFO - Written to cities/raleighdurham/haw_river_assembly.ics
2026-03-16 06:23:40,175 - INFO - Scraping Cat's Cradle
2026-03-16 06:23:40,175 - INFO - Fetching RSS: https://catscradle.com/events/feed/
2026-03-16 06:23:41,392 - INFO - RSS entries: 114
2026-03-16 06:23:41,393 - INFO - Unique entries: 114
2026-03-16 06:23:41,393 - INFO - Fetching 114 detail pages (parallel)...
2026-03-16 06:23:57,505 - INFO - Fetched 114 events from detail pages
2026-03-16 06:23:57,506 - INFO - Filtered 33 events beyond 2 months out
2026-03-16 06:23:57,506 - INFO - Found 81 events
2026-03-16 06:23:57,516 - INFO - Written to cities/raleighdurham/catscradle.ics
2026-03-16 06:23:57,647 - MotorcoScraper - INFO - Scraping Motorco Music Hall
2026-03-16 06:23:57,647 - MotorcoScraper - INFO - Fetching https://motorcomusic.com/calendar/
2026-03-16 06:23:58,531 - MotorcoScraper - INFO - Found 166 raw events in FullCalendar data
2026-03-16 06:23:58,534 - MotorcoScraper - INFO - Filtered 9 events beyond 2 months out
2026-03-16 06:23:58,534 - MotorcoScraper - INFO - Found 35 events
2026-03-16 06:23:58,539 - MotorcoScraper - INFO - Written to cities/raleighdurham/motorco.ics
2026-03-16 06:23:58,733 - CarolinaTheatreScraper - INFO - Scraping Carolina Theatre
2026-03-16 06:23:58,733 - CarolinaTheatreScraper - INFO - Fetching page 1: https://carolinatheatre.org/wp-admin/admin-ajax.php?action=event_filter&events=all&paged=1
2026-03-16 06:23:58,891 - CarolinaTheatreScraper - INFO - Found 0 events
2026-03-16 06:23:58,892 - CarolinaTheatreScraper - INFO - Written to cities/raleighdurham/carolina_theatre.ics
2026-03-16 06:23:59,029 - CarolinaPerformingArtsScraper - INFO - Scraping Carolina Performing Arts
2026-03-16 06:23:59,029 - CarolinaPerformingArtsScraper - INFO - Fetching https://carolinaperformingarts.org/wp-json/cpa/v1/performances/ (start=2026-03-16, end=2026-05-17)
2026-03-16 06:23:59,891 - CarolinaPerformingArtsScraper - INFO - API returned 14 events
2026-03-16 06:23:59,892 - CarolinaPerformingArtsScraper - INFO - Found 14 events
2026-03-16 06:23:59,895 - CarolinaPerformingArtsScraper - INFO - Written to cities/raleighdurham/carolina_performing_arts.ics
2026-03-16 06:24:00,090 - DukeArtsScraper - INFO - Scraping Duke Arts
2026-03-16 06:24:00,090 - DukeArtsScraper - INFO - Fetching https://arts.duke.edu/events/
2026-03-16 06:24:02,031 - DukeArtsScraper - INFO - Found 85 event articles
2026-03-16 06:24:02,051 - DukeArtsScraper - INFO - Found 85 events
2026-03-16 06:24:02,066 - DukeArtsScraper - INFO - Written to cities/raleighdurham/duke_arts.ics
2026-03-16 06:24:02,270 - RaleighLittleTheatreScraper - INFO - Scraping Raleigh Little Theatre
2026-03-16 06:24:02,270 - RaleighLittleTheatreScraper - INFO - Fetching https://raleighlittletheatre.org/shows-and-events/
2026-03-16 06:24:02,672 - RaleighLittleTheatreScraper - INFO - Found 4 current/upcoming shows
2026-03-16 06:24:02,672 - RaleighLittleTheatreScraper - INFO - Scraping show: 1776 (https://raleighlittletheatre.org/shows/1776/)
2026-03-16 06:24:02,948 - RaleighLittleTheatreScraper - INFO -   1776: 13 performances
2026-03-16 06:24:02,948 - RaleighLittleTheatreScraper - INFO - Scraping show: The Hobbit (https://raleighlittletheatre.org/shows/the-hobbit/)
2026-03-16 06:24:03,192 - RaleighLittleTheatreScraper - INFO -   The Hobbit: 8 performances
2026-03-16 06:24:03,192 - RaleighLittleTheatreScraper - INFO - Scraping show: Dinosaur! (TVY) (https://raleighlittletheatre.org/shows/dinosaur/)
2026-03-16 06:24:03,439 - RaleighLittleTheatreScraper - INFO -   Dinosaur! (TVY): 20 performances
2026-03-16 06:24:03,439 - RaleighLittleTheatreScraper - INFO - Scraping show: School of Rock (https://raleighlittletheatre.org/shows/school-of-rock/)
2026-03-16 06:24:03,691 - RaleighLittleTheatreScraper - INFO -   School of Rock: 13 performances
2026-03-16 06:24:03,691 - RaleighLittleTheatreScraper - INFO - Filtered 33 events beyond 2 months out
2026-03-16 06:24:03,691 - RaleighLittleTheatreScraper - INFO - Found 21 events
2026-03-16 06:24:03,695 - RaleighLittleTheatreScraper - INFO - Written to cities/raleighdurham/raleigh_little_theatre.ics
Error: --api-key or TICKETMASTER_API_KEY env var required
Error: --api-key or TICKETMASTER_API_KEY env var required
2026-03-16 06:26:03,580 - INFO - Processing meetup_adventures.ics...
2026-03-16 06:26:03,581 - INFO -   Fetching image for: https://www.meetup.com/adventures/events/313741860/
2026-03-16 06:26:04,832 - INFO -     -> https://secure.meetupstatic.com/photos/event/b/2/b/6/600_466785750.jpeg
2026-03-16 06:26:04,832 - INFO -   Fetching image for: https://www.meetup.com/adventures/events/313192721/
2026-03-16 06:26:05,684 - INFO -     -> https://secure.meetupstatic.com/photos/event/c/0/8/0/600_532789280.jpeg
2026-03-16 06:26:05,685 - INFO - meetup_adventures.ics: added 2 image(s)
2026-03-16 06:26:05,685 - INFO - Processing meetup_all_things_ai.ics...
2026-03-16 06:26:05,685 - INFO -   Fetching image for: https://www.meetup.com/all-things-ai-live/events/313557207/
2026-03-16 06:26:07,252 - INFO -     -> https://secure.meetupstatic.com/photos/event/5/7/8/7/600_532942407.jpeg
2026-03-16 06:26:07,252 - INFO -   Fetching image for: https://www.meetup.com/all-things-ai-live/events/313538303/
2026-03-16 06:26:08,036 - INFO -     -> https://secure.meetupstatic.com/photos/event/1/5/6/e/600_532925486.jpeg
2026-03-16 06:26:08,036 - INFO -   Fetching image for: https://www.meetup.com/all-things-ai-live/events/310492667/
2026-03-16 06:26:09,400 - INFO -     -> https://secure.meetupstatic.com/photos/event/4/4/0/8/600_532337416.jpeg
2026-03-16 06:26:09,401 - INFO -   Fetching image for: https://www.meetup.com/all-things-ai-live/events/312972559/
2026-03-16 06:26:10,222 - INFO -     -> https://secure.meetupstatic.com/photos/event/6/c/1/c/600_532347676.jpeg
2026-03-16 06:26:10,222 - INFO -   Fetching image for: https://www.meetup.com/all-things-ai-live/events/312972607/
2026-03-16 06:26:11,159 - INFO -     -> https://secure.meetupstatic.com/photos/event/6/c/8/d/600_532347789.jpeg
2026-03-16 06:26:11,159 - INFO -   Fetching image for: https://www.meetup.com/all-things-ai-live/events/312972708/
2026-03-16 06:26:11,957 - INFO -     -> https://secure.meetupstatic.com/photos/event/6/c/b/2/600_532347826.jpeg
2026-03-16 06:26:11,957 - INFO -   Fetching image for: https://www.meetup.com/all-things-ai-live/events/313558729/
2026-03-16 06:26:12,743 - INFO -     -> https://secure.meetupstatic.com/photos/event/5/e/8/c/600_532944204.jpeg
2026-03-16 06:26:12,744 - INFO -   Fetching image for: https://www.meetup.com/all-things-ai-live/events/313559169/
2026-03-16 06:26:13,580 - INFO -     -> https://secure.meetupstatic.com/photos/event/5/e/8/c/600_532944204.jpeg
2026-03-16 06:26:13,580 - INFO - meetup_all_things_ai.ics: added 8 image(s)
2026-03-16 06:26:13,580 - INFO - Processing meetup_all_things_open_rtp_meetup.ics...
2026-03-16 06:26:13,581 - INFO -   Fetching image for: https://www.meetup.com/all-things-open-rtp-meetup/events/313271067/
2026-03-16 06:26:14,368 - INFO -     -> https://secure.meetupstatic.com/photos/event/7/a/2/d/600_532651277.jpeg
2026-03-16 06:26:14,369 - INFO - meetup_all_things_open_rtp_meetup.ics: added 1 image(s)
2026-03-16 06:26:14,369 - INFO - Processing meetup_blacks_in_tech_bit_rdu_durham_raleigh_meetup.ics...
2026-03-16 06:26:14,369 - INFO - meetup_blacks_in_tech_bit_rdu_durham_raleigh_meetup.ics: no new images
2026-03-16 06:26:14,369 - INFO - Processing meetup_chad2015.ics...
2026-03-16 06:26:14,369 - INFO -   Fetching image for: https://www.meetup.com/chad2015/events/313565711/
2026-03-16 06:26:15,129 - INFO -     -> https://secure.meetupstatic.com/photos/event/5/e/b/9/600_521544249.jpeg
2026-03-16 06:26:15,129 - INFO -   Fetching image for: https://www.meetup.com/chad2015/events/313681159/
2026-03-16 06:26:15,877 - INFO -     -> https://secure.meetupstatic.com/photos/event/5/e/b/9/600_521544249.jpeg
2026-03-16 06:26:15,877 - INFO -   Fetching image for: https://www.meetup.com/chad2015/events/313673857/
2026-03-16 06:26:16,667 - INFO -     -> https://secure.meetupstatic.com/photos/event/5/e/b/9/600_521544249.jpeg
2026-03-16 06:26:16,667 - INFO -   Fetching image for: https://www.meetup.com/chad2015/events/lwtjwtyjcgbdb/
2026-03-16 06:26:17,459 - INFO -     -> https://secure.meetupstatic.com/photos/event/5/e/b/9/600_521544249.jpeg
2026-03-16 06:26:17,459 - INFO -   Fetching image for: https://www.meetup.com/chad2015/events/lwtjwtyjcgbmb/
2026-03-16 06:26:19,177 - INFO -     -> https://secure.meetupstatic.com/photos/event/5/e/b/9/600_521544249.jpeg
2026-03-16 06:26:19,177 - INFO -   Fetching image for: https://www.meetup.com/chad2015/events/lwtjwtyjcgbvb/
2026-03-16 06:26:20,168 - INFO -     -> https://secure.meetupstatic.com/photos/event/5/e/b/9/600_521544249.jpeg
2026-03-16 06:26:20,168 - INFO -   Fetching image for: https://www.meetup.com/chad2015/events/lwtjwtyjcgbfc/
2026-03-16 06:26:20,950 - INFO -     -> https://secure.meetupstatic.com/photos/event/5/e/b/9/600_521544249.jpeg
2026-03-16 06:26:20,950 - INFO -   Fetching image for: https://www.meetup.com/chad2015/events/lwtjwtyjcgbnc/
2026-03-16 06:26:21,712 - INFO -     -> https://secure.meetupstatic.com/photos/event/5/e/b/9/600_521544249.jpeg
2026-03-16 06:26:21,712 - INFO -   Fetching image for: https://www.meetup.com/chad2015/events/lwtjwtyjchbkb/
2026-03-16 06:26:22,564 - INFO -     -> https://secure.meetupstatic.com/photos/event/5/e/b/9/600_521544249.jpeg
2026-03-16 06:26:22,565 - INFO -   Fetching image for: https://www.meetup.com/chad2015/events/lwtjwtyjchbsb/
2026-03-16 06:26:23,439 - INFO -     -> https://secure.meetupstatic.com/photos/event/5/e/b/9/600_521544249.jpeg
2026-03-16 06:26:23,440 - INFO - meetup_chad2015.ics: added 10 image(s)
2026-03-16 06:26:23,440 - INFO - Processing meetup_chicktech_rdu.ics...
2026-03-16 06:26:23,440 - INFO - meetup_chicktech_rdu.ics: no new images
2026-03-16 06:26:23,440 - INFO - Processing meetup_code_for_america.ics...
2026-03-16 06:26:23,441 - INFO -   Fetching image for: https://www.meetup.com/code-with-the-carolinas-triangle/events/313497995/
2026-03-16 06:26:24,227 - INFO -     -> https://secure.meetupstatic.com/photos/event/7/4/5/1/600_532889777.jpeg
2026-03-16 06:26:24,227 - INFO -   Fetching image for: https://www.meetup.com/code-with-the-carolinas-triangle/events/312752996/
2026-03-16 06:26:25,043 - INFO -     -> https://secure.meetupstatic.com/photos/event/e/6/0/8/600_523498888.jpeg
2026-03-16 06:26:25,043 - INFO -   Fetching image for: https://www.meetup.com/code-with-the-carolinas-triangle/events/313497997/
2026-03-16 06:26:25,814 - INFO -     -> https://secure.meetupstatic.com/photos/event/7/4/5/1/600_532889777.jpeg
2026-03-16 06:26:25,814 - INFO -   Fetching image for: https://www.meetup.com/code-with-the-carolinas-triangle/events/312753003/
2026-03-16 06:26:26,640 - INFO -     -> https://secure.meetupstatic.com/photos/event/e/6/0/8/600_523498888.jpeg
2026-03-16 06:26:26,640 - INFO -   Fetching image for: https://www.meetup.com/code-with-the-carolinas-triangle/events/knpnvtyjcgblb/
2026-03-16 06:26:27,449 - INFO -     -> https://secure.meetupstatic.com/photos/event/6/6/7/b/600_518306235.jpeg
2026-03-16 06:26:27,449 - INFO -   Fetching image for: https://www.meetup.com/code-with-the-carolinas-triangle/events/313497998/
2026-03-16 06:26:28,239 - INFO -     -> https://secure.meetupstatic.com/photos/event/7/4/5/1/600_532889777.jpeg
2026-03-16 06:26:28,239 - INFO -   Fetching image for: https://www.meetup.com/code-with-the-carolinas-triangle/events/312753017/
2026-03-16 06:26:29,119 - INFO -     -> https://secure.meetupstatic.com/photos/event/e/6/0/8/600_523498888.jpeg
2026-03-16 06:26:29,119 - INFO -   Fetching image for: https://www.meetup.com/code-with-the-carolinas-triangle/events/313497999/
2026-03-16 06:26:29,918 - INFO -     -> https://secure.meetupstatic.com/photos/event/7/4/5/1/600_532889777.jpeg
2026-03-16 06:26:29,918 - INFO -   Fetching image for: https://www.meetup.com/code-with-the-carolinas-triangle/events/qqfkttyjchbgb/
2026-03-16 06:26:30,953 - INFO -     -> https://secure.meetupstatic.com/photos/event/e/6/0/8/600_523498888.jpeg
2026-03-16 06:26:30,953 - INFO -   Fetching image for: https://www.meetup.com/code-with-the-carolinas-triangle/events/knpnvtyjchbrb/
2026-03-16 06:26:31,766 - INFO -     -> https://secure.meetupstatic.com/photos/event/6/6/7/b/600_518306235.jpeg
2026-03-16 06:26:31,767 - INFO - meetup_code_for_america.ics: added 10 image(s)
2026-03-16 06:26:31,767 - INFO - Processing meetup_csa_triangle.ics...
2026-03-16 06:26:31,767 - INFO -   Fetching image for: https://www.meetup.com/cloud-security-alliance-triangle-chapter/events/313298197/
2026-03-16 06:26:32,813 - INFO -     -> https://secure.meetupstatic.com/photos/event/9/4/4/600_532682372.jpeg
2026-03-16 06:26:32,813 - INFO - meetup_csa_triangle.ics: added 1 image(s)
2026-03-16 06:26:32,813 - INFO - Processing meetup_data_science_raleigh.ics...
2026-03-16 06:26:32,814 - INFO -   Fetching image for: https://www.meetup.com/data-science-nc/events/312179809/
2026-03-16 06:26:33,614 - INFO -     -> https://secure.meetupstatic.com/photos/event/b/8/0/e/600_532607118.jpeg
2026-03-16 06:26:33,614 - INFO -   Fetching image for: https://www.meetup.com/data-science-nc/events/313619206/
2026-03-16 06:26:35,285 - INFO -     -> https://secure.meetupstatic.com/photos/event/9/b/7/5/600_533019797.jpeg
2026-03-16 06:26:35,285 - INFO -   Fetching image for: https://www.meetup.com/data-science-nc/events/312860655/
2026-03-16 06:26:36,097 - INFO -     -> https://secure.meetupstatic.com/photos/event/1/8/4/1/600_532926209.jpeg
2026-03-16 06:26:36,097 - INFO -   Fetching image for: https://www.meetup.com/data-science-nc/events/313187079/
2026-03-16 06:26:36,925 - INFO -     -> https://secure.meetupstatic.com/photos/event/4/e/c/2/600_532880162.jpeg
2026-03-16 06:26:36,926 - INFO -   Fetching image for: https://www.meetup.com/data-science-nc/events/313251922/
2026-03-16 06:26:37,783 - INFO -     -> https://secure.meetupstatic.com/photos/event/9/3/0/600_532622352.jpeg
2026-03-16 06:26:37,783 - INFO -   Fetching image for: https://www.meetup.com/data-science-nc/events/313260755/
2026-03-16 06:26:38,788 - INFO -     -> https://secure.meetupstatic.com/photos/event/1/0/2/1/600_533044129.jpeg
2026-03-16 06:26:38,788 - INFO -   Fetching image for: https://www.meetup.com/data-science-nc/events/313262785/
2026-03-16 06:26:39,614 - INFO -     -> https://secure.meetupstatic.com/photos/event/5/1/d/5/600_532640949.jpeg
2026-03-16 06:26:39,614 - INFO -   Fetching image for: https://www.meetup.com/data-science-nc/events/313263417/
2026-03-16 06:26:40,473 - INFO -     -> https://secure.meetupstatic.com/photos/event/5/0/8/0/600_532880608.jpeg
2026-03-16 06:26:40,473 - INFO -   Fetching image for: https://www.meetup.com/data-science-nc/events/313278597/
2026-03-16 06:26:41,260 - INFO -     -> https://secure.meetupstatic.com/photos/event/a/8/6/0/600_532663104.jpeg
2026-03-16 06:26:41,261 - INFO - meetup_data_science_raleigh.ics: added 9 image(s)
2026-03-16 06:26:41,261 - INFO - Processing meetup_discover_durham_together.ics...
2026-03-16 06:26:41,261 - INFO -   Fetching image for: https://www.meetup.com/discover-durham-together/events/313439517/
2026-03-16 06:26:42,067 - INFO -     -> https://secure.meetupstatic.com/photos/event/5/3/1/9/600_532821273.jpeg
2026-03-16 06:26:42,067 - INFO -   Fetching image for: https://www.meetup.com/discover-durham-together/events/313450079/
2026-03-16 06:26:42,897 - INFO -     -> https://secure.meetupstatic.com/photos/event/6/f/c/e/600_532828622.jpeg
2026-03-16 06:26:42,898 - INFO - meetup_discover_durham_together.ics: added 2 image(s)
2026-03-16 06:26:42,898 - INFO - Processing meetup_downtown_techies_durham.ics...
2026-03-16 06:26:42,898 - INFO -   Fetching image for: https://www.meetup.com/downtown-techies-durham/events/wqlzlsyjcgbkb/
2026-03-16 06:26:43,747 - INFO -     -> https://secure.meetupstatic.com/photos/event/6/a/e/7/600_481107367.jpeg
2026-03-16 06:26:43,747 - INFO -   Fetching image for: https://www.meetup.com/downtown-techies-durham/events/wqlzlsyjchbhb/
2026-03-16 06:26:44,623 - INFO -     -> https://secure.meetupstatic.com/photos/event/6/a/e/7/600_481107367.jpeg
2026-03-16 06:26:44,624 - INFO -   Fetching image for: https://www.meetup.com/downtown-techies-durham/events/wqlzlsyjcjbdb/
2026-03-16 06:26:45,491 - INFO -     -> https://secure.meetupstatic.com/photos/event/6/a/e/7/600_481107367.jpeg
2026-03-16 06:26:45,492 - INFO -   Fetching image for: https://www.meetup.com/downtown-techies-durham/events/wqlzlsyjckbkb/
2026-03-16 06:26:46,319 - INFO -     -> https://secure.meetupstatic.com/photos/event/6/a/e/7/600_481107367.jpeg
2026-03-16 06:26:46,319 - INFO -   Fetching image for: https://www.meetup.com/downtown-techies-durham/events/wqlzlsyjclbgb/
2026-03-16 06:26:47,163 - INFO -     -> https://secure.meetupstatic.com/photos/event/6/a/e/7/600_481107367.jpeg
2026-03-16 06:26:47,163 - INFO -   Fetching image for: https://www.meetup.com/downtown-techies-durham/events/wqlzlsyjcmbcb/
2026-03-16 06:26:48,119 - INFO -     -> https://secure.meetupstatic.com/photos/event/6/a/e/7/600_481107367.jpeg
2026-03-16 06:26:48,119 - INFO -   Fetching image for: https://www.meetup.com/downtown-techies-durham/events/wqlzlsyjcnbjb/
2026-03-16 06:26:48,930 - INFO -     -> https://secure.meetupstatic.com/photos/event/6/a/e/7/600_481107367.jpeg
2026-03-16 06:26:48,930 - INFO -   Fetching image for: https://www.meetup.com/downtown-techies-durham/events/wqlzlsyjcpbfb/
2026-03-16 06:26:49,761 - INFO -     -> https://secure.meetupstatic.com/photos/event/6/a/e/7/600_481107367.jpeg
2026-03-16 06:26:49,762 - INFO -   Fetching image for: https://www.meetup.com/downtown-techies-durham/events/wqlzlsyjcqbcb/
2026-03-16 06:26:50,606 - INFO -     -> https://secure.meetupstatic.com/photos/event/6/a/e/7/600_481107367.jpeg
2026-03-16 06:26:50,606 - INFO -   Fetching image for: https://www.meetup.com/downtown-techies-durham/events/wqlzlsykccbhb/
2026-03-16 06:26:51,558 - INFO -     -> https://secure.meetupstatic.com/photos/event/6/a/e/7/600_481107367.jpeg
2026-03-16 06:26:51,558 - INFO - meetup_downtown_techies_durham.ics: added 10 image(s)
2026-03-16 06:26:51,559 - INFO - Processing meetup_durham_board_games_meetup_group.ics...
2026-03-16 06:26:51,559 - INFO - meetup_durham_board_games_meetup_group.ics: no new images
2026-03-16 06:26:51,559 - INFO - Processing meetup_durham_geeks.ics...
2026-03-16 06:26:51,559 - INFO -   Fetching image for: https://www.meetup.com/durham-geeks/events/313515489/
2026-03-16 06:26:52,351 - INFO -     -> https://secure.meetupstatic.com/photos/event/e/2/2/6/600_507477894.jpeg
2026-03-16 06:26:52,351 - INFO -   Fetching image for: https://www.meetup.com/durham-geeks/events/313547587/
2026-03-16 06:26:53,204 - INFO -     -> https://secure.meetupstatic.com/photos/event/e/2/2/6/600_507477894.jpeg
2026-03-16 06:26:53,204 - INFO -   Fetching image for: https://www.meetup.com/durham-geeks/events/313566391/
2026-03-16 06:26:54,002 - INFO -     -> https://secure.meetupstatic.com/photos/event/9/f/2/0/600_508060736.jpeg
2026-03-16 06:26:54,003 - INFO -   Fetching image for: https://www.meetup.com/durham-geeks/events/313460632/
2026-03-16 06:26:54,832 - INFO -     -> https://secure.meetupstatic.com/photos/event/a/6/8/600_522842664.jpeg
2026-03-16 06:26:54,832 - INFO -   Fetching image for: https://www.meetup.com/durham-geeks/events/313626263/
2026-03-16 06:26:55,637 - INFO -     -> https://secure.meetupstatic.com/photos/event/e/2/2/6/600_507477894.jpeg
2026-03-16 06:26:55,637 - INFO -   Fetching image for: https://www.meetup.com/durham-geeks/events/313657415/
2026-03-16 06:26:56,467 - INFO -     -> https://secure.meetupstatic.com/photos/event/e/2/2/6/600_507477894.jpeg
2026-03-16 06:26:56,467 - INFO -   Fetching image for: https://www.meetup.com/durham-geeks/events/313674385/
2026-03-16 06:26:57,270 - INFO -     -> https://secure.meetupstatic.com/photos/event/9/f/2/0/600_508060736.jpeg
2026-03-16 06:26:57,270 - INFO -   Fetching image for: https://www.meetup.com/durham-geeks/events/313735542/
2026-03-16 06:26:58,113 - INFO -     -> https://secure.meetupstatic.com/photos/event/e/2/2/6/600_507477894.jpeg
2026-03-16 06:26:58,113 - INFO -   Fetching image for: https://www.meetup.com/durham-geeks/events/pplrftyjcgbcb/
2026-03-16 06:26:58,895 - INFO -     -> https://secure.meetupstatic.com/photos/event/e/2/2/6/600_507477894.jpeg
2026-03-16 06:26:58,895 - INFO -   Fetching image for: https://www.meetup.com/durham-geeks/events/pzddntyjcgbdb/
2026-03-16 06:26:59,690 - INFO -     -> https://secure.meetupstatic.com/photos/event/9/f/2/0/600_508060736.jpeg
2026-03-16 06:26:59,691 - INFO - meetup_durham_geeks.ics: added 10 image(s)
2026-03-16 06:26:59,691 - INFO - Processing meetup_durham_writers.ics...
2026-03-16 06:26:59,692 - INFO -   Fetching image for: https://www.meetup.com/dwg-writers/events/312995718/
2026-03-16 06:27:00,498 - INFO -     -> https://secure.meetupstatic.com/photos/event/5/b/8/8/600_524243432.jpeg
2026-03-16 06:27:00,498 - INFO -   Fetching image for: https://www.meetup.com/dwg-writers/events/313514714/
2026-03-16 06:27:01,311 - INFO -     -> https://secure.meetupstatic.com/photos/event/a/6/4/1/600_531882561.jpeg
2026-03-16 06:27:01,312 - INFO -   Fetching image for: https://www.meetup.com/dwg-writers/events/312995719/
2026-03-16 06:27:02,192 - INFO -     -> https://secure.meetupstatic.com/photos/event/5/b/8/8/600_524243432.jpeg
2026-03-16 06:27:02,192 - INFO -   Fetching image for: https://www.meetup.com/dwg-writers/events/tttfwtyjcgbkb/
2026-03-16 06:27:03,019 - INFO -     -> https://secure.meetupstatic.com/photos/event/a/6/4/1/600_531882561.jpeg
2026-03-16 06:27:03,020 - INFO -   Fetching image for: https://www.meetup.com/dwg-writers/events/312995720/
2026-03-16 06:27:03,912 - INFO -     -> https://secure.meetupstatic.com/photos/event/5/b/8/8/600_524243432.jpeg
2026-03-16 06:27:03,913 - INFO -   Fetching image for: https://www.meetup.com/dwg-writers/events/313783133/
2026-03-16 06:27:04,702 - INFO -     -> https://secure.meetupstatic.com/photos/event/a/6/4/1/600_531882561.jpeg
2026-03-16 06:27:04,702 - INFO -   Fetching image for: https://www.meetup.com/dwg-writers/events/312995721/
2026-03-16 06:27:05,551 - INFO -     -> https://secure.meetupstatic.com/photos/event/5/b/8/8/600_524243432.jpeg
2026-03-16 06:27:05,552 - INFO -   Fetching image for: https://www.meetup.com/dwg-writers/events/tttfwtyjchbhb/
2026-03-16 06:27:07,107 - INFO -     -> https://secure.meetupstatic.com/photos/event/a/6/4/1/600_531882561.jpeg
2026-03-16 06:27:07,107 - INFO -   Fetching image for: https://www.meetup.com/dwg-writers/events/312995722/
2026-03-16 06:27:07,914 - INFO -     -> https://secure.meetupstatic.com/photos/event/5/b/8/8/600_524243432.jpeg
2026-03-16 06:27:07,914 - INFO -   Fetching image for: https://www.meetup.com/dwg-writers/events/tttfwtyjchbzb/
2026-03-16 06:27:08,719 - INFO -     -> https://secure.meetupstatic.com/photos/event/a/6/4/1/600_531882561.jpeg
2026-03-16 06:27:08,719 - INFO - meetup_durham_writers.ics: added 10 image(s)
2026-03-16 06:27:08,719 - INFO - Processing meetup_futureofdata_triangle.ics...
2026-03-16 06:27:08,719 - INFO - meetup_futureofdata_triangle.ics: no new images
2026-03-16 06:27:08,720 - INFO - Processing meetup_modern_web_triangle.ics...
2026-03-16 06:27:08,720 - INFO -   Fetching image for: https://www.meetup.com/trianglemodernweb/events/313297099/
2026-03-16 06:27:09,643 - INFO -     -> https://secure.meetupstatic.com/photos/event/6/4/4/600_532681604.jpeg
2026-03-16 06:27:09,643 - INFO -   Fetching image for: https://www.meetup.com/trianglemodernweb/events/313436071/
2026-03-16 06:27:10,474 - INFO -     -> https://secure.meetupstatic.com/photos/event/4/8/b/7/600_532818615.jpeg
2026-03-16 06:27:10,475 - INFO - meetup_modern_web_triangle.ics: added 2 image(s)
2026-03-16 06:27:10,475 - INFO - Processing meetup_outdoor_flow_yogis.ics...
2026-03-16 06:27:10,475 - INFO -   Fetching image for: https://www.meetup.com/outdoorflowyogis/events/313604359/
2026-03-16 06:27:11,367 - INFO -     -> https://secure.meetupstatic.com/photos/event/b/8/9/9/600_532067257.jpeg
2026-03-16 06:27:11,367 - INFO -   Fetching image for: https://www.meetup.com/outdoorflowyogis/events/313673770/
2026-03-16 06:27:12,191 - INFO -     -> https://secure.meetupstatic.com/photos/event/8/a/6/600_532982214.jpeg
2026-03-16 06:27:12,191 - INFO -   Fetching image for: https://www.meetup.com/outdoorflowyogis/events/bnjmvtyjcgbqb/
2026-03-16 06:27:12,992 - INFO -     -> https://secure.meetupstatic.com/photos/event/b/8/9/9/600_532067257.jpeg
2026-03-16 06:27:12,992 - INFO -   Fetching image for: https://www.meetup.com/outdoorflowyogis/events/trxlvtyjcgbjc/
2026-03-16 06:27:13,846 - INFO -     -> https://secure.meetupstatic.com/photos/event/b/8/9/9/600_532067257.jpeg
2026-03-16 06:27:13,846 - INFO -   Fetching image for: https://www.meetup.com/outdoorflowyogis/events/bnjmvtyjchbnb/
2026-03-16 06:27:14,637 - INFO -     -> https://secure.meetupstatic.com/photos/event/b/8/9/9/600_532067257.jpeg
2026-03-16 06:27:14,637 - INFO -   Fetching image for: https://www.meetup.com/outdoorflowyogis/events/312700623/
2026-03-16 06:27:15,449 - INFO -     -> https://secure.meetupstatic.com/photos/event/b/8/9/9/600_532067257.jpeg
2026-03-16 06:27:15,449 - INFO -   Fetching image for: https://www.meetup.com/outdoorflowyogis/events/bnjmvtyjcjbsb/
2026-03-16 06:27:16,354 - INFO -     -> https://secure.meetupstatic.com/photos/event/b/8/9/9/600_532067257.jpeg
2026-03-16 06:27:16,355 - INFO -   Fetching image for: https://www.meetup.com/outdoorflowyogis/events/trxlvtyjcjblc/
2026-03-16 06:27:18,423 - INFO -     -> https://secure.meetupstatic.com/photos/event/b/8/9/9/600_532067257.jpeg
2026-03-16 06:27:18,423 - INFO -   Fetching image for: https://www.meetup.com/outdoorflowyogis/events/bnjmvtyjckbqb/
2026-03-16 06:27:19,691 - INFO -     -> https://secure.meetupstatic.com/photos/event/b/8/9/9/600_532067257.jpeg
2026-03-16 06:27:19,691 - INFO -   Fetching image for: https://www.meetup.com/outdoorflowyogis/events/trxlvtyjckbjc/
2026-03-16 06:27:20,587 - INFO -     -> https://secure.meetupstatic.com/photos/event/b/8/9/9/600_532067257.jpeg
2026-03-16 06:27:20,587 - INFO - meetup_outdoor_flow_yogis.ics: added 10 image(s)
2026-03-16 06:27:20,587 - INFO - Processing meetup_plum_village_meditation.ics...
2026-03-16 06:27:20,588 - INFO -   Fetching image for: https://www.meetup.com/durhamplumvillagemeditationcircle/events/312671119/
2026-03-16 06:27:21,360 - INFO -     No image found
2026-03-16 06:27:21,361 - INFO -   Fetching image for: https://www.meetup.com/durhamplumvillagemeditationcircle/events/313757914/
2026-03-16 06:27:22,211 - INFO -     No image found
2026-03-16 06:27:22,212 - INFO -   Fetching image for: https://www.meetup.com/durhamplumvillagemeditationcircle/events/313757918/
2026-03-16 06:27:23,080 - INFO -     No image found
2026-03-16 06:27:23,081 - INFO -   Fetching image for: https://www.meetup.com/durhamplumvillagemeditationcircle/events/313757921/
2026-03-16 06:27:23,872 - INFO -     No image found
2026-03-16 06:27:23,873 - INFO -   Fetching image for: https://www.meetup.com/durhamplumvillagemeditationcircle/events/313757922/
2026-03-16 06:27:24,662 - INFO -     No image found
2026-03-16 06:27:24,662 - INFO -   Fetching image for: https://www.meetup.com/durhamplumvillagemeditationcircle/events/313757924/
2026-03-16 06:27:25,451 - INFO -     No image found
2026-03-16 06:27:25,452 - INFO -   Fetching image for: https://www.meetup.com/durhamplumvillagemeditationcircle/events/313757927/
2026-03-16 06:27:26,431 - INFO -     No image found
2026-03-16 06:27:26,431 - INFO - meetup_plum_village_meditation.ics: no new images
2026-03-16 06:27:26,431 - INFO - Processing meetup_pydata_triangle.ics...
2026-03-16 06:27:26,432 - INFO - meetup_pydata_triangle.ics: no new images
2026-03-16 06:27:26,432 - INFO - Processing meetup_raleigh_ai_ml_cv.ics...
2026-03-16 06:27:26,433 - INFO -   Fetching image for: https://www.meetup.com/raleigh-ai-machine-learning-and-computer-vision-meetup/events/313103255/
2026-03-16 06:27:27,241 - INFO -     -> https://secure.meetupstatic.com/photos/event/b/2/5/b/600_532485659.jpeg
2026-03-16 06:27:27,242 - INFO -   Fetching image for: https://www.meetup.com/raleigh-ai-machine-learning-and-computer-vision-meetup/events/312787359/
2026-03-16 06:27:28,063 - INFO -     -> https://secure.meetupstatic.com/photos/event/5/f/5/0/600_533064400.jpeg
2026-03-16 06:27:28,064 - INFO -   Fetching image for: https://www.meetup.com/raleigh-ai-machine-learning-and-computer-vision-meetup/events/313563438/
2026-03-16 06:27:28,969 - INFO -     -> https://secure.meetupstatic.com/photos/event/7/2/b/d/600_533009373.jpeg
2026-03-16 06:27:28,969 - INFO -   Fetching image for: https://www.meetup.com/raleigh-ai-machine-learning-and-computer-vision-meetup/events/313081582/
2026-03-16 06:27:29,807 - INFO -     -> https://secure.meetupstatic.com/photos/event/7/d/5/2/600_532472082.jpeg
2026-03-16 06:27:29,807 - INFO -   Fetching image for: https://www.meetup.com/raleigh-ai-machine-learning-and-computer-vision-meetup/events/313298936/
2026-03-16 06:27:30,610 - INFO -     -> https://secure.meetupstatic.com/photos/event/a/7/4/600_532682676.jpeg
2026-03-16 06:27:30,611 - INFO -   Fetching image for: https://www.meetup.com/raleigh-ai-machine-learning-and-computer-vision-meetup/events/313207104/
2026-03-16 06:27:31,446 - INFO -     -> https://secure.meetupstatic.com/photos/event/6/4/4/f/600_532585679.jpeg
2026-03-16 06:27:31,446 - INFO -   Fetching image for: https://www.meetup.com/raleigh-ai-machine-learning-and-computer-vision-meetup/events/313313230/
2026-03-16 06:27:32,249 - INFO -     -> https://secure.meetupstatic.com/photos/event/3/8/9/6/600_532694486.jpeg
2026-03-16 06:27:32,249 - INFO -   Fetching image for: https://www.meetup.com/raleigh-ai-machine-learning-and-computer-vision-meetup/events/313299040/
2026-03-16 06:27:33,056 - INFO -     -> https://secure.meetupstatic.com/photos/event/a/b/2/600_532682738.jpeg
2026-03-16 06:27:33,057 - INFO -   Fetching image for: https://www.meetup.com/raleigh-ai-machine-learning-and-computer-vision-meetup/events/313082636/
2026-03-16 06:27:33,866 - INFO -     -> https://secure.meetupstatic.com/photos/event/6/9/a/8/600_532467048.jpeg
2026-03-16 06:27:33,867 - INFO - meetup_raleigh_ai_ml_cv.ics: added 9 image(s)
2026-03-16 06:27:33,867 - INFO - Processing meetup_raleigh_triangle_activities.ics...
2026-03-16 06:27:33,867 - INFO -   Fetching image for: https://www.meetup.com/raleigh-triangle-activities/events/313565708/
2026-03-16 06:27:34,653 - INFO -     -> https://secure.meetupstatic.com/photos/event/6/e/9/f/600_521548319.jpeg
2026-03-16 06:27:34,654 - INFO -   Fetching image for: https://www.meetup.com/raleigh-triangle-activities/events/313641771/
2026-03-16 06:27:35,460 - INFO -     -> https://secure.meetupstatic.com/photos/event/6/c/7/c/600_494667772.jpeg
2026-03-16 06:27:35,460 - INFO -   Fetching image for: https://www.meetup.com/raleigh-triangle-activities/events/313673854/
2026-03-16 06:27:37,437 - INFO -     -> https://secure.meetupstatic.com/photos/event/6/e/9/f/600_521548319.jpeg
2026-03-16 06:27:37,437 - INFO -   Fetching image for: https://www.meetup.com/raleigh-triangle-activities/events/gwtjwtyjcgbdb/
2026-03-16 06:27:38,245 - INFO -     -> https://secure.meetupstatic.com/photos/event/6/e/9/f/600_521548319.jpeg
2026-03-16 06:27:38,245 - INFO -   Fetching image for: https://www.meetup.com/raleigh-triangle-activities/events/gwtjwtyjcgbmb/
2026-03-16 06:27:39,057 - INFO -     -> https://secure.meetupstatic.com/photos/event/6/e/9/f/600_521548319.jpeg
2026-03-16 06:27:39,057 - INFO -   Fetching image for: https://www.meetup.com/raleigh-triangle-activities/events/mtchftyjcgbpb/
2026-03-16 06:27:39,889 - INFO -     -> https://secure.meetupstatic.com/photos/event/3/e/f/1/600_504076113.jpeg
2026-03-16 06:27:39,889 - INFO -   Fetching image for: https://www.meetup.com/raleigh-triangle-activities/events/gwtjwtyjcgbvb/
2026-03-16 06:27:40,679 - INFO -     -> https://secure.meetupstatic.com/photos/event/6/e/9/f/600_521548319.jpeg
2026-03-16 06:27:40,679 - INFO -   Fetching image for: https://www.meetup.com/raleigh-triangle-activities/events/gwtjwtyjcgbfc/
2026-03-16 06:27:41,511 - INFO -     -> https://secure.meetupstatic.com/photos/event/6/e/9/f/600_521548319.jpeg
2026-03-16 06:27:41,512 - INFO -   Fetching image for: https://www.meetup.com/raleigh-triangle-activities/events/hgxmltyjcgblc/
2026-03-16 06:27:42,383 - INFO -     -> https://secure.meetupstatic.com/photos/event/6/c/7/c/600_494667772.jpeg
2026-03-16 06:27:42,383 - INFO -   Fetching image for: https://www.meetup.com/raleigh-triangle-activities/events/gwtjwtyjcgbnc/
2026-03-16 06:27:43,211 - INFO -     -> https://secure.meetupstatic.com/photos/event/6/e/9/f/600_521548319.jpeg
2026-03-16 06:27:43,211 - INFO - meetup_raleigh_triangle_activities.ics: added 10 image(s)
2026-03-16 06:27:43,211 - INFO - Processing meetup_raleigh_wordpress_meetup_group.ics...
2026-03-16 06:27:43,211 - INFO - meetup_raleigh_wordpress_meetup_group.ics: no new images
2026-03-16 06:27:43,212 - INFO - Processing meetup_research_triangle_analysts.ics...
2026-03-16 06:27:43,212 - INFO - meetup_research_triangle_analysts.ics: no new images
2026-03-16 06:27:43,212 - INFO - Processing meetup_splatspace.ics...
2026-03-16 06:27:43,212 - INFO -   Fetching image for: https://www.meetup.com/splatspace/events/313532285/
2026-03-16 06:27:44,003 - INFO -     -> https://secure.meetupstatic.com/photos/event/7/9/b/4/600_532591156.jpeg
2026-03-16 06:27:44,004 - INFO -   Fetching image for: https://www.meetup.com/splatspace/events/313547534/
2026-03-16 06:27:44,800 - INFO -     -> https://secure.meetupstatic.com/photos/event/5/8/3/b/600_532282587.jpeg
2026-03-16 06:27:44,800 - INFO -   Fetching image for: https://www.meetup.com/splatspace/events/313590338/
2026-03-16 06:27:45,671 - INFO -     -> https://secure.meetupstatic.com/photos/event/7/a/3/d/600_532591293.jpeg
2026-03-16 06:27:45,671 - INFO -   Fetching image for: https://www.meetup.com/splatspace/events/313763615/
2026-03-16 06:27:46,462 - INFO -     -> https://secure.meetupstatic.com/photos/event/2/3/9/b/600_533169115.jpeg
2026-03-16 06:27:46,462 - INFO -   Fetching image for: https://www.meetup.com/splatspace/events/313214243/
2026-03-16 06:27:47,237 - INFO -     -> https://secure.meetupstatic.com/photos/event/7/a/7/1/600_532591345.jpeg
2026-03-16 06:27:47,238 - INFO -   Fetching image for: https://www.meetup.com/splatspace/events/313657333/
2026-03-16 06:27:48,070 - INFO -     -> https://secure.meetupstatic.com/photos/event/5/8/3/b/600_532282587.jpeg
2026-03-16 06:27:48,071 - INFO -   Fetching image for: https://www.meetup.com/splatspace/events/313696051/
2026-03-16 06:27:49,719 - INFO -     -> https://secure.meetupstatic.com/photos/event/a/9/4/c/600_529363340.jpeg
2026-03-16 06:27:49,719 - INFO -   Fetching image for: https://www.meetup.com/splatspace/events/313697496/
2026-03-16 06:27:50,509 - INFO -     -> https://secure.meetupstatic.com/photos/event/7/a/3/d/600_532591293.jpeg
2026-03-16 06:27:50,509 - INFO -   Fetching image for: https://www.meetup.com/splatspace/events/vvmrvtyjcgbcb/
2026-03-16 06:27:51,309 - INFO -     -> https://secure.meetupstatic.com/photos/event/5/8/3/b/600_532282587.jpeg
2026-03-16 06:27:51,309 - INFO -   Fetching image for: https://www.meetup.com/splatspace/events/wqrxvtyjcgbgb/
2026-03-16 06:27:52,096 - INFO -     -> https://secure.meetupstatic.com/photos/event/7/a/3/d/600_532591293.jpeg
2026-03-16 06:27:52,097 - INFO - meetup_splatspace.ics: added 10 image(s)
2026-03-16 06:27:52,097 - INFO - Processing meetup_triangle_board_games.ics...
2026-03-16 06:27:52,097 - INFO -   Fetching image for: https://www.meetup.com/triangle-board-games-and-bars/events/313287248/
2026-03-16 06:27:52,885 - INFO -     -> https://secure.meetupstatic.com/photos/event/a/e/0/e/600_489584558.jpeg
2026-03-16 06:27:52,885 - INFO -   Fetching image for: https://www.meetup.com/triangle-board-games-and-bars/events/313454436/
2026-03-16 06:27:53,722 - INFO -     -> https://secure.meetupstatic.com/photos/event/d/0/0/0/600_530993248.jpeg
2026-03-16 06:27:53,722 - INFO -   Fetching image for: https://www.meetup.com/triangle-board-games-and-bars/events/313566061/
2026-03-16 06:27:54,594 - INFO -     -> https://secure.meetupstatic.com/photos/event/b/8/9/0/600_518147248.jpeg
2026-03-16 06:27:54,594 - INFO -   Fetching image for: https://www.meetup.com/triangle-board-games-and-bars/events/313639816/
2026-03-16 06:27:55,406 - INFO -     -> https://secure.meetupstatic.com/photos/event/d/0/0/0/600_530993248.jpeg
2026-03-16 06:27:55,406 - INFO -   Fetching image for: https://www.meetup.com/triangle-board-games-and-bars/events/dpfkwtyjcfblc/
2026-03-16 06:27:56,203 - INFO -     -> https://secure.meetupstatic.com/photos/event/b/e/1/600_533103041.jpeg
2026-03-16 06:27:56,203 - INFO -   Fetching image for: https://www.meetup.com/triangle-board-games-and-bars/events/313703318/
2026-03-16 06:27:57,555 - INFO -     -> https://secure.meetupstatic.com/photos/event/d/0/0/0/600_530993248.jpeg
2026-03-16 06:27:57,556 - INFO -   Fetching image for: https://www.meetup.com/triangle-board-games-and-bars/events/312872696/
2026-03-16 06:27:58,358 - INFO -     -> https://secure.meetupstatic.com/photos/event/b/8/9/0/600_518147248.jpeg
2026-03-16 06:27:58,358 - INFO -   Fetching image for: https://www.meetup.com/triangle-board-games-and-bars/events/bmrrvtyjcgbmb/
2026-03-16 06:27:59,198 - INFO -     -> https://secure.meetupstatic.com/photos/event/d/0/0/0/600_530993248.jpeg
2026-03-16 06:27:59,199 - INFO -   Fetching image for: https://www.meetup.com/triangle-board-games-and-bars/events/dpfkwtyjcgbpb/
2026-03-16 06:27:59,966 - INFO -     -> https://secure.meetupstatic.com/photos/event/b/e/1/600_533103041.jpeg
2026-03-16 06:27:59,966 - INFO -   Fetching image for: https://www.meetup.com/triangle-board-games-and-bars/events/bmrrvtyjcgbvb/
2026-03-16 06:28:00,988 - INFO -     -> https://secure.meetupstatic.com/photos/event/d/0/0/0/600_530993248.jpeg
2026-03-16 06:28:00,988 - INFO - meetup_triangle_board_games.ics: added 10 image(s)
2026-03-16 06:28:00,988 - INFO - Processing meetup_triangle_devops.ics...
2026-03-16 06:28:00,988 - INFO -   Fetching image for: https://www.meetup.com/triangle-devops/events/313416908/
2026-03-16 06:28:02,215 - INFO -     -> https://secure.meetupstatic.com/photos/event/d/8/f/600_532803471.jpeg
2026-03-16 06:28:02,216 - INFO - meetup_triangle_devops.ics: added 1 image(s)
2026-03-16 06:28:02,216 - INFO - Processing meetup_triangle_devs.ics...
2026-03-16 06:28:02,216 - INFO -   Fetching image for: https://www.meetup.com/triangle-devs/events/313746579/
2026-03-16 06:28:03,587 - INFO -     -> https://secure.meetupstatic.com/photos/event/6/c/4/f/600_522747727.jpeg
2026-03-16 06:28:03,587 - INFO -   Fetching image for: https://www.meetup.com/triangle-devs/events/313727214/
2026-03-16 06:28:04,511 - INFO -     -> https://secure.meetupstatic.com/photos/event/6/c/4/f/600_522747727.jpeg
2026-03-16 06:28:04,511 - INFO -   Fetching image for: https://www.meetup.com/triangle-devs/events/qgxhwtyjcjbmb/
2026-03-16 06:28:05,321 - INFO -     -> https://secure.meetupstatic.com/photos/event/6/c/4/f/600_522747727.jpeg
2026-03-16 06:28:05,321 - INFO -   Fetching image for: https://www.meetup.com/triangle-devs/events/qgxhwtyjckbsb/
2026-03-16 06:28:06,102 - INFO -     -> https://secure.meetupstatic.com/photos/event/6/c/4/f/600_522747727.jpeg
2026-03-16 06:28:06,102 - INFO -   Fetching image for: https://www.meetup.com/triangle-devs/events/qgxhwtyjclbpb/
2026-03-16 06:28:07,542 - INFO -     -> https://secure.meetupstatic.com/photos/event/6/c/4/f/600_522747727.jpeg
2026-03-16 06:28:07,542 - INFO - meetup_triangle_devs.ics: added 5 image(s)
2026-03-16 06:28:07,542 - INFO - Processing meetup_triangle_techbreakfast.ics...
2026-03-16 06:28:07,542 - INFO -   Fetching image for: https://www.meetup.com/triangle-techbreakfast/events/313491322/
2026-03-16 06:28:08,317 - INFO -     -> https://secure.meetupstatic.com/photos/event/4/e/e/5/600_446900197.jpeg
2026-03-16 06:28:08,317 - INFO - meetup_triangle_techbreakfast.ics: added 1 image(s)
2026-03-16 06:28:08,317 - INFO - Processing meetup_triangle_transitional.ics...
2026-03-16 06:28:08,318 - INFO -   Fetching image for: https://www.meetup.com/ttn-rtp/events/313491363/
2026-03-16 06:28:09,084 - INFO -     -> https://secure.meetupstatic.com/photos/event/a/1/c/e/600_528221422.jpeg
2026-03-16 06:28:09,084 - INFO - meetup_triangle_transitional.ics: added 1 image(s)
2026-03-16 06:28:09,084 - INFO - Processing meetup_triangleai.ics...
2026-03-16 06:28:09,085 - INFO -   Fetching image for: https://www.meetup.com/triangleai/events/253138119/
2026-03-16 06:28:09,868 - INFO -     -> https://secure.meetupstatic.com/photos/event/c/c/0/e/600_473212238.jpeg
2026-03-16 06:28:09,868 - INFO - meetup_triangleai.ics: added 1 image(s)
2026-03-16 06:28:09,868 - INFO - Processing meetup_tripython.ics...
2026-03-16 06:28:09,869 - INFO - meetup_tripython.ics: no new images
2026-03-16 06:28:09,869 - INFO - Processing meetup_yoga_in_nature.ics...
2026-03-16 06:28:09,869 - INFO -   Fetching image for: https://www.meetup.com/yogainnaturenc/events/313604900/
2026-03-16 06:28:10,654 - INFO -     -> https://secure.meetupstatic.com/photos/event/1/b/9/f/600_532387071.jpeg
2026-03-16 06:28:10,654 - INFO -   Fetching image for: https://www.meetup.com/yogainnaturenc/events/313761586/
2026-03-16 06:28:11,421 - INFO -     -> https://secure.meetupstatic.com/photos/event/4/e/d/9/600_531980185.jpeg
2026-03-16 06:28:11,422 - INFO -   Fetching image for: https://www.meetup.com/yogainnaturenc/events/313346725/
2026-03-16 06:28:12,246 - INFO -     -> https://secure.meetupstatic.com/photos/event/7/9/f/6/600_519091222.jpeg
2026-03-16 06:28:12,246 - INFO - meetup_yoga_in_nature.ics: added 3 image(s)
2026-03-16 06:28:12,246 - INFO - Done. Total images added: 136
2026-03-16 06:28:17,698 - INFO - Scraping Lackawanna Station
2026-03-16 06:28:17,698 - INFO - Fetching event list from https://www.lackawanna.com/events
2026-03-16 06:28:18,007 - INFO - Found 61 event URLs
2026-03-16 06:28:18,007 - INFO - Fetching iCal: https://www.lackawanna.com/events/1page2026-ljted-359y2?format=ical
2026-03-16 06:28:18,614 - INFO - Fetching iCal: https://www.lackawanna.com/events/80s-night-dance-party?format=ical
2026-03-16 06:28:19,208 - INFO - Fetching iCal: https://www.lackawanna.com/events/adultprom?format=ical
2026-03-16 06:28:19,824 - INFO - Fetching iCal: https://www.lackawanna.com/events/art-night-friday-jazz-acrylic-pour?format=ical
2026-03-16 06:28:20,472 - INFO - Fetching iCal: https://www.lackawanna.com/events/art-night-friday-scrabble-art?format=ical
2026-03-16 06:28:21,145 - INFO - Fetching iCal: https://www.lackawanna.com/events/bob-ross-style-painting-class-34yxn?format=ical
2026-03-16 06:28:21,725 - INFO - Fetching iCal: https://www.lackawanna.com/events/bringafriendtuesdaysrecroom-6xfc8-cj9n2?format=ical
2026-03-16 06:28:22,351 - INFO - Fetching iCal: https://www.lackawanna.com/events/bringafriendtuesdaysrecroom-6xfc8-cj9n2-kppgr?format=ical
2026-03-16 06:28:23,036 - INFO - Fetching iCal: https://www.lackawanna.com/events/cashflow-game-experience?format=ical
2026-03-16 06:28:23,671 - INFO - Fetching iCal: https://www.lackawanna.com/events/coffee-with-career-coaches-april2026?format=ical
2026-03-16 06:28:24,258 - INFO - Fetching iCal: https://www.lackawanna.com/events/collage-extravaganza-2?format=ical
2026-03-16 06:28:24,883 - INFO - Fetching iCal: https://www.lackawanna.com/events/creativemornings-dec-25-nfx7d-6ykgp?format=ical
2026-03-16 06:28:25,465 - INFO - Fetching iCal: https://www.lackawanna.com/events/creativemornings-mar-26?format=ical
2026-03-16 06:28:26,047 - INFO - Fetching iCal: https://www.lackawanna.com/events/familymoneygamenightroots2riches315?format=ical
2026-03-16 06:28:26,648 - INFO - Fetching iCal: https://www.lackawanna.com/events/firstfridays?format=ical
2026-03-16 06:28:27,245 - INFO - Fetching iCal: https://www.lackawanna.com/events/freestyle-studio-lyhwm-7zzyc-s5t7b-syttr-ltbpp-wkt89-g7586-yjlst-d3ncr-9ml4l-lad78-y9mx8-42ka4-lcacs-5x92a-bc38t-29ybr-a5h74-a723b-a9pa4-b4h4r-56cx5-rgh57-sf7n9?format=ical
2026-03-16 06:28:27,875 - INFO - Fetching iCal: https://www.lackawanna.com/events/freestyle-studio-lyhwm-7zzyc-s5t7b-syttr-ltbpp-wkt89-g7586-yjlst-d3ncr-9ml4l-lad78-y9mx8-42ka4-lcacs-5x92a-bc38t-29ybr-a5h74-a723b-a9pa4-b4h4r-56cx5-rgh57-sf7n9-mx423?format=ical
2026-03-16 06:28:28,474 - INFO - Fetching iCal: https://www.lackawanna.com/events/freestyle-studio-lyhwm-7zzyc-s5t7b-syttr-ltbpp-wkt89-g7586-yjlst-d3ncr-9ml4l-lad78-y9mx8-42ka4-lcacs-5x92a-bc38t-29ybr-a5h74-a723b-a9pa4-b4h4r-56cx5-rgh57-sf7n9-mx423-6j652?format=ical
2026-03-16 06:28:29,099 - INFO - Fetching iCal: https://www.lackawanna.com/events/freestyle-studio-lyhwm-7zzyc-s5t7b-syttr-ltbpp-wkt89-g7586-yjlst-d3ncr-9ml4l-lad78-y9mx8-42ka4-lcacs-5x92a-bc38t-29ybr-a5h74-a723b-a9pa4-b4h4r-56cx5-rgh57-sf7n9-mx423-6j652-2ekf3?format=ical
2026-03-16 06:28:29,713 - INFO - Fetching iCal: https://www.lackawanna.com/events/freestyle-studio-lyhwm-7zzyc-s5t7b-syttr-ltbpp-wkt89-g7586-yjlst-d3ncr-9ml4l-lad78-y9mx8-42ka4-lcacs-5x92a-bc38t-29ybr-a5h74-a723b-a9pa4-b4h4r-56cx5-rgh57-sf7n9-mx423-6j652-aa8k5?format=ical
2026-03-16 06:28:30,327 - INFO - Fetching iCal: https://www.lackawanna.com/events/heated-rivalry-book-clubbooks1-3?format=ical
2026-03-16 06:28:30,947 - INFO - Fetching iCal: https://www.lackawanna.com/events/heated-rivalry-book-clubbooks4-6?format=ical
2026-03-16 06:28:31,620 - INFO - Fetching iCal: https://www.lackawanna.com/events/lattes-littles-p8ynp-rkp9c-zm33z-fdc6a-rfn62-em38f?format=ical
2026-03-16 06:28:32,216 - INFO - Fetching iCal: https://www.lackawanna.com/events/lego-robotics1?format=ical
2026-03-16 06:28:32,831 - INFO - Fetching iCal: https://www.lackawanna.com/events/lego-robotics2?format=ical
2026-03-16 06:28:33,442 - INFO - Fetching iCal: https://www.lackawanna.com/events/lego-robotics3?format=ical
2026-03-16 06:28:34,022 - INFO - Fetching iCal: https://www.lackawanna.com/events/lego-robotics4?format=ical
2026-03-16 06:28:34,607 - INFO - Fetching iCal: https://www.lackawanna.com/events/linkedinworkshop?format=ical
2026-03-16 06:28:35,189 - INFO - Fetching iCal: https://www.lackawanna.com/events/local-to-local-an-after-hours-social?format=ical
2026-03-16 06:28:35,804 - INFO - Fetching iCal: https://www.lackawanna.com/events/local-to-local-an-after-hours-social-nne26?format=ical
2026-03-16 06:28:36,385 - INFO - Fetching iCal: https://www.lackawanna.com/events/m5n894shfyawzym-26b4m-ara48-5kh5e-3s5tp-kgdxp-ttng9-rzhbs-n4z38-ff2ww-9ynak?format=ical
2026-03-16 06:28:36,967 - INFO - Fetching iCal: https://www.lackawanna.com/events/m5n894shfyawzym-26b4m-ara48-5kh5e-3s5tp-kgdxp-ttng9-rzhbs-n4z38-ff2ww-9ynak-yd2ta?format=ical
2026-03-16 06:28:37,582 - INFO - Fetching iCal: https://www.lackawanna.com/events/m5n894shfyawzym-26b4m-ara48-5kh5e-3s5tp-kgdxp-ttng9-rzhbs-n4z38-ff2ww-9ynak-yd2ta-3gt93?format=ical
2026-03-16 06:28:38,189 - INFO - Fetching iCal: https://www.lackawanna.com/events/m5n894shfyawzym-26b4m-ara48-5kh5e-3s5tp-kgdxp-ttng9-rzhbs-n4z38-ff2ww-9ynak-yd2ta-3gt93-zd9hd?format=ical
2026-03-16 06:28:38,801 - INFO - Fetching iCal: https://www.lackawanna.com/events/m5n894shfyawzym-26b4m-ara48-5kh5e-3s5tp-kgdxp-ttng9-rzhbs-n4z38-ff2ww-9ynak-yd2ta-3gt93-zd9hd-bmfzf?format=ical
2026-03-16 06:28:39,384 - INFO - Fetching iCal: https://www.lackawanna.com/events/m5n894shfyawzym-26b4m-ara48-5kh5e-3s5tp-kgdxp-ttng9-rzhbs-n4z38-ff2ww-9ynak-yd2ta-3gt93-zd9hd-gjfeg?format=ical
2026-03-16 06:28:40,000 - INFO - Fetching iCal: https://www.lackawanna.com/events/melt-ice-knit-night?format=ical
2026-03-16 06:28:40,608 - INFO - Fetching iCal: https://www.lackawanna.com/events/mhmgzz0ln92or1puwf8i8lxxe2rwic?format=ical
2026-03-16 06:28:41,192 - INFO - Fetching iCal: https://www.lackawanna.com/events/mhmgzz0ln92or1puwf8i8lxxe2rwic-bh3zb?format=ical
2026-03-16 06:28:41,788 - INFO - Fetching iCal: https://www.lackawanna.com/events/montclair-flea-cweh7-wrwk3-paf23-gt8j6-bfnaa-na2kb-p9h5j-k33rm-b9rpe-9etc3?format=ical
2026-03-16 06:28:42,370 - INFO - Fetching iCal: https://www.lackawanna.com/events/montclair-flea-cweh7-wrwk3-paf23-gt8j6-bfnaa-na2kb-p9h5j-k33rm-b9rpe-9etc3-thgp8-5w5sx?format=ical
2026-03-16 06:28:42,953 - INFO - Fetching iCal: https://www.lackawanna.com/events/montclair-flea-cweh7-wrwk3-paf23-gt8j6-bfnaa-na2kb-p9h5j-k33rm-b9rpe-9etc3-thgp8-gf722?format=ical
2026-03-16 06:28:43,567 - INFO - Fetching iCal: https://www.lackawanna.com/events/montclair-flea-cweh7-wrwk3-paf23-gt8j6-bfnaa-na2kb-p9h5j-k33rm-b9rpe-9etc3-thgp8-lscm5?format=ical
2026-03-16 06:28:44,152 - INFO - Fetching iCal: https://www.lackawanna.com/events/montclair-flea-cweh7-wrwk3-paf23-gt8j6-bfnaa-na2kb-p9h5j-k33rm-b9rpe-9etc3-thgp8-rhm2l?format=ical
2026-03-16 06:28:44,736 - INFO - Fetching iCal: https://www.lackawanna.com/events/new-jersey-pizzafest?format=ical
2026-03-16 06:28:45,364 - INFO - Fetching iCal: https://www.lackawanna.com/events/nj-card-market?format=ical
2026-03-16 06:28:45,994 - INFO - Fetching iCal: https://www.lackawanna.com/events/nj-card-market-kfylb?format=ical
2026-03-16 06:28:46,607 - INFO - Fetching iCal: https://www.lackawanna.com/events/nj-card-market-kfylb-nzmmw?format=ical
2026-03-16 06:28:47,188 - INFO - Fetching iCal: https://www.lackawanna.com/events/nj-card-market-kfylb-nzmmw-dzacn?format=ical
2026-03-16 06:28:47,796 - INFO - Fetching iCal: https://www.lackawanna.com/events/nj-card-market-kfylb-nzmmw-khcw5?format=ical
2026-03-16 06:28:48,380 - INFO - Fetching iCal: https://www.lackawanna.com/events/nj-card-market-kfylb-nzmmw-lwtcb?format=ical
2026-03-16 06:28:48,964 - INFO - Fetching iCal: https://www.lackawanna.com/events/nj-card-market-kfylb-nzmmw-rgssa?format=ical
2026-03-16 06:28:49,545 - INFO - Fetching iCal: https://www.lackawanna.com/events/riftbound-spiritforged-nexus?format=ical
2026-03-16 06:28:50,130 - INFO - Fetching iCal: https://www.lackawanna.com/events/riftbound-spiritforged-nexus-hlkzb?format=ical
2026-03-16 06:28:50,713 - INFO - Fetching iCal: https://www.lackawanna.com/events/riftbound-spiritforged-nexus-hlkzb-e4xf6?format=ical
2026-03-16 06:28:51,335 - INFO - Fetching iCal: https://www.lackawanna.com/events/toddler-rave-pkjws-lxxjn?format=ical
2026-03-16 06:28:51,945 - INFO - Fetching iCal: https://www.lackawanna.com/events/unsucky-networking-game-night-3jef9?format=ical
2026-03-16 06:28:52,547 - INFO - Fetching iCal: https://www.lackawanna.com/events/vintage-vibes-y59gj?format=ical
2026-03-16 06:28:53,128 - INFO - Fetching iCal: https://www.lackawanna.com/events/walk-with-a-doc-byy2e?format=ical
2026-03-16 06:28:53,741 - INFO - Fetching iCal: https://www.lackawanna.com/events/walk-with-a-doc-byy2e-5je4l?format=ical
2026-03-16 06:28:54,355 - INFO - Fetching iCal: https://www.lackawanna.com/events/women-in-abstraction?format=ical
2026-03-16 06:28:54,968 - INFO - Filtered 9 events beyond 2 months out
2026-03-16 06:28:54,968 - INFO - Found 52 events
2026-03-16 06:28:54,975 - INFO - Written to cities/montclair/lackawanna.ics
2026-03-16 06:28:55,106 - INFO - Scraping Montclair Brewery
2026-03-16 06:28:56,876 - INFO - Discovered 24 event URLs from organizer page
2026-03-16 06:28:56,876 - INFO - Fetching 24 event pages (parallel)...
2026-03-16 06:28:57,121 - WARNING - No JSON-LD Event found at https://www.eventbrite.com/e/the-mexi-boys-at-montclair-brewery-tickets-1984586651097
2026-03-16 06:28:57,202 - WARNING - No JSON-LD Event found at https://www.eventbrite.com/e/the-gutter-kings-live-at-montclair-brewery-tickets-1984634808136
2026-03-16 06:28:57,223 - WARNING - No JSON-LD Event found at https://www.eventbrite.com/e/notorious-bbq-at-montclair-brewery-tickets-1983913692259
2026-03-16 06:28:57,346 - WARNING - No JSON-LD Event found at https://www.eventbrite.com/e/open-mic-night-at-montclair-brewery-tickets-1983903846811
2026-03-16 06:28:57,520 - WARNING - No JSON-LD Event found at https://www.eventbrite.com/e/rhythm-ribz-smokehouse-at-montclair-brewery-tickets-1984580080444
2026-03-16 06:28:57,747 - WARNING - No JSON-LD Event found at https://www.eventbrite.com/e/dna-live-at-montclair-brewery-tickets-1982903851799
2026-03-16 06:28:57,776 - WARNING - No JSON-LD Event found at https://www.eventbrite.com/e/crow-magnum-live-at-montclair-brewery-tickets-1981049419141
2026-03-16 06:28:57,783 - WARNING - No JSON-LD Event found at https://www.eventbrite.com/e/sarah-hodd-the-drive-live-at-montclair-brewery-tickets-1981024848650
2026-03-16 06:28:57,874 - WARNING - No JSON-LD Event found at https://www.eventbrite.com/e/rasha-jay-live-at-montclair-brewery-tickets-1982392884482
2026-03-16 06:28:57,937 - WARNING - No JSON-LD Event found at https://www.eventbrite.com/e/art-closing-sydnei-smithjordan-at-montclair-brewery-tickets-1983829401142
2026-03-16 06:28:58,055 - WARNING - No JSON-LD Event found at https://www.eventbrite.com/e/art-opening-christine-defazio-at-montclair-brewery-tickets-1983907525815
2026-03-16 06:28:58,155 - WARNING - No JSON-LD Event found at https://www.eventbrite.com/e/caribbean-grill-at-montclair-brewery-tickets-1984334444741
2026-03-16 06:28:58,156 - INFO - Got 10 future events
2026-03-16 06:28:58,156 - INFO - Found 10 events
2026-03-16 06:28:58,158 - INFO - Written to cities/montclair/eventbrite_montclair_brewery.ics
2026-03-16 06:28:58,289 - INFO - Scraping Montclair Book Center
2026-03-16 06:28:59,694 - INFO - Discovered 16 event URLs from organizer page
2026-03-16 06:28:59,695 - INFO - Fetching 16 event pages (parallel)...
2026-03-16 06:28:59,974 - WARNING - No JSON-LD Event found at https://www.eventbrite.com/e/world-read-aloud-day-tickets-1980196877165
2026-03-16 06:28:59,995 - WARNING - No JSON-LD Event found at https://www.eventbrite.com/e/valerie-wilson-wesleys-the-mysterious-death-of-junetta-plum-tickets-1976900194699
2026-03-16 06:29:00,033 - WARNING - No JSON-LD Event found at https://www.eventbrite.com/e/frank-rubinos-franks-lunch-service-tickets-1935551329129
2026-03-16 06:29:00,035 - WARNING - No JSON-LD Event found at https://www.eventbrite.com/e/leonard-apas-introducing-the-scarlett-scrapper-tickets-1538692022259
2026-03-16 06:29:00,045 - WARNING - No JSON-LD Event found at https://www.eventbrite.com/e/dg-woods-into-the-dark-we-go-tickets-1976399829092
2026-03-16 06:29:00,220 - WARNING - No JSON-LD Event found at https://www.eventbrite.com/e/elf-storytime-at-mbc-tickets-1549971088249
2026-03-16 06:29:00,251 - WARNING - No JSON-LD Event found at https://www.eventbrite.com/e/barry-morgensteins-rock-soul-tickets-1976396112977
2026-03-16 06:29:00,284 - WARNING - No JSON-LD Event found at https://www.eventbrite.com/e/montclair-book-lovers-book-club-tickets-1748662208739
2026-03-16 06:29:00,314 - WARNING - No JSON-LD Event found at https://www.eventbrite.com/e/nadia-khans-zoey-wonders-why-and-the-great-catastrophe-tickets-1979877113744
2026-03-16 06:29:00,473 - WARNING - No JSON-LD Event found at https://www.eventbrite.com/e/silent-book-club-of-death-tickets-1671517065539
2026-03-16 06:29:00,475 - WARNING - No JSON-LD Event found at https://www.eventbrite.com/e/artress-bethany-whites-a-black-doe-in-the-anthropocene-tickets-1976905296960
2026-03-16 06:29:00,637 - WARNING - No JSON-LD Event found at https://www.eventbrite.com/e/montclair-book-centers-holiday-heist-tickets-1858351331859
2026-03-16 06:29:00,637 - INFO - Got 4 future events
2026-03-16 06:29:00,637 - INFO - Filtered 1 events beyond 2 months out
2026-03-16 06:29:00,637 - INFO - Found 3 events
2026-03-16 06:29:00,638 - INFO - Written to cities/montclair/eventbrite_montclair_book_center.ics
2026-03-16 06:29:00,769 - INFO - Scraping Watchung Booksellers
2026-03-16 06:29:01,892 - INFO - Discovered 12 event URLs from organizer page
2026-03-16 06:29:01,893 - INFO - Fetching 12 event pages (parallel)...
2026-03-16 06:29:02,190 - WARNING - No JSON-LD Event found at https://www.eventbrite.com/e/storytime-wadam-gustavson-the-aliens-do-not-want-to-go-home-tickets-1404831070549
2026-03-16 06:29:02,194 - WARNING - No JSON-LD Event found at https://www.eventbrite.com/e/kids-room-crafts-tales-ages-3-6-tickets-1428660314459
2026-03-16 06:29:02,219 - WARNING - No JSON-LD Event found at https://www.eventbrite.com/e/cleyvis-natera-the-grand-paloma-resort-tickets-1406571024799
2026-03-16 06:29:02,225 - WARNING - No JSON-LD Event found at https://www.eventbrite.com/e/john-seabrook-the-spinach-king-tickets-1417516874129
2026-03-16 06:29:02,302 - WARNING - No JSON-LD Event found at https://www.eventbrite.com/e/cookbook-club-tickets-1417494567409
2026-03-16 06:29:02,388 - WARNING - No JSON-LD Event found at https://www.eventbrite.com/e/dan-gill-no-more-chairs-tickets-1406484425779
2026-03-16 06:29:02,477 - WARNING - No JSON-LD Event found at https://www.eventbrite.com/e/bastille-day-celebration-author-storytime-tickets-1411038908359
2026-03-16 06:29:02,481 - WARNING - No JSON-LD Event found at https://www.eventbrite.com/e/rebecca-firkser-galette-tickets-1406560272639
2026-03-16 06:29:02,485 - WARNING - No JSON-LD Event found at https://www.eventbrite.com/e/grumpy-monkey-tickets-1417778627039
2026-03-16 06:29:02,572 - WARNING - No JSON-LD Event found at https://www.eventbrite.com/e/paul-vigna-the-almightier-tickets-1418000821629
2026-03-16 06:29:02,598 - WARNING - No JSON-LD Event found at https://www.eventbrite.com/e/kids-room-crafts-tales-ages-3-6-tickets-1428607035099
2026-03-16 06:29:02,721 - WARNING - No JSON-LD Event found at https://www.eventbrite.com/e/anything-goes-book-club-tickets-1373358475169
2026-03-16 06:29:02,721 - INFO - Got 0 future events
2026-03-16 06:29:02,722 - INFO - Found 0 events
2026-03-16 06:29:02,722 - INFO - Written to cities/montclair/eventbrite_watchung_booksellers.ics
2026-03-16 06:29:02,853 - INFO - Scraping Loopwell
2026-03-16 06:29:04,474 - INFO - Discovered 18 event URLs from organizer page
2026-03-16 06:29:04,474 - INFO - Fetching 18 event pages (parallel)...
2026-03-16 06:29:04,712 - WARNING - No JSON-LD Event found at https://www.eventbrite.com/e/discovering-your-ikigai-with-nicole-finding-meaning-in-your-work-life-tickets-1981877462842
2026-03-16 06:29:04,748 - WARNING - No JSON-LD Event found at https://www.eventbrite.com/e/hope-is-the-strategy-with-jen-fisher-fireside-chat-and-qa-tickets-1982316719671
2026-03-16 06:29:04,789 - WARNING - No JSON-LD Event found at https://www.eventbrite.com/e/yin-yoga-restoring-with-kanan-tickets-1984654993511
2026-03-16 06:29:04,851 - WARNING - No JSON-LD Event found at https://www.eventbrite.com/e/mantra-meditation-gong-bath-with-chris-tickets-1981879996420
2026-03-16 06:29:04,914 - WARNING - No JSON-LD Event found at https://www.eventbrite.com/e/women-rising-empowerment-with-reiki-with-jen-tickets-1984654785890
2026-03-16 06:29:05,043 - WARNING - No JSON-LD Event found at https://www.eventbrite.com/e/reiki-guided-meditation-chakra-balancing-with-jen-tickets-1981874298377
2026-03-16 06:29:05,065 - WARNING - No JSON-LD Event found at https://www.eventbrite.com/e/gong-sound-bath-meditation-with-chris-at-loopwell-tickets-1977631394738
2026-03-16 06:29:05,079 - WARNING - No JSON-LD Event found at https://www.eventbrite.com/e/discovering-your-ikigai-with-nicole-finding-meaning-in-your-work-life-tickets-1983277684944
2026-03-16 06:29:05,164 - WARNING - No JSON-LD Event found at https://www.eventbrite.com/e/sound-bath-chakra-balancing-with-vinni-tickets-1978458043266
2026-03-16 06:29:05,298 - WARNING - No JSON-LD Event found at https://www.eventbrite.com/e/mantra-meditation-gong-bath-with-chris-tickets-1984064877458
2026-03-16 06:29:05,305 - WARNING - No JSON-LD Event found at https://www.eventbrite.com/e/m-factor-2-screening-tickets-1981864697661
2026-03-16 06:29:05,455 - WARNING - No JSON-LD Event found at https://www.eventbrite.com/e/valentines-heart-opening-sound-bath-with-kanan-tickets-1981876064660
2026-03-16 06:29:05,477 - INFO - Got 5 future events
2026-03-16 06:29:05,477 - INFO - Found 5 events
2026-03-16 06:29:05,478 - INFO - Written to cities/montclair/eventbrite_loopwell.ics
2026-03-16 06:29:05,609 - INFO - Scraping Essex County Parks
2026-03-16 06:29:05,609 - INFO - Fetching https://essexcountyparks.org/calendar.json/general?start=2026-03-16&end=2026-05-17
2026-03-16 06:29:05,979 - INFO - Got 69 raw events
2026-03-16 06:29:05,979 - INFO - Filtered to 56 events
2026-03-16 06:29:05,979 - INFO - Filtered 1 events beyond 2 months out
2026-03-16 06:29:05,979 - INFO - Found 55 events
2026-03-16 06:29:05,987 - INFO - Written to cities/montclair/essex_county_parks.ics
2026-03-16 06:29:06,116 - INFO - Scraping Montclair Film
2026-03-16 06:29:06,890 - INFO - Found 12 current films on listing page
2026-03-16 06:29:06,890 - INFO - Fetching 12 film pages (parallel)...
2026-03-16 06:29:13,193 - INFO - Got 104 future screenings
2026-03-16 06:29:13,193 - INFO - Found 104 events
2026-03-16 06:29:13,208 - INFO - Written to cities/montclair/montclair_film.ics
2026-03-16 06:29:13,338 - INFO - Scraping Wellmont Theater
2026-03-16 06:29:13,527 - INFO - Found 5 future events from Songkick
2026-03-16 06:29:13,527 - INFO - Found 5 events
2026-03-16 06:29:13,528 - INFO - Written to cities/montclair/songkick_wellmont.ics
2026-03-16 06:29:13,657 - INFO - Scraping Studio Montclair
2026-03-16 06:29:18,999 - INFO - Extracted 3 events from 10 posts
2026-03-16 06:29:18,999 - INFO - Filtered 1 events beyond 2 months out
2026-03-16 06:29:18,999 - INFO - Found 2 events
2026-03-16 06:29:19,000 - INFO - Written to cities/montclair/studio_montclair.ics
2026-03-16 06:29:19,130 - INFO - Scraping Turtle Back Zoo
2026-03-16 06:29:19,426 - INFO - Extracted 78 future events from 50 posts
2026-03-16 06:29:19,427 - INFO - Filtered 49 events beyond 2 months out
2026-03-16 06:29:19,427 - INFO - Found 29 events
2026-03-16 06:29:19,431 - INFO - Written to cities/montclair/turtle_back_zoo.ics
2026-03-16 06:29:19,561 - INFO - Scraping The Raptor Trust
2026-03-16 06:29:19,975 - INFO - Found 11 event slugs
2026-03-16 06:29:19,975 - INFO - Fetching 11 event pages...
2026-03-16 06:29:20,433 - INFO - Found 5 future events
2026-03-16 06:29:20,433 - INFO - Filtered 2 events beyond 2 months out
2026-03-16 06:29:20,433 - INFO - Found 3 events
2026-03-16 06:29:20,434 - INFO - Written to cities/montclair/raptor_trust.ics
Traceback (most recent call last):
  File "/home/runner/work/community-calendar/community-calendar/scrapers/growthzone.py", line 202, in <module>
    main()
  File "/home/runner/work/community-calendar/community-calendar/scrapers/growthzone.py", line 198, in main
    scraper.run(args.output)
  File "/home/runner/work/community-calendar/community-calendar/scrapers/lib/base.py", line 126, in run
    events = self.fetch_events()
  File "/home/runner/work/community-calendar/community-calendar/scrapers/growthzone.py", line 84, in fetch_events
    response.raise_for_status()
  File "/opt/hostedtoolcache/Python/3.10.20/x64/lib/python3.10/site-packages/requests/models.py", line 960, in raise_for_status
    raise HTTPError(http_error_msg, response=self)
requests.exceptions.HTTPError: 404 Client Error: Not Found for url: https://business.roanokechamber.org/api/events
2026-03-16 06:29:55,671 - INFO - Fetching: https://www.taubmanmuseum.org/exhibition/selections-from-the-permanent-collection-1850-1950/
2026-03-16 06:29:59,128 - INFO - Fetching: https://www.taubmanmuseum.org/john-bramblitt-mural
2026-03-16 06:30:03,083 - INFO - Fetching: https://www.taubmanmuseum.org/event/highlights-from-the-permanent-collection-the-watercolor-landscapes-of-pierre-daura/
2026-03-16 06:30:06,092 - INFO - Fetching: https://www.taubmanmuseum.org/event/a-sparkling-legacy-the-judith-leiber-collection/
2026-03-16 06:30:08,209 - INFO - Fetching: https://www.taubmanmuseum.org/event/leuyen-came-along-the-art-of-leuyen-pham/
2026-03-16 06:30:10,255 - INFO - Fetching: https://www.taubmanmuseum.org/event/mindy-lam-transcendent-beauty/
2026-03-16 06:30:13,301 - INFO - Fetching: https://www.taubmanmuseum.org/event/taubman-museum-of-art-75th-anniversary-gifts-to-the-collection/
2026-03-16 06:30:16,044 - INFO - Fetching: https://www.taubmanmuseum.org/event/david-ramey-a-gift-of-memory/
2026-03-16 06:30:18,121 - INFO - Fetching: https://www.taubmanmuseum.org/event/spring-break-mini-camp/
2026-03-16 06:30:20,546 - INFO - Fetching: https://www.taubmanmuseum.org/free-art-venture-march-21
2026-03-16 06:30:23,484 - INFO - Fetching: https://www.taubmanmuseum.org/happy-hearts-community-session-ages-10-and-older-march-28
2026-03-16 06:30:26,037 - INFO - Fetching: https://www.taubmanmuseum.org/mixed-media-playing-cards
2026-03-16 06:30:28,295 - INFO - Fetching: https://www.taubmanmuseum.org/conversation-with-nancy-lorenz
2026-03-16 06:30:30,939 - INFO - Fetching: https://www.taubmanmuseum.org/arch-tour-april-3
2026-03-16 06:30:33,253 - INFO - Fetching: https://www.taubmanmuseum.org/happy-hearts-community-session-ages-10-and-under-april-11
2026-03-16 06:30:35,958 - INFO - Fetching: https://www.taubmanmuseum.org/april-member-hour-75th-anniversary-and-new-visions-for-the-permanent-collection
2026-03-16 06:30:39,312 - INFO - Fetching: https://www.taubmanmuseum.org/architectural-highlights-behind-the-scenes-tour-april-17
2026-03-16 06:30:43,220 - INFO - Fetching: https://www.taubmanmuseum.org/event/mokha-laget-mural-title-tbd/
2026-03-16 06:30:45,624 - INFO - Fetching: https://www.taubmanmuseum.org/conversation-with-the-curator-laget
2026-03-16 06:30:48,006 - INFO - Fetching: https://www.taubmanmuseum.org/happy-hearts-community-session-ages-10-and-older-april-25
2026-03-16 06:30:50,067 - INFO - Fetching: https://www.taubmanmuseum.org/happy-hearts-community-session-ages-10-and-under-may-9
2026-03-16 06:30:52,363 - INFO - Fetching: https://www.taubmanmuseum.org/happy-hearts-community-session-ages-10-and-older-may-23
2026-03-16 06:30:55,186 - INFO - Fetching: https://www.taubmanmuseum.org/event/68th-annual-sidewalk-art-show-saturday/2026-05-30/
2026-03-16 06:30:59,225 - INFO - Fetching: https://www.taubmanmuseum.org/event/68th-annual-sidewalk-art-show-saturday-2/
2026-03-16 06:31:00,762 - WARNING - Request failed, retrying in 1.9s (attempt 1/3)
2026-03-16 06:31:02,692 - INFO - Fetching: https://www.taubmanmuseum.org/event/68th-annual-sidewalk-art-show-saturday-2/
2026-03-16 06:31:04,151 - WARNING - Request failed, retrying in 2.0s (attempt 2/3)
2026-03-16 06:31:06,190 - INFO - Fetching: https://www.taubmanmuseum.org/event/68th-annual-sidewalk-art-show-saturday-2/
2026-03-16 06:31:07,920 - ERROR - Failed to fetch https://www.taubmanmuseum.org/event/68th-annual-sidewalk-art-show-saturday-2/ after 3 attempts: 404 Client Error: Not Found for url: https://www.taubmanmuseum.org/event/68th-annual-sidewalk-art-show-saturday-2/
2026-03-16 06:31:07,920 - WARNING - Could not fetch event page https://www.taubmanmuseum.org/event/68th-annual-sidewalk-art-show-saturday-2/: 404 Client Error: Not Found for url: https://www.taubmanmuseum.org/event/68th-annual-sidewalk-art-show-saturday-2/
2026-03-16 06:31:08,421 - INFO - Fetching: https://www.taubmanmuseum.org/event/68th-annual-sidewalk-art-show-sunday
2026-03-16 06:31:10,578 - INFO - Fetching: https://www.taubmanmuseum.org/architectural-highlights-behind-the-scenes-tour-june-6
2026-03-16 06:31:12,621 - INFO - Fetching: https://www.taubmanmuseum.org/happy-hearts-community-session-ages-10-and-under-june-13
2026-03-16 06:31:15,399 - INFO - Fetching: https://www.taubmanmuseum.org/happy-hearts-community-session-ages-10-and-older-june-27
2026-03-16 06:31:18,051 - INFO - Fetching: https://www.taubmanmuseum.org/american-made
2026-03-16 06:31:20,195 - INFO - Fetching: https://www.taubmanmuseum.org/event/kent-bicentennial-portfolio-the-spirit-of-independence/
2026-03-16 06:31:22,648 - INFO - Fetched 30 events
2026-03-16 06:31:22,659 - INFO - Wrote cities/roanoke/taubman_museum.ics
2026-03-16 06:31:36,161 - INFO - Processing meetup_make_roanoke.ics...
2026-03-16 06:31:36,162 - INFO -   Fetching image for: https://www.meetup.com/make-roanoke/events/313432150/
2026-03-16 06:31:36,933 - INFO -     -> https://secure.meetupstatic.com/photos/event/6/f/1/6/600_532168438.jpeg
2026-03-16 06:31:36,933 - INFO -   Fetching image for: https://www.meetup.com/make-roanoke/events/313729286/
2026-03-16 06:31:37,698 - INFO -     -> https://secure.meetupstatic.com/photos/event/8/e/3/6/600_533136406.jpeg
2026-03-16 06:31:37,699 - INFO -   Fetching image for: https://www.meetup.com/make-roanoke/events/313432308/
2026-03-16 06:31:38,446 - INFO -     -> https://secure.meetupstatic.com/photos/event/3/f/f/3/600_532816371.jpeg
2026-03-16 06:31:38,446 - INFO -   Fetching image for: https://www.meetup.com/make-roanoke/events/313432537/
2026-03-16 06:31:39,349 - INFO -     -> https://secure.meetupstatic.com/photos/event/4/0/9/6/600_532816534.jpeg
2026-03-16 06:31:39,350 - INFO -   Fetching image for: https://www.meetup.com/make-roanoke/events/313744165/
2026-03-16 06:31:40,116 - INFO -     -> https://secure.meetupstatic.com/photos/event/c/3/4/4/600_533149988.jpeg
2026-03-16 06:31:40,117 - INFO -   Fetching image for: https://www.meetup.com/make-roanoke/events/312502181/
2026-03-16 06:31:41,965 - INFO -     -> https://secure.meetupstatic.com/photos/event/1/9/f/c/600_527586652.jpeg
2026-03-16 06:31:41,966 - INFO -   Fetching image for: https://www.meetup.com/make-roanoke/events/313607123/
2026-03-16 06:31:42,724 - INFO -     -> https://secure.meetupstatic.com/photos/event/6/f/0/e/600_532168430.jpeg
2026-03-16 06:31:42,725 - INFO -   Fetching image for: https://www.meetup.com/make-roanoke/events/312807964/
2026-03-16 06:31:43,525 - INFO -     -> https://secure.meetupstatic.com/photos/event/6/f/8/3/600_530488547.jpeg
2026-03-16 06:31:43,525 - INFO -   Fetching image for: https://www.meetup.com/make-roanoke/events/313574137/
2026-03-16 06:31:44,125 - INFO -     -> https://secure.meetupstatic.com/photos/event/9/3/3/e/600_532957694.jpeg
2026-03-16 06:31:44,125 - INFO -   Fetching image for: https://www.meetup.com/make-roanoke/events/313668192/
2026-03-16 06:31:44,929 - INFO -     -> https://secure.meetupstatic.com/photos/event/e/4/f/1/600_530638609.jpeg
2026-03-16 06:31:44,929 - INFO - meetup_make_roanoke.ics: added 10 image(s)
2026-03-16 06:31:44,929 - INFO - Processing meetup_pathfinders_greenways.ics...
2026-03-16 06:31:44,930 - INFO -   Fetching image for: https://www.meetup.com/pathfinders-for-greenways/events/312280246/
2026-03-16 06:31:45,706 - INFO -     -> https://secure.meetupstatic.com/photos/event/e/7/3/2/600_531599186.jpeg
2026-03-16 06:31:45,706 - INFO -   Fetching image for: https://www.meetup.com/pathfinders-for-greenways/events/312280265/
2026-03-16 06:31:46,472 - INFO -     -> https://secure.meetupstatic.com/photos/event/e/7/3/2/600_531599186.jpeg
2026-03-16 06:31:46,472 - INFO -   Fetching image for: https://www.meetup.com/pathfinders-for-greenways/events/312280281/
2026-03-16 06:31:47,282 - INFO -     -> https://secure.meetupstatic.com/photos/event/e/7/3/2/600_531599186.jpeg
2026-03-16 06:31:47,283 - INFO -   Fetching image for: https://www.meetup.com/pathfinders-for-greenways/events/312280290/
2026-03-16 06:31:48,054 - INFO -     -> https://secure.meetupstatic.com/photos/event/e/7/3/2/600_531599186.jpeg
2026-03-16 06:31:48,055 - INFO -   Fetching image for: https://www.meetup.com/pathfinders-for-greenways/events/312280295/
2026-03-16 06:31:48,817 - INFO -     -> https://secure.meetupstatic.com/photos/event/e/7/3/2/600_531599186.jpeg
2026-03-16 06:31:48,817 - INFO -   Fetching image for: https://www.meetup.com/pathfinders-for-greenways/events/312280300/
2026-03-16 06:31:49,607 - INFO -     -> https://secure.meetupstatic.com/photos/event/e/7/3/2/600_531599186.jpeg
2026-03-16 06:31:49,607 - INFO -   Fetching image for: https://www.meetup.com/pathfinders-for-greenways/events/312280305/
2026-03-16 06:31:50,702 - INFO -     -> https://secure.meetupstatic.com/photos/event/e/7/3/2/600_531599186.jpeg
2026-03-16 06:31:50,702 - INFO -   Fetching image for: https://www.meetup.com/pathfinders-for-greenways/events/312280307/
2026-03-16 06:31:51,498 - INFO -     -> https://secure.meetupstatic.com/photos/event/e/7/3/2/600_531599186.jpeg
2026-03-16 06:31:51,498 - INFO -   Fetching image for: https://www.meetup.com/pathfinders-for-greenways/events/312280318/
2026-03-16 06:31:52,937 - INFO -     -> https://secure.meetupstatic.com/photos/event/e/7/3/2/600_531599186.jpeg
2026-03-16 06:31:52,937 - INFO - meetup_pathfinders_greenways.ics: added 9 image(s)
2026-03-16 06:31:52,937 - INFO - Processing meetup_roanoke_spiritual.ics...
2026-03-16 06:31:52,938 - INFO -   Fetching image for: https://www.meetup.com/roanoke-spiritual-experiences-group/events/313553467/
2026-03-16 06:31:53,687 - INFO -     -> https://secure.meetupstatic.com/photos/event/4/7/3/d/600_532938237.jpeg
2026-03-16 06:31:53,687 - INFO -   Fetching image for: https://www.meetup.com/roanoke-spiritual-experiences-group/events/313553471/
2026-03-16 06:31:54,493 - INFO -     -> https://secure.meetupstatic.com/photos/event/4/7/3/d/600_532938237.jpeg
2026-03-16 06:31:54,494 - INFO - meetup_roanoke_spiritual.ics: added 2 image(s)
2026-03-16 06:31:54,494 - INFO - Processing meetup_roanoke_valley_net.ics...
2026-03-16 06:31:54,494 - INFO -   Fetching image for: https://www.meetup.com/roanoke-valley-net-user-group/events/313774147/
2026-03-16 06:31:55,322 - INFO -     -> https://secure.meetupstatic.com/photos/event/1/c/1/a/600_487927194.jpeg
2026-03-16 06:31:55,322 - INFO -   Fetching image for: https://www.meetup.com/roanoke-valley-net-user-group/events/313580095/
2026-03-16 06:31:57,099 - INFO -     -> https://secure.meetupstatic.com/photos/event/1/c/1/a/600_487927194.jpeg
2026-03-16 06:31:57,099 - INFO -   Fetching image for: https://www.meetup.com/roanoke-valley-net-user-group/events/313580154/
2026-03-16 06:31:57,899 - INFO -     -> https://secure.meetupstatic.com/photos/event/1/c/1/a/600_487927194.jpeg
2026-03-16 06:31:57,900 - INFO - meetup_roanoke_valley_net.ics: added 3 image(s)
2026-03-16 06:31:57,900 - INFO - Processing meetup_shut_up_write.ics...
2026-03-16 06:31:57,900 - INFO -   Fetching image for: https://www.meetup.com/shut-up-write-roanoke/events/313396362/
2026-03-16 06:31:58,681 - INFO -     -> https://secure.meetupstatic.com/photos/event/a/d/5/5/600_529664373.jpeg
2026-03-16 06:31:58,681 - INFO - meetup_shut_up_write.ics: added 1 image(s)
2026-03-16 06:31:58,681 - INFO - Processing meetup_sw_va_toastmasters.ics...
2026-03-16 06:31:58,682 - INFO -   Fetching image for: https://www.meetup.com/southwest-va-toastmasters-meetup-group/events/313559833/
2026-03-16 06:31:59,464 - INFO -     -> https://secure.meetupstatic.com/photos/event/8/f/5/6/600_529956694.jpeg
2026-03-16 06:31:59,464 - INFO -   Fetching image for: https://www.meetup.com/southwest-va-toastmasters-meetup-group/events/313559834/
2026-03-16 06:32:00,212 - INFO -     -> https://secure.meetupstatic.com/photos/event/8/f/5/6/600_529956694.jpeg
2026-03-16 06:32:00,212 - INFO -   Fetching image for: https://www.meetup.com/southwest-va-toastmasters-meetup-group/events/313566939/
2026-03-16 06:32:00,959 - INFO -     -> https://secure.meetupstatic.com/photos/event/8/f/5/6/600_529956694.jpeg
2026-03-16 06:32:00,959 - INFO -   Fetching image for: https://www.meetup.com/southwest-va-toastmasters-meetup-group/events/313765354/
2026-03-16 06:32:02,241 - INFO -     -> https://secure.meetupstatic.com/photos/event/8/f/5/6/600_529956694.jpeg
2026-03-16 06:32:02,241 - INFO -   Fetching image for: https://www.meetup.com/southwest-va-toastmasters-meetup-group/events/313668798/
2026-03-16 06:32:03,762 - INFO -     -> https://secure.meetupstatic.com/photos/event/8/f/5/6/600_529956694.jpeg
2026-03-16 06:32:03,762 - INFO -   Fetching image for: https://www.meetup.com/southwest-va-toastmasters-meetup-group/events/313668799/
2026-03-16 06:32:04,537 - INFO -     -> https://secure.meetupstatic.com/photos/event/8/f/5/6/600_529956694.jpeg
2026-03-16 06:32:04,537 - INFO -   Fetching image for: https://www.meetup.com/southwest-va-toastmasters-meetup-group/events/313765284/
2026-03-16 06:32:05,395 - INFO -     -> https://secure.meetupstatic.com/photos/event/a/d/7/600_532922775.jpeg
2026-03-16 06:32:05,395 - INFO -   Fetching image for: https://www.meetup.com/southwest-va-toastmasters-meetup-group/events/313765185/
2026-03-16 06:32:06,650 - INFO -     -> https://secure.meetupstatic.com/photos/event/8/f/5/6/600_529956694.jpeg
2026-03-16 06:32:06,651 - INFO -   Fetching image for: https://www.meetup.com/southwest-va-toastmasters-meetup-group/events/313765203/
2026-03-16 06:32:07,540 - INFO -     -> https://secure.meetupstatic.com/photos/event/8/f/5/6/600_529956694.jpeg
2026-03-16 06:32:07,541 - INFO -   Fetching image for: https://www.meetup.com/southwest-va-toastmasters-meetup-group/events/313581994/
2026-03-16 06:32:09,079 - INFO -     -> https://secure.meetupstatic.com/photos/event/8/f/5/6/600_529956694.jpeg
2026-03-16 06:32:09,080 - INFO - meetup_sw_va_toastmasters.ics: added 10 image(s)
2026-03-16 06:32:09,080 - INFO - Done. Total images added: 35
Fetched 2 events from Legistar
Wrote cities/matsu/matsu_borough_assembly.ics
2026-03-16 06:32:10,291 - INFO - Scraping Mat-Su Convention & Visitors Bureau
2026-03-16 06:32:10,299 - INFO - Fetching RSS from https://www.alaskavisit.com/event/rss/
2026-03-16 06:32:10,785 - INFO - Found 30 event URLs in RSS
2026-03-16 06:32:15,355 - INFO -   + 50ish and Over Hike: Moose Range from Yarrow Road (2026-03-17)
2026-03-16 06:32:16,310 - INFO -   + Family Free Activity Day: Snack Superheroes (2026-03-18)
2026-03-16 06:32:18,167 - INFO -   + Black Wolf Endurance 2026 Race Calendar (2026-03-21)
2026-03-16 06:32:19,096 - INFO -   + Special Olympics in the Mat-Su Spaghetti Dinner and Auction (2026-03-21)
2026-03-16 06:32:20,099 - INFO -   + Third Saturday Adventure: Sunrise Butte Hike (2026-03-21)
2026-03-16 06:32:21,006 - INFO -   + Fat Tire Bike Ride: Moose Range (2026-03-25)
2026-03-16 06:32:21,842 - INFO -   + Free Quarterly Community Hike: Dew Mound &#8211; Sponsored by Now Health (2026-03-28)
2026-03-16 06:32:22,817 - INFO -   + The Beat of Us Welcome Reception at Susitna Brewing Company (2026-04-01)
2026-03-16 06:32:23,849 - INFO -   + Ladies Night Out(doors): Moose Range from Wendt Road (2026-04-02)
2026-03-16 06:32:24,830 - INFO -   + The Beat of Us Community Meet & Greet at Band of Brothers (2026-04-02)
2026-03-16 06:32:27,517 - INFO -   + Organic Gardening: Build Your Soil's Mineral Bank (2026-04-07)
2026-03-16 06:32:29,282 - INFO -   + Mat-Su College Sumo Robotics Competition (2026-04-11)
2026-03-16 06:32:30,721 - INFO -   + Speaker Series: Presentation with Mary Gianotti (2026-04-13)
2026-03-16 06:32:31,833 - INFO -   + Organic Gardening: Build Your Soil's Microbe Bank (2026-04-14)
2026-03-16 06:32:34,927 - INFO -   + Mat-Su Outdoorsman Show (2026-04-17)
2026-03-16 06:32:36,038 - INFO -   + Organic Gardening: Your Soil's Health Care Plan (2026-04-21)
2026-03-16 06:32:37,139 - INFO -   + Mat-Su College Spring Open House (2026-04-22)
2026-03-16 06:32:38,228 - INFO -   + United Way of Mat-Su 2026 Kickoff Kitchen (2026-04-24)
2026-03-16 06:32:39,353 - INFO -   + Beer & Wine Tasting/Travel Auction (2026-05-01)
2026-03-16 06:32:40,355 - INFO - Scraped 19 future events from alaskavisit.com
2026-03-16 06:32:40,355 - INFO - Found 19 events
2026-03-16 06:32:40,359 - INFO - Written to cities/matsu/alaskavisit.ics
2026-03-16 06:33:13,687 - JewishLearningWorksScraper - INFO - Scraping Jewish LearningWorks
2026-03-16 06:33:15,309 - __main__ - INFO - Found 21 events from API
2026-03-16 06:33:15,804 - __main__ - INFO -   2026-05-19 — 2026 Ruby Award: Inside the Adolescent Mind
2026-03-16 06:33:16,272 - __main__ - INFO -   2026-05-05 — Voices for Good Fellowship Siyum
2026-03-16 06:33:32,979 - JewishLearningWorksScraper - INFO - Filtered 1 events beyond 2 months out
2026-03-16 06:33:32,980 - JewishLearningWorksScraper - INFO - Found 1 events
2026-03-16 06:33:32,980 - JewishLearningWorksScraper - INFO - Written to cities/jweekly/jewishlearningworks.ics
2026-03-16 06:33:33,115 - INFO - Scraping JCCSF
2026-03-16 06:33:34,411 - INFO - Discovered 24 event URLs from organizer page
2026-03-16 06:33:34,411 - INFO - Fetching 24 event pages (parallel)...
2026-03-16 06:33:34,652 - WARNING - No JSON-LD Event found at https://www.eventbrite.com/e/the-san-francisco-symphony-presents-a-purim-community-concert-registration-1981799638066
2026-03-16 06:33:34,746 - WARNING - No JSON-LD Event found at https://www.eventbrite.com/e/zoe-aqua-and-her-transylvanian-string-band-in-a-sea-of-stars-tickets-1980011804608
2026-03-16 06:33:34,872 - WARNING - No JSON-LD Event found at https://www.eventbrite.com/e/roots-fruits-a-tu-bishvat-seder-printmaking-workshop-registration-1978348946956
2026-03-16 06:33:34,992 - WARNING - No JSON-LD Event found at https://www.eventbrite.com/e/maxine-sharf-maxis-kitchen-book-tour-tickets-1980493952726
2026-03-16 06:33:35,148 - WARNING - No JSON-LD Event found at https://www.eventbrite.com/e/newborn-playgroup-registration-1977747580252
2026-03-16 06:33:35,305 - WARNING - No JSON-LD Event found at https://www.eventbrite.com/e/dance-with-us-zumbathon-2026-registration-1977999549900
2026-03-16 06:33:35,343 - WARNING - No JSON-LD Event found at https://www.eventbrite.com/e/make-play-become-purim-mask-making-workshop-registration-1980520244365
2026-03-16 06:33:35,449 - WARNING - No JSON-LD Event found at https://www.eventbrite.com/e/purimpalooza-registration-1981052035968
2026-03-16 06:33:35,479 - WARNING - No JSON-LD Event found at https://www.eventbrite.com/e/twist-of-tradition-hands-on-challah-registration-1981046075139
2026-03-16 06:33:35,625 - WARNING - No JSON-LD Event found at https://www.eventbrite.com/e/live-long-prosper-jews-star-trek-registration-1980672668269
2026-03-16 06:33:35,641 - WARNING - No JSON-LD Event found at https://www.eventbrite.com/e/sunday-fun-day-registration-1980032568714
2026-03-16 06:33:35,900 - WARNING - No JSON-LD Event found at https://www.eventbrite.com/e/rebecca-newberger-goldstein-the-mattering-instinct-tickets-1978327130703
2026-03-16 06:33:36,354 - INFO - Got 12 future events
2026-03-16 06:33:36,354 - INFO - Found 12 events
2026-03-16 06:33:36,356 - INFO - Written to cities/jweekly/eventbrite_jccsf.ics
2026-03-16 06:33:36,490 - INFO - Scraping Congregation Emanu-El SF
2026-03-16 06:33:37,654 - INFO - Discovered 5 event URLs from organizer page
2026-03-16 06:33:37,654 - INFO - Fetching 5 event pages (parallel)...
2026-03-16 06:33:37,901 - WARNING - No JSON-LD Event found at https://www.eventbrite.com/e/yossi-klein-halevi-at-emanu-el-tickets-1319523894489
2026-03-16 06:33:37,915 - WARNING - No JSON-LD Event found at https://www.eventbrite.com/e/winner-of-the-2024-national-jewish-councils-book-of-the-year-tickets-1269729116969
2026-03-16 06:33:37,923 - WARNING - No JSON-LD Event found at https://www.eventbrite.com/e/emmanuel-acho-at-congregation-emanu-el-san-francisco-tickets-1778174540919
2026-03-16 06:33:37,973 - WARNING - No JSON-LD Event found at https://www.eventbrite.com/e/israeli-superstar-david-broza-in-concert-tickets-1613110690499
2026-03-16 06:33:38,291 - WARNING - No JSON-LD Event found at https://www.eventbrite.com/e/koleinu-things-are-gonna-change-tickets-1976926979814
2026-03-16 06:33:38,292 - INFO - Got 0 future events
2026-03-16 06:33:38,292 - INFO - Found 0 events
2026-03-16 06:33:38,292 - INFO - Written to cities/jweekly/eventbrite_emanu_el.ics
2026-03-16 06:33:38,424 - INFO - Scraping Chabad SF SOMA Shul
2026-03-16 06:33:39,654 - INFO - Discovered 13 event URLs from organizer page
2026-03-16 06:33:39,655 - INFO - Fetching 13 event pages (parallel)...
2026-03-16 06:33:39,851 - WARNING - No JSON-LD Event found at https://www.eventbrite.com/e/yjp-shabbat-dinner-tickets-1583607184719
2026-03-16 06:33:39,915 - WARNING - No JSON-LD Event found at https://www.eventbrite.com/e/yjp-shabbat-courage-connection-tickets-1478621198809
2026-03-16 06:33:39,922 - WARNING - No JSON-LD Event found at https://www.eventbrite.com/e/yjp-winter-shabbat-tickets-1979935351936
2026-03-16 06:33:39,962 - WARNING - No JSON-LD Event found at https://www.eventbrite.com/e/artisan-hamantash-bake-tickets-1982802035263
2026-03-16 06:33:39,989 - WARNING - No JSON-LD Event found at https://www.eventbrite.com/e/chanukah-lux-tickets-1968322667083
2026-03-16 06:33:40,091 - WARNING - No JSON-LD Event found at https://www.eventbrite.com/e/yjp-shabbat-dinner-tickets-1872012994259
2026-03-16 06:33:40,132 - WARNING - No JSON-LD Event found at https://www.eventbrite.com/e/havdalah-pizza-tickets-1981611634743
2026-03-16 06:33:40,149 - WARNING - No JSON-LD Event found at https://www.eventbrite.com/e/yjp-shabbat-fall-edition-tickets-1956879883409
2026-03-16 06:33:40,230 - WARNING - No JSON-LD Event found at https://www.eventbrite.com/e/yjp-mingle-in-the-sukkah-tickets-1708762878769
2026-03-16 06:33:40,273 - WARNING - No JSON-LD Event found at https://www.eventbrite.com/e/purim-feast-tickets-1983383564633
2026-03-16 06:33:40,404 - WARNING - No JSON-LD Event found at https://www.eventbrite.com/e/purim-madarae-tickets-1981651817932
2026-03-16 06:33:40,428 - WARNING - No JSON-LD Event found at https://www.eventbrite.com/e/shabbat-happy-hour-40s-up-tickets-1465682117669
2026-03-16 06:33:40,428 - INFO - Got 1 future events
2026-03-16 06:33:40,429 - INFO - Found 1 events
2026-03-16 06:33:40,429 - INFO - Written to cities/jweekly/eventbrite_chabad_soma.ics
2026-03-16 06:33:40,564 - INFO - Scraping JCC East Bay
2026-03-16 06:33:42,519 - INFO - Discovered 18 event URLs from organizer page
2026-03-16 06:33:42,519 - INFO - Fetching 18 event pages (parallel)...
2026-03-16 06:33:42,722 - WARNING - No JSON-LD Event found at https://www.eventbrite.com/e/purim-carnival-under-the-sea-tickets-1980420984476
2026-03-16 06:33:42,751 - WARNING - No JSON-LD Event found at https://www.eventbrite.com/e/tu-bshvat-family-celebration-tickets-1977454610973
2026-03-16 06:33:42,826 - WARNING - No JSON-LD Event found at https://www.eventbrite.com/e/cantamos-tickets-1629074438499
2026-03-16 06:33:42,850 - WARNING - No JSON-LD Event found at https://www.eventbrite.com/e/east-bay-jewish-writing-circle-december-1-2025-tickets-1296259329549
2026-03-16 06:33:43,093 - WARNING - No JSON-LD Event found at https://www.eventbrite.com/e/its-time-for-cantamos-tickets-1762088075869
2026-03-16 06:33:43,113 - WARNING - No JSON-LD Event found at https://www.eventbrite.com/e/east-bay-jewish-writing-circle-september-29-2025-tickets-1296257423849
2026-03-16 06:33:43,261 - WARNING - No JSON-LD Event found at https://www.eventbrite.com/e/family-sukkot-shake-your-lulav-and-etrog-tickets-1670001402149
2026-03-16 06:33:43,272 - WARNING - No JSON-LD Event found at https://www.eventbrite.com/e/family-chanukah-festival-spark-tickets-1962765225626
2026-03-16 06:33:43,312 - WARNING - No JSON-LD Event found at https://www.eventbrite.com/e/its-time-for-cantamos-tickets-1976918523521
2026-03-16 06:33:43,324 - WARNING - No JSON-LD Event found at https://www.eventbrite.com/e/its-time-for-cantamos-tickets-1976923082156
2026-03-16 06:33:43,449 - WARNING - No JSON-LD Event found at https://www.eventbrite.com/e/older-adult-chanukah-luncheon-tickets-1873570623169
2026-03-16 06:33:43,534 - WARNING - No JSON-LD Event found at https://www.eventbrite.com/e/east-bay-jewish-writing-circle-october-27-2025-tickets-1296258085829
2026-03-16 06:33:43,607 - INFO - Got 6 future events
2026-03-16 06:33:43,607 - INFO - Found 6 events
2026-03-16 06:33:43,609 - INFO - Written to cities/jweekly/eventbrite_jcc_east_bay.ics
2026-03-16 06:33:43,741 - INFO - Scraping Jewish Baby Network East Bay
2026-03-16 06:33:45,071 - INFO - Discovered 12 event URLs from organizer page
2026-03-16 06:33:45,071 - INFO - Fetching 12 event pages (parallel)...
2026-03-16 06:33:45,318 - WARNING - No JSON-LD Event found at https://www.eventbrite.com/e/shake-the-lulav-sukkot-celebration-registration-1708176545029
2026-03-16 06:33:45,329 - WARNING - No JSON-LD Event found at https://www.eventbrite.com/e/apples-and-honey-rosh-hashanah-celebration-registration-1602970079659
2026-03-16 06:33:45,342 - WARNING - No JSON-LD Event found at https://www.eventbrite.com/e/sunday-fun-day-pride-party-registration-1369176928049
2026-03-16 06:33:45,346 - WARNING - No JSON-LD Event found at https://www.eventbrite.com/e/sunday-fun-day-by-the-lake-registration-1299962204949
2026-03-16 06:33:45,369 - WARNING - No JSON-LD Event found at https://www.eventbrite.com/e/get-ready-for-thanksgiving-registration-1810068606929
2026-03-16 06:33:45,614 - WARNING - No JSON-LD Event found at https://www.eventbrite.com/e/east-bay-newborn-playgroup-for-babies-0-9-months-registration-1451170162019
2026-03-16 06:33:45,634 - WARNING - No JSON-LD Event found at https://www.eventbrite.com/e/shavuot-ice-cream-party-registration-1319537836189
2026-03-16 06:33:45,647 - WARNING - No JSON-LD Event found at https://www.eventbrite.com/e/summer-tot-shabbat-registration-1485385059699
2026-03-16 06:33:45,688 - WARNING - No JSON-LD Event found at https://www.eventbrite.com/e/dreidels-dancing-and-donuts-registration-1963648697113
2026-03-16 06:33:45,851 - WARNING - No JSON-LD Event found at https://www.eventbrite.com/e/summer-tot-shabbat-registration-1404019342649
2026-03-16 06:33:45,869 - WARNING - No JSON-LD Event found at https://www.eventbrite.com/e/sunday-fun-day-registration-1319521657799
2026-03-16 06:33:45,896 - WARNING - No JSON-LD Event found at https://www.eventbrite.com/e/shabbat-in-the-park-registration-1404168518839
2026-03-16 06:33:45,896 - INFO - Got 0 future events
2026-03-16 06:33:45,896 - INFO - Found 0 events
2026-03-16 06:33:45,897 - INFO - Written to cities/jweekly/eventbrite_jbn_east_bay.ics
2026-03-16 06:33:46,034 - INFO - Scraping Jewish Baby Network Peninsula
2026-03-16 06:33:47,469 - INFO - Discovered 12 event URLs from organizer page
2026-03-16 06:33:47,469 - INFO - Fetching 12 event pages (parallel)...
2026-03-16 06:33:47,650 - WARNING - No JSON-LD Event found at https://www.eventbrite.com/e/shabbat-picnic-dinner-registration-1451150603519
2026-03-16 06:33:47,695 - WARNING - No JSON-LD Event found at https://www.eventbrite.com/e/shabbat-picnic-dinner-registration-1451147795119
2026-03-16 06:33:47,720 - WARNING - No JSON-LD Event found at https://www.eventbrite.com/e/shabbat-picnic-dinner-registration-1316910347299
2026-03-16 06:33:47,760 - WARNING - No JSON-LD Event found at https://www.eventbrite.com/e/shabbat-in-the-garden-registration-1316839254659
2026-03-16 06:33:47,795 - WARNING - No JSON-LD Event found at https://www.eventbrite.com/e/rosh-hashanah-a-sweet-new-year-registration-1564809470249
2026-03-16 06:33:47,924 - WARNING - No JSON-LD Event found at https://www.eventbrite.com/e/peninsula-newborn-playgroup-for-babies-0-9-months-registration-1574595009059
2026-03-16 06:33:47,939 - WARNING - No JSON-LD Event found at https://www.eventbrite.com/e/tot-shabbat-picnic-registration-1481949554009
2026-03-16 06:33:47,966 - WARNING - No JSON-LD Event found at https://www.eventbrite.com/e/sukkot-party-in-the-sukkah-registration-1670336424209
2026-03-16 06:33:47,978 - WARNING - No JSON-LD Event found at https://www.eventbrite.com/e/festival-of-lights-hanukkah-party-registration-1963549079153
2026-03-16 06:33:48,025 - WARNING - No JSON-LD Event found at https://www.eventbrite.com/e/fall-family-fun-havdalah-registration-1775217024909
2026-03-16 06:33:48,185 - WARNING - No JSON-LD Event found at https://www.eventbrite.com/e/shabbat-picnic-dinner-registration-1314185035819
2026-03-16 06:33:48,197 - WARNING - No JSON-LD Event found at https://www.eventbrite.com/e/thanksgiving-sunday-funday-registration-1830301203169
2026-03-16 06:33:48,197 - INFO - Got 0 future events
2026-03-16 06:33:48,197 - INFO - Found 0 events
2026-03-16 06:33:48,198 - INFO - Written to cities/jweekly/eventbrite_jbn_peninsula.ics
2026-03-16 06:33:48,331 - INFO - Scraping Jewish Baby Network SF
2026-03-16 06:33:49,542 - INFO - Discovered 12 event URLs from organizer page
2026-03-16 06:33:49,542 - INFO - Fetching 12 event pages (parallel)...
2026-03-16 06:33:49,723 - WARNING - No JSON-LD Event found at https://www.eventbrite.com/e/sing-shalom-registration-1291976710119
2026-03-16 06:33:49,788 - WARNING - No JSON-LD Event found at https://www.eventbrite.com/e/tots-together-in-the-sukkah-registration-1008857348487
2026-03-16 06:33:49,831 - WARNING - No JSON-LD Event found at https://www.eventbrite.com/e/rosh-hashanah-extravaganza-registration-976502072987
2026-03-16 06:33:49,882 - WARNING - No JSON-LD Event found at https://www.eventbrite.com/e/sf-newborn-playgroup-for-babies-0-9-months-registration-1275219067559
2026-03-16 06:33:49,894 - WARNING - No JSON-LD Event found at https://www.eventbrite.com/e/a-musical-mitzvah-morning-registration-1115844945269
2026-03-16 06:33:49,930 - WARNING - No JSON-LD Event found at https://www.eventbrite.com/e/sing-shalom-registration-1250085091159
2026-03-16 06:33:49,939 - WARNING - No JSON-LD Event found at https://www.eventbrite.com/e/intergenerational-gratitude-playdate-registration-1044518772767
2026-03-16 06:33:49,985 - WARNING - No JSON-LD Event found at https://www.eventbrite.com/e/birthday-of-the-trees-registration-1124743220249
2026-03-16 06:33:50,061 - WARNING - No JSON-LD Event found at https://www.eventbrite.com/e/sf-newborn-playgroup-for-babies-0-9-months-registration-1008855603267
2026-03-16 06:33:50,081 - WARNING - No JSON-LD Event found at https://www.eventbrite.com/e/love-you-a-latke-hanukkah-party-registration-1077875728319
2026-03-16 06:33:50,157 - WARNING - No JSON-LD Event found at https://www.eventbrite.com/e/love-you-a-latke-hanukkah-party-registration-1963578256423
2026-03-16 06:33:50,201 - WARNING - No JSON-LD Event found at https://www.eventbrite.com/e/shabbat-picnic-registration-942603862527
2026-03-16 06:33:50,202 - INFO - Got 0 future events
2026-03-16 06:33:50,202 - INFO - Found 0 events
2026-03-16 06:33:50,203 - INFO - Written to cities/jweekly/eventbrite_jbn_sf.ics
2026-03-16 06:34:13,135 - INFO - Processing meetup_bayareajews.ics...
2026-03-16 06:34:13,136 - INFO -   Fetching image for: https://www.meetup.com/bayareajews/events/313611763/
2026-03-16 06:34:13,905 - INFO -     -> https://secure.meetupstatic.com/photos/event/7/d/c/e/600_533012206.jpeg
2026-03-16 06:34:13,906 - INFO - meetup_bayareajews.ics: added 1 image(s)
2026-03-16 06:34:13,906 - INFO - Processing meetup_jewish_singles.ics...
2026-03-16 06:34:13,906 - INFO -   Fetching image for: https://www.meetup.com/bay-area-jewish-singles-havurah/events/313436582/
2026-03-16 06:34:14,678 - INFO -     -> https://secure.meetupstatic.com/photos/event/8/1/e/3/600_505833251.jpeg
2026-03-16 06:34:14,678 - INFO -   Fetching image for: https://www.meetup.com/bay-area-jewish-singles-havurah/events/313779511/
2026-03-16 06:34:15,288 - INFO -     -> https://secure.meetupstatic.com/photos/event/8/1/e/3/600_505833251.jpeg
2026-03-16 06:34:15,288 - INFO -   Fetching image for: https://www.meetup.com/bay-area-jewish-singles-havurah/events/313566009/
2026-03-16 06:34:15,888 - INFO -     -> https://secure.meetupstatic.com/photos/event/8/1/e/3/600_505833251.jpeg
2026-03-16 06:34:15,889 - INFO - meetup_jewish_singles.ics: added 3 image(s)
2026-03-16 06:34:15,889 - INFO - Processing meetup_mountain_jew.ics...
2026-03-16 06:34:15,889 - INFO -   Fetching image for: https://www.meetup.com/mountain-jew/events/313622190/
2026-03-16 06:34:16,669 - INFO -     -> https://secure.meetupstatic.com/photos/event/3/4/5/a/600_532933402.jpeg
2026-03-16 06:34:16,669 - INFO -   Fetching image for: https://www.meetup.com/mountain-jew/events/313745835/
2026-03-16 06:34:18,112 - INFO -     -> https://secure.meetupstatic.com/photos/event/3/4/5/a/600_532933402.jpeg
2026-03-16 06:34:18,112 - INFO -   Fetching image for: https://www.meetup.com/mountain-jew/events/313533755/
2026-03-16 06:34:20,586 - INFO -     -> https://secure.meetupstatic.com/photos/event/3/3/4/600_532920820.jpeg
2026-03-16 06:34:20,587 - INFO - meetup_mountain_jew.ics: added 3 image(s)
2026-03-16 06:34:20,587 - INFO - Done. Total images added: 7
2026-03-16 06:34:45,185 - RevizeScraper - INFO - Scraping City of Evanston
2026-03-16 06:34:46,139 - __main__ - INFO - Fetched 207 total events from cityofevanston.org
2026-03-16 06:34:46,143 - __main__ - INFO - Found 60 events after category filter
2026-03-16 06:34:46,143 - RevizeScraper - INFO - Filtered 37 events beyond 2 months out
2026-03-16 06:34:46,143 - RevizeScraper - INFO - Found 23 events
2026-03-16 06:34:46,146 - RevizeScraper - INFO - Written to cities/evanston/city_of_evanston.ics
2026-03-16 06:34:46,277 - RevizeScraper - INFO - Scraping City of Evanston Meetings
2026-03-16 06:34:47,007 - __main__ - INFO - Fetched 207 total events from cityofevanston.org
2026-03-16 06:34:47,015 - __main__ - INFO - Found 129 events after category filter
2026-03-16 06:34:47,016 - RevizeScraper - INFO - Filtered 56 events beyond 2 months out
2026-03-16 06:34:47,016 - RevizeScraper - INFO - Found 73 events
2026-03-16 06:34:47,025 - RevizeScraper - INFO - Written to cities/evanston/city_of_evanston_meetings.ics
2026-03-16 06:34:47,159 - RevizeScraper - INFO - Scraping City of Evanston City Council
2026-03-16 06:34:47,952 - __main__ - INFO - Fetched 207 total events from cityofevanston.org
2026-03-16 06:34:47,955 - __main__ - INFO - Found 18 events after category filter
2026-03-16 06:34:47,955 - RevizeScraper - INFO - Filtered 13 events beyond 2 months out
2026-03-16 06:34:47,955 - RevizeScraper - INFO - Found 5 events
2026-03-16 06:34:47,956 - RevizeScraper - INFO - Written to cities/evanston/city_of_evanston_council.ics
2026-03-16 06:34:48,091 - PlanItPurpleScraper - INFO - Scraping Northwestern University
2026-03-16 06:34:49,661 - __main__ - INFO - Fetched 267 events from PlanIt Purple
2026-03-16 06:34:49,663 - PlanItPurpleScraper - INFO - Found 267 events
2026-03-16 06:34:49,744 - PlanItPurpleScraper - INFO - Written to cities/evanston/northwestern.ics
2026-03-16 06:34:49,937 - ChicagoBotanicScraper - INFO - Scraping Chicago Botanic Garden
2026-03-16 06:34:49,937 - __main__ - INFO - Fetching page 0: https://www.chicagobotanic.org/calendar
2026-03-16 06:34:50,524 - __main__ - INFO - Fetching page 1: https://www.chicagobotanic.org/calendar?page=1
2026-03-16 06:34:50,870 - __main__ - INFO - Fetching page 2: https://www.chicagobotanic.org/calendar?page=2
2026-03-16 06:34:55,659 - __main__ - INFO - Fetching page 3: https://www.chicagobotanic.org/calendar?page=3
2026-03-16 06:34:56,034 - __main__ - INFO - Fetching page 4: https://www.chicagobotanic.org/calendar?page=4
2026-03-16 06:34:56,425 - __main__ - INFO - Fetching page 5: https://www.chicagobotanic.org/calendar?page=5
2026-03-16 06:35:00,777 - __main__ - INFO - Fetching page 6: https://www.chicagobotanic.org/calendar?page=6
2026-03-16 06:35:04,450 - __main__ - INFO - Fetching page 7: https://www.chicagobotanic.org/calendar?page=7
2026-03-16 06:35:05,892 - __main__ - INFO - Found 148 events total
2026-03-16 06:35:05,892 - ChicagoBotanicScraper - INFO - Filtered 18 events beyond 2 months out
2026-03-16 06:35:05,892 - ChicagoBotanicScraper - INFO - Found 130 events
2026-03-16 06:35:05,911 - ChicagoBotanicScraper - INFO - Written to cities/evanston/chicago_botanic.ics
2026-03-16 06:35:06,068 - INFO - Scraping Bookends & Beginnings
2026-03-16 06:35:07,468 - INFO - Discovered 18 event URLs from organizer page
2026-03-16 06:35:07,468 - INFO - Fetching 18 event pages (parallel)...
2026-03-16 06:35:07,755 - WARNING - No JSON-LD Event found at https://www.eventbrite.com/e/character-and-voice-a-writing-workshop-tickets-1981485043104
2026-03-16 06:35:07,779 - WARNING - No JSON-LD Event found at https://www.eventbrite.com/e/writing-the-romance-novel-from-meet-cutes-to-happily-ever-afters-tickets-1982040155460
2026-03-16 06:35:07,805 - WARNING - No JSON-LD Event found at https://www.eventbrite.com/e/injustice-town-an-eveing-with-journalists-rick-tulsky-and-peter-slevin-tickets-1982084875218
2026-03-16 06:35:08,007 - WARNING - No JSON-LD Event found at https://www.eventbrite.com/e/reading-the-cards-a-tarot-study-group-tickets-1979230548851
2026-03-16 06:35:08,035 - WARNING - No JSON-LD Event found at https://www.eventbrite.com/e/janet-burroway-amy-danzer-and-miles-harvey-on-fiction-tickets-1980209254185
2026-03-16 06:35:08,061 - WARNING - No JSON-LD Event found at https://www.eventbrite.com/e/january-jumpstart-tickets-1977095676390
2026-03-16 06:35:08,119 - WARNING - No JSON-LD Event found at https://www.eventbrite.com/e/door-county-tamara-gaumond-and-jean-obrien-gibbons-tickets-1982092324499
2026-03-16 06:35:08,170 - WARNING - No JSON-LD Event found at https://www.eventbrite.com/e/an-evening-with-jonathan-gleason-on-field-guide-to-falling-ill-tickets-1979536658433
2026-03-16 06:35:08,298 - WARNING - No JSON-LD Event found at https://www.eventbrite.com/e/before-the-byline-an-evening-with-news-journalist-don-wycliff-tickets-1980123957059
2026-03-16 06:35:08,382 - WARNING - No JSON-LD Event found at https://www.eventbrite.com/e/global-issues-local-responses-book-club-february-meeting-tickets-1979563996201
2026-03-16 06:35:08,421 - WARNING - No JSON-LD Event found at https://www.eventbrite.com/e/rob-miller-rhett-miller-talk-country-punk-and-bloodshot-records-tickets-1976746479934
2026-03-16 06:35:08,566 - WARNING - No JSON-LD Event found at https://www.eventbrite.com/e/all-things-horror-with-ashley-cullins-and-jimmy-juliano-tickets-1804303944669
2026-03-16 06:35:08,566 - INFO - Got 6 future events
2026-03-16 06:35:08,567 - INFO - Filtered 1 events beyond 2 months out
2026-03-16 06:35:08,567 - INFO - Found 5 events
2026-03-16 06:35:08,568 - INFO - Written to cities/evanston/eb_bookends.ics
2026-03-16 06:35:08,700 - INFO - Scraping The Wine Goddess
2026-03-16 06:35:10,375 - INFO - Discovered 17 event URLs from organizer page
2026-03-16 06:35:10,376 - INFO - Fetching 17 event pages (parallel)...
2026-03-16 06:35:10,617 - WARNING - No JSON-LD Event found at https://www.eventbrite.com/e/the-wine-and-cheese-of-italy-tickets-1485224018019
2026-03-16 06:35:10,634 - WARNING - No JSON-LD Event found at https://www.eventbrite.com/e/sparkling-wine-from-around-the-world-and-their-cheese-match-made-in-heaven-tickets-1770877294659
2026-03-16 06:35:10,691 - WARNING - No JSON-LD Event found at https://www.eventbrite.com/e/the-great-wines-of-the-napa-valley-tickets-1977084240184
2026-03-16 06:35:10,706 - WARNING - No JSON-LD Event found at https://www.eventbrite.com/e/sparkling-wine-from-around-the-world-and-their-cheese-match-made-in-heaven-tickets-1770827485679
2026-03-16 06:35:10,720 - WARNING - No JSON-LD Event found at https://www.eventbrite.com/e/soup-n-bread-night-la-principal-pozole-edition-tickets-1983086603414
2026-03-16 06:35:10,873 - WARNING - No JSON-LD Event found at https://www.eventbrite.com/e/thanksgiving-mega-tasting-430-600-pm-session-tickets-1748888054249
2026-03-16 06:35:10,943 - WARNING - No JSON-LD Event found at https://www.eventbrite.com/e/wine-piron-chocolate-tickets-1977086602249
2026-03-16 06:35:11,096 - WARNING - No JSON-LD Event found at https://www.eventbrite.com/e/thanksgiving-mega-tasting-230-400-pm-session-tickets-1748876539809
2026-03-16 06:35:11,134 - WARNING - No JSON-LD Event found at https://www.eventbrite.com/e/women-in-wine-the-wine-goddess-to-know-tickets-1977091342427
2026-03-16 06:35:11,169 - WARNING - No JSON-LD Event found at https://www.eventbrite.com/e/a-guide-to-organic-biodynamic-and-natural-wine-tickets-1977090036521
2026-03-16 06:35:11,302 - WARNING - No JSON-LD Event found at https://www.eventbrite.com/e/the-italians-do-it-better-italys-take-on-international-wine-grapes-tickets-1977086278280
2026-03-16 06:35:11,350 - WARNING - No JSON-LD Event found at https://www.eventbrite.com/e/sparkling-wine-from-around-the-world-and-their-cheese-match-made-in-heaven-tickets-1770848699129
2026-03-16 06:35:11,351 - INFO - Got 5 future events
2026-03-16 06:35:11,351 - INFO - Found 5 events
2026-03-16 06:35:11,352 - INFO - Written to cities/evanston/eb_wine_goddess.ics
2026-03-16 06:35:11,483 - INFO - Scraping Hive Center for the Book Arts
2026-03-16 06:35:12,891 - INFO - Discovered 16 event URLs from organizer page
2026-03-16 06:35:12,891 - INFO - Fetching 16 event pages (parallel)...
2026-03-16 06:35:13,138 - WARNING - No JSON-LD Event found at https://www.eventbrite.com/e/eat-their-words-the-crime-brulee-bake-off-tickets-1712282616399
2026-03-16 06:35:13,152 - WARNING - No JSON-LD Event found at https://www.eventbrite.com/e/eat-their-words-for-never-and-always-tickets-1712273840149
2026-03-16 06:35:13,192 - WARNING - No JSON-LD Event found at https://www.eventbrite.com/e/eat-their-words-bite-by-bite-nourishment-and-jamborees-tickets-1982460647162
2026-03-16 06:35:13,210 - WARNING - No JSON-LD Event found at https://www.eventbrite.com/e/eat-their-words-tender-at-the-bone-tickets-1979028155487
2026-03-16 06:35:13,283 - WARNING - No JSON-LD Event found at https://www.eventbrite.com/e/eat-their-words-the-particular-sadness-of-lemon-cake-tickets-1980409102938
2026-03-16 06:35:13,367 - WARNING - No JSON-LD Event found at https://www.eventbrite.com/e/postponed-hive-salon-series-book-launch-the-scapegoat-child-tickets-1980492554544
2026-03-16 06:35:13,414 - WARNING - No JSON-LD Event found at https://www.eventbrite.com/e/get-real-non-fiction-book-group-107-days-tickets-1744397131779
2026-03-16 06:35:13,443 - WARNING - No JSON-LD Event found at https://www.eventbrite.com/e/get-real-non-fiction-book-group-a-paradise-built-in-hell-tickets-1744406559979
2026-03-16 06:35:13,629 - WARNING - No JSON-LD Event found at https://www.eventbrite.com/e/get-real-non-fiction-book-group-the-next-day-tickets-1974435607051
2026-03-16 06:35:13,668 - WARNING - No JSON-LD Event found at https://www.eventbrite.com/e/get-real-non-fiction-book-group-in-the-country-we-love-tickets-1979680757437
2026-03-16 06:35:13,698 - WARNING - No JSON-LD Event found at https://www.eventbrite.com/e/get-real-non-fiction-book-group-all-the-way-to-the-river-tickets-1982465404391
2026-03-16 06:35:13,852 - WARNING - No JSON-LD Event found at https://www.eventbrite.com/e/comic-strip-fun-a-hands-on-workshop-at-hive-tickets-1849059449589
2026-03-16 06:35:13,853 - INFO - Got 3 future events
2026-03-16 06:35:13,853 - INFO - Found 3 events
2026-03-16 06:35:13,854 - INFO - Written to cities/evanston/eb_hive_book_arts.ics
2026-03-16 06:35:13,984 - INFO - Scraping YWCA Evanston/North Shore
2026-03-16 06:35:15,406 - INFO - Discovered 17 event URLs from organizer page
2026-03-16 06:35:15,406 - INFO - Fetching 17 event pages (parallel)...
2026-03-16 06:35:15,671 - WARNING - No JSON-LD Event found at https://www.eventbrite.com/e/40-hour-domestic-violence-training-tickets-1758446543949
2026-03-16 06:35:15,675 - WARNING - No JSON-LD Event found at https://www.eventbrite.com/e/film-discussion-stamped-from-the-beginning-tickets-1981046562597
2026-03-16 06:35:15,707 - WARNING - No JSON-LD Event found at https://www.eventbrite.com/e/prek-4th-grade-caregiver-sex-education-workshop-its-that-easy-tickets-1527608882289
2026-03-16 06:35:15,902 - WARNING - No JSON-LD Event found at https://www.eventbrite.com/e/from-hate-to-humanity-the-history-of-anti-blackness-in-the-united-states-tickets-1981045370030
2026-03-16 06:35:15,922 - WARNING - No JSON-LD Event found at https://www.eventbrite.com/e/prevention-through-education-a-discussion-on-teen-dating-violence-tickets-1975147136254
2026-03-16 06:35:15,943 - WARNING - No JSON-LD Event found at https://www.eventbrite.com/e/basic-money-management-for-all-a-free-ywca-financial-wellness-workshop-tickets-1740323226619
2026-03-16 06:35:15,974 - WARNING - No JSON-LD Event found at https://www.eventbrite.com/e/i-have-a-dream-a-walk-into-your-future-career-event-tickets-1977925831406
2026-03-16 06:35:16,177 - WARNING - No JSON-LD Event found at https://www.eventbrite.com/e/the-soul-of-black-poetry-celebrating-and-centering-beauty-of-blackness-tickets-1981045894599
2026-03-16 06:35:16,201 - WARNING - No JSON-LD Event found at https://www.eventbrite.com/e/yw-culinary-information-session-tickets-1983362734329
2026-03-16 06:35:16,211 - WARNING - No JSON-LD Event found at https://www.eventbrite.com/e/in-her-voice-a-conversation-with-taylor-armstrong-tickets-1704153542119
2026-03-16 06:35:16,297 - WARNING - No JSON-LD Event found at https://www.eventbrite.com/e/yw-culinary-information-session-tickets-1983361674158
2026-03-16 06:35:16,377 - WARNING - No JSON-LD Event found at https://www.eventbrite.com/e/3rd-annual-ywca-domestic-violence-awareness-month-community-resource-fair-tickets-1708832015559
2026-03-16 06:35:16,378 - INFO - Got 5 future events
2026-03-16 06:35:16,378 - INFO - Filtered 1 events beyond 2 months out
2026-03-16 06:35:16,378 - INFO - Found 4 events
2026-03-16 06:35:16,379 - INFO - Written to cities/evanston/eb_ywca.ics
2026-03-16 06:35:16,510 - INFO - Scraping Block Museum of Art
2026-03-16 06:35:17,966 - INFO - Discovered 20 event URLs from organizer page
2026-03-16 06:35:17,966 - INFO - Fetching 20 event pages (parallel)...
2026-03-16 06:35:18,227 - WARNING - No JSON-LD Event found at https://www.eventbrite.com/e/hands-on-a-hardbody-the-documentary-1997-tickets-1981604836409
2026-03-16 06:35:18,233 - WARNING - No JSON-LD Event found at https://www.eventbrite.com/e/exhibition-keynote-des-marabouts-de-djenne-and-west-african-portraiture-tickets-1977636184063
2026-03-16 06:35:18,244 - WARNING - No JSON-LD Event found at https://www.eventbrite.com/e/art-talks-hamdia-traores-des-marabouts-de-djenne-tickets-1977717481225
2026-03-16 06:35:18,258 - WARNING - No JSON-LD Event found at https://www.eventbrite.com/e/they-shoot-horses-dont-they-1969-in-16mm-tickets-1982229064492
2026-03-16 06:35:18,467 - WARNING - No JSON-LD Event found at https://www.eventbrite.com/e/nashville-1975-in-35mm-with-professor-heather-hendershot-tickets-1981593272822
2026-03-16 06:35:18,491 - WARNING - No JSON-LD Event found at https://www.eventbrite.com/e/art-talks-hamdia-traores-des-marabouts-de-djenne-tickets-1977728608507
2026-03-16 06:35:18,512 - WARNING - No JSON-LD Event found at https://www.eventbrite.com/e/a-close-look-water-security-flint-is-family-tickets-1983281753112
2026-03-16 06:35:18,539 - WARNING - No JSON-LD Event found at https://www.eventbrite.com/e/immigrant-owned-photographer-jonathan-castillo-in-conversation-tickets-1977660004310
2026-03-16 06:35:18,623 - WARNING - No JSON-LD Event found at https://www.eventbrite.com/e/art-talks-the-living-room-tickets-1977631833049
2026-03-16 06:35:18,745 - WARNING - No JSON-LD Event found at https://www.eventbrite.com/e/gallery-talk-marisa-cruz-branco-on-teresa-montoyas-to-itso-yellow-water-tickets-1977631071772
2026-03-16 06:35:18,788 - WARNING - No JSON-LD Event found at https://www.eventbrite.com/e/art-talks-teresa-montoyas-to-itso-yellow-water-tickets-1977672781527
2026-03-16 06:35:18,896 - WARNING - No JSON-LD Event found at https://www.eventbrite.com/e/seeds-2025-tickets-1980753491012
2026-03-16 06:35:19,029 - INFO - Got 8 future events
2026-03-16 06:35:19,029 - INFO - Filtered 1 events beyond 2 months out
2026-03-16 06:35:19,029 - INFO - Found 7 events
2026-03-16 06:35:19,031 - INFO - Written to cities/evanston/eb_block_museum.ics
2026-03-16 06:35:19,162 - INFO - Scraping Goldfish Swim School Evanston
2026-03-16 06:35:20,511 - INFO - Discovered 20 event URLs from organizer page
2026-03-16 06:35:20,511 - INFO - Fetching 20 event pages (parallel)...
2026-03-16 06:35:20,767 - WARNING - No JSON-LD Event found at https://www.eventbrite.com/e/baby-brunch-and-swim-tickets-1974939549356
2026-03-16 06:35:20,802 - WARNING - No JSON-LD Event found at https://www.eventbrite.com/e/baby-brunch-and-swim-tickets-1918704379449
2026-03-16 06:35:20,840 - WARNING - No JSON-LD Event found at https://www.eventbrite.com/e/trunk-or-treat-tickets-1685827337949
2026-03-16 06:35:20,844 - WARNING - No JSON-LD Event found at https://www.eventbrite.com/e/baby-brunch-and-swim-tickets-1685802754419
2026-03-16 06:35:21,037 - WARNING - No JSON-LD Event found at https://www.eventbrite.com/e/goldfish-swim-school-evanston-back-to-school-bash-tickets-1556743103529
2026-03-16 06:35:21,082 - WARNING - No JSON-LD Event found at https://www.eventbrite.com/e/noon-years-eve-tickets-1975188216125
2026-03-16 06:35:21,194 - WARNING - No JSON-LD Event found at https://www.eventbrite.com/e/mlk-jr-family-swim-event-tickets-1978906921874
2026-03-16 06:35:21,209 - WARNING - No JSON-LD Event found at https://www.eventbrite.com/e/get-lucky-at-our-st-patricks-day-swim-tickets-1983619959697
2026-03-16 06:35:21,359 - WARNING - No JSON-LD Event found at https://www.eventbrite.com/e/presidents-day-family-swim-tickets-1981792958086
2026-03-16 06:35:21,456 - WARNING - No JSON-LD Event found at https://www.eventbrite.com/e/cookies-cocoa-and-family-swim-tickets-1974940464092
2026-03-16 06:35:21,497 - WARNING - No JSON-LD Event found at https://www.eventbrite.com/e/baby-brunch-and-swim-tickets-1685790467669
2026-03-16 06:35:21,643 - WARNING - No JSON-LD Event found at https://www.eventbrite.com/e/sweetheart-swim-tickets-1980514937492
2026-03-16 06:35:21,644 - INFO - Got 7 future events
2026-03-16 06:35:21,644 - INFO - Found 7 events
2026-03-16 06:35:21,646 - INFO - Written to cities/evanston/eb_goldfish.ics
2026-03-16 06:35:21,777 - INFO - Scraping Open Studio Project
2026-03-16 06:35:23,227 - INFO - Discovered 12 event URLs from organizer page
2026-03-16 06:35:23,227 - INFO - Fetching 12 event pages (parallel)...
2026-03-16 06:35:23,423 - WARNING - No JSON-LD Event found at https://www.eventbrite.com/e/pop-in-art-workshop-for-kids-printmaking-tickets-935754826877
2026-03-16 06:35:23,502 - WARNING - No JSON-LD Event found at https://www.eventbrite.com/e/pop-in-art-workshop-for-kids-mosaics-tickets-935770533857
2026-03-16 06:35:23,554 - WARNING - No JSON-LD Event found at https://www.eventbrite.com/e/open-studio-kids-workshop-bug-coffins-tickets-733065287007
2026-03-16 06:35:23,583 - WARNING - No JSON-LD Event found at https://www.eventbrite.com/e/pop-in-art-workshop-for-kids-felting-tickets-935814716007
2026-03-16 06:35:23,632 - WARNING - No JSON-LD Event found at https://www.eventbrite.com/e/art-wellness-tickets-730717594997
2026-03-16 06:35:23,651 - WARNING - No JSON-LD Event found at https://www.eventbrite.com/e/main-street-mural-community-workshop-tickets-1983334011418
2026-03-16 06:35:23,775 - WARNING - No JSON-LD Event found at https://www.eventbrite.com/e/intro-to-the-open-studio-process-tickets-1778967211819
2026-03-16 06:35:23,801 - WARNING - No JSON-LD Event found at https://www.eventbrite.com/e/holiday-graham-cracker-building-tickets-771830956167
2026-03-16 06:35:23,850 - WARNING - No JSON-LD Event found at https://www.eventbrite.com/e/pop-in-art-workshops-for-kids-clay-tickets-935745829967
2026-03-16 06:35:23,901 - WARNING - No JSON-LD Event found at https://www.eventbrite.com/e/holiday-pop-up-free-cookie-decorating-artisan-market-tickets-1977067989578
2026-03-16 06:35:23,902 - INFO - Got 2 future events
2026-03-16 06:35:23,902 - INFO - Found 2 events
2026-03-16 06:35:23,903 - INFO - Written to cities/evanston/eb_open_studio.ics
2026-03-16 06:35:24,032 - INFO - Scraping Prairie Moon
2026-03-16 06:35:25,447 - INFO - Discovered 13 event URLs from organizer page
2026-03-16 06:35:25,447 - INFO - Fetching 13 event pages (parallel)...
2026-03-16 06:35:25,722 - WARNING - No JSON-LD Event found at https://www.eventbrite.com/e/kabir-dalawari-quartet-at-prairie-moon-restaurant-in-evanston-tickets-1976637202081
2026-03-16 06:35:25,753 - WARNING - No JSON-LD Event found at https://www.eventbrite.com/e/millie-aheart-quintet-at-prairie-moon-restaurant-in-evanston-tickets-1979675624083
2026-03-16 06:35:25,755 - WARNING - No JSON-LD Event found at https://www.eventbrite.com/e/steve-million-organ-trio-at-prairie-moon-in-evanston-tickets-1925671127179
2026-03-16 06:35:25,811 - WARNING - No JSON-LD Event found at https://www.eventbrite.com/e/andrew-meyer-quintet-at-prairie-moon-restaurant-in-evanston-tickets-1979675529801
2026-03-16 06:35:25,978 - WARNING - No JSON-LD Event found at https://www.eventbrite.com/e/geordie-kelly-organ-duo-at-prairie-moon-restaurant-in-evanston-tickets-1979675268018
2026-03-16 06:35:26,021 - WARNING - No JSON-LD Event found at https://www.eventbrite.com/e/sam-robinson-quintet-at-prairie-moon-in-evanston-tickets-1925627346229
2026-03-16 06:35:26,030 - WARNING - No JSON-LD Event found at https://www.eventbrite.com/e/dan-nicholson-quartet-at-prairie-moon-restaurant-in-evanston-tickets-1976641183991
2026-03-16 06:35:26,032 - WARNING - No JSON-LD Event found at https://www.eventbrite.com/e/chad-mccullough-quartet-at-prairie-moon-in-evanston-tickets-1925689060819
2026-03-16 06:35:26,083 - WARNING - No JSON-LD Event found at https://www.eventbrite.com/e/oliver-scott-trio-at-prairie-moon-restaurant-in-evanston-tickets-1976640757716
2026-03-16 06:35:26,230 - WARNING - No JSON-LD Event found at https://www.eventbrite.com/e/holiday-concert-with-myles-hayes-quartet-in-evanston-tickets-1976637266273
2026-03-16 06:35:26,273 - WARNING - No JSON-LD Event found at https://www.eventbrite.com/e/aaron-brenton-quartet-at-prairie-moon-restaurant-in-evanston-tickets-1979675386372
2026-03-16 06:35:26,280 - WARNING - No JSON-LD Event found at https://www.eventbrite.com/e/mardi-gras-in-evanston-tickets-1982601088225
2026-03-16 06:35:26,281 - INFO - Got 0 future events
2026-03-16 06:35:26,281 - INFO - Found 0 events
2026-03-16 06:35:26,281 - INFO - Written to cities/evanston/eb_prairie_moon.ics
2026-03-16 06:35:26,411 - INFO - Scraping Downtown Evanston
2026-03-16 06:35:27,964 - INFO - Discovered 12 event URLs from organizer page
2026-03-16 06:35:27,965 - INFO - Fetching 12 event pages (parallel)...
2026-03-16 06:35:28,222 - WARNING - No JSON-LD Event found at https://www.eventbrite.com/e/spring-sip-n-stroll-tickets-616000874197
2026-03-16 06:35:28,255 - WARNING - No JSON-LD Event found at https://www.eventbrite.com/e/evanston-cars-coffee-tickets-1363197082169
2026-03-16 06:35:28,311 - WARNING - No JSON-LD Event found at https://www.eventbrite.com/e/diy-embroidery-how-to-class-botanical-designs-iris-tickets-520801229497
2026-03-16 06:35:28,322 - WARNING - No JSON-LD Event found at https://www.eventbrite.com/e/downtown-evanston-spring-sip-stroll-tickets-882582065717
2026-03-16 06:35:28,326 - WARNING - No JSON-LD Event found at https://www.eventbrite.com/e/evanston-en-blanc-tickets-667826144977
2026-03-16 06:35:28,450 - WARNING - No JSON-LD Event found at https://www.eventbrite.com/e/naked-lady-party-clothes-swap-tickets-525948144057
2026-03-16 06:35:28,493 - WARNING - No JSON-LD Event found at https://www.eventbrite.com/e/women-painting-women-international-womens-month-reception-tickets-1984298396921
2026-03-16 06:35:28,575 - WARNING - No JSON-LD Event found at https://www.eventbrite.com/e/downtown-evanston-2025-spring-sip-stroll-tickets-1296148678589
2026-03-16 06:35:28,577 - WARNING - No JSON-LD Event found at https://www.eventbrite.com/e/watercolor-landscape-class-with-kate-wyatt-fine-art-tickets-521198126627
2026-03-16 06:35:28,593 - WARNING - No JSON-LD Event found at https://www.eventbrite.com/e/downtown-evanston-warm-bevvy-walk-tickets-756590050207
2026-03-16 06:35:28,716 - WARNING - No JSON-LD Event found at https://www.eventbrite.com/e/downtown-evanstons-2025-warm-bevvy-walk-tickets-1954904866079
2026-03-16 06:35:28,728 - WARNING - No JSON-LD Event found at https://www.eventbrite.com/e/downtown-evanstons-2024-warm-bevvy-walk-tickets-1073341767119
2026-03-16 06:35:28,729 - INFO - Got 0 future events
2026-03-16 06:35:28,729 - INFO - Found 0 events
2026-03-16 06:35:28,729 - INFO - Written to cities/evanston/eb_downtown_evanston.ics
2026-03-16 06:35:28,863 - INFO - Scraping The Backyard Barbecue Store
2026-03-16 06:35:30,497 - INFO - Discovered 21 event URLs from organizer page
2026-03-16 06:35:30,497 - INFO - Fetching 21 event pages (parallel)...
2026-03-16 06:35:30,793 - WARNING - No JSON-LD Event found at https://www.eventbrite.com/e/girls-who-grill-grilling-class-tickets-1542726128379
2026-03-16 06:35:30,799 - WARNING - No JSON-LD Event found at https://www.eventbrite.com/e/big-green-egg-class-tickets-1978323922106
2026-03-16 06:35:31,095 - WARNING - No JSON-LD Event found at https://www.eventbrite.com/e/thanksgiving-essentials-from-the-smoker-grill-tickets-1545146848819
2026-03-16 06:35:31,110 - WARNING - No JSON-LD Event found at https://www.eventbrite.com/e/weber-pellet-class-with-maddy-rydz-tickets-1680526954359
2026-03-16 06:35:31,131 - WARNING - No JSON-LD Event found at https://www.eventbrite.com/e/pizza-class-with-matt-halack-from-grateful-bites-tickets-1978333399453
2026-03-16 06:35:31,353 - WARNING - No JSON-LD Event found at https://www.eventbrite.com/e/big-green-egg-class-w-turkey-tickets-1965475249380
2026-03-16 06:35:31,431 - WARNING - No JSON-LD Event found at https://www.eventbrite.com/e/all-brisket-class-with-8-time-grand-champion-chris-marks-tickets-1976776869831
2026-03-16 06:35:31,518 - WARNING - No JSON-LD Event found at https://www.eventbrite.com/e/don-julio-tequila-tasting-food-pairing-tickets-1976932158303
2026-03-16 06:35:31,563 - WARNING - No JSON-LD Event found at https://www.eventbrite.com/e/smoke-grill-serve-superbowl-game-day-bbq-class-tickets-1978426062611
2026-03-16 06:35:31,587 - WARNING - No JSON-LD Event found at https://www.eventbrite.com/e/thanksgiving-essentials-from-the-smoker-grill-tickets-1545074883569
2026-03-16 06:35:31,670 - WARNING - No JSON-LD Event found at https://www.eventbrite.com/e/girls-who-grill-griddle-class-tickets-1732645141259
2026-03-16 06:35:31,723 - WARNING - No JSON-LD Event found at https://www.eventbrite.com/e/all-pork-class-with-old-arthurs-tickets-1732649253559
2026-03-16 06:35:31,724 - INFO - Got 9 future events
2026-03-16 06:35:31,724 - INFO - Filtered 8 events beyond 2 months out
2026-03-16 06:35:31,724 - INFO - Found 1 events
2026-03-16 06:35:31,725 - INFO - Written to cities/evanston/eb_backyard_bbq.ics
2026-03-16 06:35:31,918 - FinalsiteScraper - INFO - Scraping District 65
2026-03-16 06:35:33,463 - __main__ - INFO - Found 18 events from https://www.district65.net/about/calendar
2026-03-16 06:35:33,463 - FinalsiteScraper - INFO - Found 18 events
2026-03-16 06:35:33,466 - FinalsiteScraper - INFO - Written to cities/evanston/district65.ics
2026-03-16 06:35:33,668 - FinalsiteScraper - INFO - Scraping ETHS District 202
2026-03-16 06:35:37,727 - __main__ - INFO - Found 18 events from https://www.eths202.org/calendar
2026-03-16 06:35:37,727 - FinalsiteScraper - INFO - Found 18 events
2026-03-16 06:35:37,730 - FinalsiteScraper - INFO - Written to cities/evanston/eths202.ics
2026-03-16 06:35:37,854 - INFO - Processing meetup_af_northshore.ics...
2026-03-16 06:35:37,855 - INFO -   Fetching image for: https://www.meetup.com/afnorthshore/events/312930678/
2026-03-16 06:35:38,702 - INFO -     -> https://secure.meetupstatic.com/photos/event/7/7/6/a/600_532290570.jpeg
2026-03-16 06:35:38,702 - INFO -   Fetching image for: https://www.meetup.com/afnorthshore/events/313509334/
2026-03-16 06:35:39,525 - INFO -     -> https://secure.meetupstatic.com/photos/event/5/6/e/5/600_524002245.jpeg
2026-03-16 06:35:39,525 - INFO -   Fetching image for: https://www.meetup.com/afnorthshore/events/313077527/
2026-03-16 06:35:40,354 - INFO -     -> https://secure.meetupstatic.com/photos/event/5/a/4/4/600_480743108.jpeg
2026-03-16 06:35:40,354 - INFO -   Fetching image for: https://www.meetup.com/afnorthshore/events/313039549/
2026-03-16 06:35:41,306 - INFO -     -> https://secure.meetupstatic.com/photos/event/7/8/7/c/600_528450844.jpeg
2026-03-16 06:35:41,306 - INFO -   Fetching image for: https://www.meetup.com/afnorthshore/events/313518016/
2026-03-16 06:35:42,095 - INFO -     -> https://secure.meetupstatic.com/photos/event/a/c/1/1/600_480764049.jpeg
2026-03-16 06:35:42,095 - INFO -   Fetching image for: https://www.meetup.com/afnorthshore/events/308627471/
2026-03-16 06:35:42,920 - INFO -     -> https://secure.meetupstatic.com/photos/event/a/5/6/d/600_513822349.jpeg
2026-03-16 06:35:42,921 - INFO -   Fetching image for: https://www.meetup.com/afnorthshore/events/313518017/
2026-03-16 06:35:43,791 - INFO -     -> https://secure.meetupstatic.com/photos/event/5/6/e/5/600_524002245.jpeg
2026-03-16 06:35:43,792 - INFO -   Fetching image for: https://www.meetup.com/afnorthshore/events/312272027/
2026-03-16 06:35:44,657 - INFO -     -> https://secure.meetupstatic.com/photos/event/c/b/c/a/600_531592170.jpeg
2026-03-16 06:35:44,658 - INFO -   Fetching image for: https://www.meetup.com/afnorthshore/events/313513417/
2026-03-16 06:35:45,479 - INFO -     -> https://secure.meetupstatic.com/photos/event/7/8/7/c/600_528450844.jpeg
2026-03-16 06:35:45,479 - INFO -   Fetching image for: https://www.meetup.com/afnorthshore/events/313501591/
2026-03-16 06:35:46,266 - INFO -     -> https://secure.meetupstatic.com/photos/event/5/a/4/4/600_480743108.jpeg
2026-03-16 06:35:46,266 - INFO - meetup_af_northshore.ics: added 10 image(s)
2026-03-16 06:35:46,266 - INFO - Processing meetup_black_girls_read.ics...
2026-03-16 06:35:46,267 - INFO -   Fetching image for: https://www.meetup.com/black-girls-read-book-club/events/312310442/
2026-03-16 06:35:47,825 - INFO -     -> https://secure.meetupstatic.com/photos/event/7/4/4/3/600_531809763.jpeg
2026-03-16 06:35:47,826 - INFO -   Fetching image for: https://www.meetup.com/black-girls-read-book-club/events/313518369/
2026-03-16 06:35:48,592 - INFO -     -> https://secure.meetupstatic.com/photos/event/b/f/b/f/600_532909087.jpeg
2026-03-16 06:35:48,593 - INFO - meetup_black_girls_read.ics: added 2 image(s)
2026-03-16 06:35:48,593 - INFO - Processing meetup_board_games.ics...
2026-03-16 06:35:48,593 - INFO -   Fetching image for: https://www.meetup.com/evanston-beer-and-board-games-meetup/events/313484476/
2026-03-16 06:35:49,416 - INFO -     -> https://secure.meetupstatic.com/photos/event/4/5/8/d/600_522617805.jpeg
2026-03-16 06:35:49,416 - INFO -   Fetching image for: https://www.meetup.com/evanston-beer-and-board-games-meetup/events/313484480/
2026-03-16 06:35:50,303 - INFO -     -> https://secure.meetupstatic.com/photos/event/4/5/8/d/600_522617805.jpeg
2026-03-16 06:35:50,303 - INFO - meetup_board_games.ics: added 2 image(s)
2026-03-16 06:35:50,303 - INFO - Processing meetup_drum_circle.ics...
2026-03-16 06:35:50,304 - INFO -   Fetching image for: https://www.meetup.com/chicagodrumcircle/events/312992477/
2026-03-16 06:35:51,148 - INFO -     -> https://secure.meetupstatic.com/photos/event/b/9/d/b/600_526127579.jpeg
2026-03-16 06:35:51,149 - INFO -   Fetching image for: https://www.meetup.com/chicagodrumcircle/events/312992483/
2026-03-16 06:35:52,152 - INFO -     -> https://secure.meetupstatic.com/photos/event/b/9/d/b/600_526127579.jpeg
2026-03-16 06:35:52,153 - INFO -   Fetching image for: https://www.meetup.com/chicagodrumcircle/events/313785118/
2026-03-16 06:35:52,933 - INFO -     -> https://secure.meetupstatic.com/photos/event/7/8/b/5/600_525990901.jpeg
2026-03-16 06:35:52,933 - INFO -   Fetching image for: https://www.meetup.com/chicagodrumcircle/events/308108162/
2026-03-16 06:35:53,703 - INFO -     -> https://secure.meetupstatic.com/photos/event/4/6/2/a/600_466697962.jpeg
2026-03-16 06:35:53,703 - INFO -   Fetching image for: https://www.meetup.com/chicagodrumcircle/events/310825846/
2026-03-16 06:35:54,578 - INFO -     -> https://secure.meetupstatic.com/photos/event/4/6/2/a/600_466697962.jpeg
2026-03-16 06:35:54,579 - INFO -   Fetching image for: https://www.meetup.com/chicagodrumcircle/events/310825845/
2026-03-16 06:35:55,363 - INFO -     -> https://secure.meetupstatic.com/photos/event/4/6/2/a/600_466697962.jpeg
2026-03-16 06:35:55,363 - INFO -   Fetching image for: https://www.meetup.com/chicagodrumcircle/events/310825844/
2026-03-16 06:35:56,130 - INFO -     -> https://secure.meetupstatic.com/photos/event/4/6/2/a/600_466697962.jpeg
2026-03-16 06:35:56,131 - INFO -   Fetching image for: https://www.meetup.com/chicagodrumcircle/events/nwsbjtyjcmbxb/
2026-03-16 06:35:57,039 - INFO -     -> https://secure.meetupstatic.com/photos/event/4/6/2/a/600_466697962.jpeg
2026-03-16 06:35:57,039 - INFO -   Fetching image for: https://www.meetup.com/chicagodrumcircle/events/nwsbjtyjcnbvb/
2026-03-16 06:35:57,868 - INFO -     -> https://secure.meetupstatic.com/photos/event/4/6/2/a/600_466697962.jpeg
2026-03-16 06:35:57,868 - INFO -   Fetching image for: https://www.meetup.com/chicagodrumcircle/events/nwsbjtyjcpbbc/
2026-03-16 06:35:58,681 - INFO -     -> https://secure.meetupstatic.com/photos/event/4/6/2/a/600_466697962.jpeg
2026-03-16 06:35:58,682 - INFO - meetup_drum_circle.ics: added 10 image(s)
2026-03-16 06:35:58,682 - INFO - Processing meetup_evanston_writers.ics...
2026-03-16 06:35:58,682 - INFO -   Fetching image for: https://www.meetup.com/evanstonwriters/events/308721320/
2026-03-16 06:35:59,514 - INFO -     -> https://secure.meetupstatic.com/photos/event/4/7/b/4/600_530418356.jpeg
2026-03-16 06:35:59,514 - INFO -   Fetching image for: https://www.meetup.com/evanstonwriters/events/312039916/
2026-03-16 06:36:00,285 - INFO -     -> https://secure.meetupstatic.com/photos/event/4/7/b/4/600_530418356.jpeg
2026-03-16 06:36:00,285 - INFO -   Fetching image for: https://www.meetup.com/evanstonwriters/events/311601176/
2026-03-16 06:36:01,099 - INFO -     -> https://secure.meetupstatic.com/photos/event/4/7/b/4/600_530418356.jpeg
2026-03-16 06:36:01,099 - INFO -   Fetching image for: https://www.meetup.com/evanstonwriters/events/313405151/
2026-03-16 06:36:02,298 - INFO -     -> https://secure.meetupstatic.com/photos/event/4/7/b/4/600_530418356.jpeg
2026-03-16 06:36:02,298 - INFO -   Fetching image for: https://www.meetup.com/evanstonwriters/events/308721321/
2026-03-16 06:36:03,255 - INFO -     -> https://secure.meetupstatic.com/photos/event/4/7/b/4/600_530418356.jpeg
2026-03-16 06:36:03,255 - INFO -   Fetching image for: https://www.meetup.com/evanstonwriters/events/312760683/
2026-03-16 06:36:04,042 - INFO -     -> https://secure.meetupstatic.com/photos/event/c/7/0/c/600_466670956.jpeg
2026-03-16 06:36:04,042 - INFO -   Fetching image for: https://www.meetup.com/evanstonwriters/events/313462483/
2026-03-16 06:36:04,862 - INFO -     -> https://secure.meetupstatic.com/photos/event/4/7/b/4/600_530418356.jpeg
2026-03-16 06:36:04,862 - INFO -   Fetching image for: https://www.meetup.com/evanstonwriters/events/308721322/
2026-03-16 06:36:05,637 - INFO -     -> https://secure.meetupstatic.com/photos/event/4/7/b/4/600_530418356.jpeg
2026-03-16 06:36:05,638 - INFO -   Fetching image for: https://www.meetup.com/evanstonwriters/events/311601177/
2026-03-16 06:36:07,287 - INFO -     -> https://secure.meetupstatic.com/photos/event/4/7/b/4/600_530418356.jpeg
2026-03-16 06:36:07,287 - INFO -   Fetching image for: https://www.meetup.com/evanstonwriters/events/311601178/
2026-03-16 06:36:08,251 - INFO -     -> https://secure.meetupstatic.com/photos/event/4/7/b/4/600_530418356.jpeg
2026-03-16 06:36:08,251 - INFO - meetup_evanston_writers.ics: added 10 image(s)
2026-03-16 06:36:08,251 - INFO - Processing meetup_trivia_nerds.ics...
2026-03-16 06:36:08,252 - INFO -   Fetching image for: https://www.meetup.com/evanston-trivia-nerds-meetup/events/313769416/
2026-03-16 06:36:09,120 - INFO -     -> https://secure.meetupstatic.com/photos/event/6/4/e/c/600_532645836.jpeg
2026-03-16 06:36:09,120 - INFO - meetup_trivia_nerds.ics: added 1 image(s)
2026-03-16 06:36:09,120 - INFO - Done. Total images added: 35
Fetched 3 events from Legistar
Wrote cities/portland/legistar_oregon_metro.ics
2026-03-16 06:36:10,503 - INFO - Scraping Portland Community Events
2026-03-16 06:36:10,503 - INFO - Fetching page 0: https://www.portland.gov/events?page=0&f%5B0%5D=type%3A329
2026-03-16 06:36:12,707 - INFO -   Got 19 events (total: 19)
2026-03-16 06:36:12,708 - INFO - Fetching page 1: https://www.portland.gov/events?page=1&f%5B0%5D=type%3A329
2026-03-16 06:36:15,009 - INFO -   Got 20 events (total: 39)
2026-03-16 06:36:15,010 - INFO - Fetching page 2: https://www.portland.gov/events?page=2&f%5B0%5D=type%3A329
2026-03-16 06:36:16,594 - INFO -   Got 18 events (total: 57)
2026-03-16 06:36:16,594 - INFO - Enriching up to 57 events with detail pages...
2026-03-16 06:37:07,383 - INFO - Filtered 9 events beyond 2 months out
2026-03-16 06:37:07,383 - INFO - Found 48 events
2026-03-16 06:37:07,391 - INFO - Written to cities/portland/pdxgov_community.ics
2026-03-16 06:37:07,593 - INFO - Scraping Portland Volunteer Events
2026-03-16 06:37:07,593 - INFO - Fetching page 0: https://www.portland.gov/events?page=0&f%5B0%5D=type%3A364
2026-03-16 06:37:08,841 - INFO -   Got 20 events (total: 20)
2026-03-16 06:37:08,842 - INFO - Fetching page 1: https://www.portland.gov/events?page=1&f%5B0%5D=type%3A364
2026-03-16 06:37:11,046 - INFO -   Got 20 events (total: 40)
2026-03-16 06:37:11,046 - INFO - Fetching page 2: https://www.portland.gov/events?page=2&f%5B0%5D=type%3A364
2026-03-16 06:37:13,872 - INFO -   Got 20 events (total: 60)
2026-03-16 06:37:13,872 - INFO - Fetching page 3: https://www.portland.gov/events?page=3&f%5B0%5D=type%3A364
2026-03-16 06:37:16,560 - INFO -   Got 20 events (total: 80)
2026-03-16 06:37:16,560 - INFO - Fetching page 4: https://www.portland.gov/events?page=4&f%5B0%5D=type%3A364
2026-03-16 06:37:18,110 - INFO -   Got 20 events (total: 100)
2026-03-16 06:37:18,110 - INFO - Fetching page 5: https://www.portland.gov/events?page=5&f%5B0%5D=type%3A364
2026-03-16 06:37:20,143 - INFO -   Got 20 events (total: 120)
2026-03-16 06:37:20,143 - INFO - Fetching page 6: https://www.portland.gov/events?page=6&f%5B0%5D=type%3A364
2026-03-16 06:37:21,889 - INFO -   Got 13 events (total: 133)
2026-03-16 06:37:21,889 - INFO - Enriching up to 133 events with detail pages...
2026-03-16 06:39:19,608 - INFO - Filtered 56 events beyond 2 months out
2026-03-16 06:39:19,608 - INFO - Found 77 events
2026-03-16 06:39:19,635 - INFO - Written to cities/portland/pdxgov_volunteer.ics
2026-03-16 06:39:19,832 - INFO - Scraping Portland Classes & Activities
2026-03-16 06:39:19,832 - INFO - Fetching page 0: https://www.portland.gov/events?page=0&f%5B0%5D=type%3A583
2026-03-16 06:39:21,215 - INFO -   Got 20 events (total: 20)
2026-03-16 06:39:21,215 - INFO - Fetching page 1: https://www.portland.gov/events?page=1&f%5B0%5D=type%3A583
2026-03-16 06:39:23,476 - INFO -   Got 17 events (total: 37)
2026-03-16 06:39:23,477 - INFO - Enriching up to 37 events with detail pages...
2026-03-16 06:39:55,367 - INFO - Filtered 15 events beyond 2 months out
2026-03-16 06:39:55,367 - INFO - Found 22 events
2026-03-16 06:39:55,370 - INFO - Written to cities/portland/pdxgov_classes.ics
2026-03-16 06:39:55,571 - INFO - Scraping Portland Public Meetings
2026-03-16 06:39:55,571 - INFO - Fetching page 0: https://www.portland.gov/events?page=0&f%5B0%5D=type%3A333
2026-03-16 06:39:57,128 - INFO -   Got 20 events (total: 20)
2026-03-16 06:39:57,128 - INFO - Fetching page 1: https://www.portland.gov/events?page=1&f%5B0%5D=type%3A333
2026-03-16 06:39:58,855 - INFO -   Got 20 events (total: 40)
2026-03-16 06:39:58,856 - INFO - Fetching page 2: https://www.portland.gov/events?page=2&f%5B0%5D=type%3A333
2026-03-16 06:40:00,653 - INFO -   Got 20 events (total: 60)
2026-03-16 06:40:00,653 - INFO - Fetching page 3: https://www.portland.gov/events?page=3&f%5B0%5D=type%3A333
2026-03-16 06:40:02,427 - INFO -   Got 20 events (total: 80)
2026-03-16 06:40:02,427 - INFO - Fetching page 4: https://www.portland.gov/events?page=4&f%5B0%5D=type%3A333
2026-03-16 06:40:03,553 - INFO -   Got 5 events (total: 85)
2026-03-16 06:40:03,553 - INFO - Enriching up to 85 events with detail pages...
2026-03-16 06:41:16,744 - INFO - Filtered 45 events beyond 2 months out
2026-03-16 06:41:16,744 - INFO - Found 40 events
2026-03-16 06:41:16,750 - INFO - Written to cities/portland/pdxgov_public_meetings.ics
2026-03-16 06:41:16,954 - INFO - Scraping Portland Council Meetings
2026-03-16 06:41:16,954 - INFO - Fetching page 0: https://www.portland.gov/events?page=0&f%5B0%5D=type%3A651
2026-03-16 06:41:18,928 - INFO -   Got 20 events (total: 20)
2026-03-16 06:41:18,928 - INFO - Fetching page 1: https://www.portland.gov/events?page=1&f%5B0%5D=type%3A651
2026-03-16 06:41:20,662 - INFO -   Got 20 events (total: 40)
2026-03-16 06:41:20,662 - INFO - Fetching page 2: https://www.portland.gov/events?page=2&f%5B0%5D=type%3A651
2026-03-16 06:41:21,880 - INFO -   Got 20 events (total: 60)
2026-03-16 06:41:21,881 - INFO - Fetching page 3: https://www.portland.gov/events?page=3&f%5B0%5D=type%3A651
2026-03-16 06:41:23,227 - INFO -   Got 4 events (total: 64)
2026-03-16 06:41:23,228 - INFO - Enriching up to 64 events with detail pages...
2026-03-16 06:42:22,045 - INFO - Filtered 26 events beyond 2 months out
2026-03-16 06:42:22,045 - INFO - Found 38 events
2026-03-16 06:42:22,051 - INFO - Written to cities/portland/pdxgov_council.ics
2026-03-16 06:42:22,258 - INFO - Scraping Multnomah County Library
2026-03-16 06:42:22,258 - INFO - Fetching page 1/90...
2026-03-16 06:42:22,651 - INFO -   Got 20 events (total: 20)
2026-03-16 06:42:22,651 - INFO - Fetching page 2/90...
2026-03-16 06:42:22,856 - INFO -   Got 20 events (total: 40)
2026-03-16 06:42:22,856 - INFO - Fetching page 3/90...
2026-03-16 06:42:22,978 - INFO -   Got 20 events (total: 60)
2026-03-16 06:42:22,979 - INFO - Fetching page 4/90...
2026-03-16 06:42:23,315 - INFO -   Got 20 events (total: 80)
2026-03-16 06:42:23,315 - INFO - Fetching page 5/90...
2026-03-16 06:42:23,456 - INFO -   Got 20 events (total: 100)
2026-03-16 06:42:23,456 - INFO - Fetching page 6/90...
2026-03-16 06:42:23,759 - INFO -   Got 20 events (total: 120)
2026-03-16 06:42:23,759 - INFO - Fetching page 7/90...
2026-03-16 06:42:23,950 - INFO -   Got 20 events (total: 140)
2026-03-16 06:42:23,950 - INFO - Fetching page 8/90...
2026-03-16 06:42:24,104 - INFO -   Got 20 events (total: 160)
2026-03-16 06:42:24,104 - INFO - Fetching page 9/90...
2026-03-16 06:42:24,377 - INFO -   Got 20 events (total: 180)
2026-03-16 06:42:24,377 - INFO - Fetching page 10/90...
2026-03-16 06:42:24,519 - INFO -   Got 20 events (total: 200)
2026-03-16 06:42:24,520 - INFO - Fetching page 11/90...
2026-03-16 06:42:24,642 - INFO -   Got 20 events (total: 220)
2026-03-16 06:42:24,642 - INFO - Fetching page 12/90...
2026-03-16 06:42:24,811 - INFO -   Got 20 events (total: 240)
2026-03-16 06:42:24,811 - INFO - Fetching page 13/90...
2026-03-16 06:42:24,945 - INFO -   Got 20 events (total: 260)
2026-03-16 06:42:24,945 - INFO - Fetching page 14/90...
2026-03-16 06:42:25,168 - INFO -   Got 20 events (total: 280)
2026-03-16 06:42:25,168 - INFO - Fetching page 15/90...
2026-03-16 06:42:25,389 - INFO -   Got 20 events (total: 300)
2026-03-16 06:42:25,389 - INFO - Fetching page 16/90...
2026-03-16 06:42:25,510 - INFO -   Got 20 events (total: 320)
2026-03-16 06:42:25,510 - INFO - Fetching page 17/90...
2026-03-16 06:42:25,622 - INFO -   Got 20 events (total: 340)
2026-03-16 06:42:25,622 - INFO - Fetching page 18/90...
2026-03-16 06:42:25,784 - INFO -   Got 20 events (total: 360)
2026-03-16 06:42:25,784 - INFO - Fetching page 19/90...
2026-03-16 06:42:25,961 - INFO -   Got 20 events (total: 380)
2026-03-16 06:42:25,961 - INFO - Fetching page 20/90...
2026-03-16 06:42:26,064 - INFO -   Got 20 events (total: 400)
2026-03-16 06:42:26,064 - INFO - Fetching page 21/90...
2026-03-16 06:42:26,268 - INFO -   Got 20 events (total: 420)
2026-03-16 06:42:26,268 - INFO - Fetching page 22/90...
2026-03-16 06:42:26,381 - INFO -   Got 20 events (total: 440)
2026-03-16 06:42:26,381 - INFO - Fetching page 23/90...
2026-03-16 06:42:26,558 - INFO -   Got 20 events (total: 460)
2026-03-16 06:42:26,559 - INFO - Fetching page 24/90...
2026-03-16 06:42:26,753 - INFO -   Got 20 events (total: 480)
2026-03-16 06:42:26,753 - INFO - Fetching page 25/90...
2026-03-16 06:42:26,915 - INFO -   Got 20 events (total: 500)
2026-03-16 06:42:26,915 - INFO - Fetching page 26/90...
2026-03-16 06:42:27,035 - INFO -   Got 20 events (total: 520)
2026-03-16 06:42:27,035 - INFO - Fetching page 27/90...
2026-03-16 06:42:27,171 - INFO -   Got 20 events (total: 540)
2026-03-16 06:42:27,171 - INFO - Fetching page 28/90...
2026-03-16 06:42:27,303 - INFO -   Got 20 events (total: 560)
2026-03-16 06:42:27,304 - INFO - Fetching page 29/90...
2026-03-16 06:42:27,415 - INFO -   Got 20 events (total: 580)
2026-03-16 06:42:27,415 - INFO - Fetching page 30/90...
2026-03-16 06:42:27,578 - INFO -   Got 20 events (total: 600)
2026-03-16 06:42:27,578 - INFO - Fetching page 31/90...
2026-03-16 06:42:27,699 - INFO -   Got 20 events (total: 620)
2026-03-16 06:42:27,699 - INFO - Fetching page 32/90...
2026-03-16 06:42:27,909 - INFO -   Got 20 events (total: 640)
2026-03-16 06:42:27,909 - INFO - Fetching page 33/90...
2026-03-16 06:42:28,019 - INFO -   Got 20 events (total: 660)
2026-03-16 06:42:28,019 - INFO - Fetching page 34/90...
2026-03-16 06:42:28,131 - INFO -   Got 20 events (total: 680)
2026-03-16 06:42:28,131 - INFO - Fetching page 35/90...
2026-03-16 06:42:28,286 - INFO -   Got 20 events (total: 700)
2026-03-16 06:42:28,286 - INFO - Fetching page 36/90...
2026-03-16 06:42:28,447 - INFO -   Got 20 events (total: 720)
2026-03-16 06:42:28,447 - INFO - Fetching page 37/90...
2026-03-16 06:42:28,618 - INFO -   Got 20 events (total: 740)
2026-03-16 06:42:28,618 - INFO - Fetching page 38/90...
2026-03-16 06:42:28,719 - INFO -   Got 20 events (total: 760)
2026-03-16 06:42:28,719 - INFO - Fetching page 39/90...
2026-03-16 06:42:28,829 - INFO -   Got 20 events (total: 780)
2026-03-16 06:42:28,830 - INFO - Fetching page 40/90...
2026-03-16 06:42:28,954 - INFO -   Got 20 events (total: 800)
2026-03-16 06:42:28,955 - INFO - Fetching page 41/90...
2026-03-16 06:42:29,077 - INFO -   Got 20 events (total: 820)
2026-03-16 06:42:29,077 - INFO - Fetching page 42/90...
2026-03-16 06:42:29,186 - INFO -   Got 20 events (total: 840)
2026-03-16 06:42:29,186 - INFO - Fetching page 43/90...
2026-03-16 06:42:29,312 - INFO -   Got 20 events (total: 860)
2026-03-16 06:42:29,312 - INFO - Fetching page 44/90...
2026-03-16 06:42:29,472 - INFO -   Got 20 events (total: 880)
2026-03-16 06:42:29,472 - INFO - Fetching page 45/90...
2026-03-16 06:42:29,592 - INFO -   Got 20 events (total: 900)
2026-03-16 06:42:29,593 - INFO - Fetching page 46/90...
2026-03-16 06:42:29,754 - INFO -   Got 20 events (total: 920)
2026-03-16 06:42:29,754 - INFO - Fetching page 47/90...
2026-03-16 06:42:29,893 - INFO -   Got 20 events (total: 940)
2026-03-16 06:42:29,893 - INFO - Fetching page 48/90...
2026-03-16 06:42:29,994 - INFO -   Got 20 events (total: 960)
2026-03-16 06:42:29,994 - INFO - Fetching page 49/90...
2026-03-16 06:42:30,160 - INFO -   Got 20 events (total: 980)
2026-03-16 06:42:30,160 - INFO - Fetching page 50/90...
2026-03-16 06:42:30,272 - INFO -   Got 20 events (total: 1000)
2026-03-16 06:42:30,272 - INFO - Fetching page 51/90...
2026-03-16 06:42:30,425 - INFO -   Got 20 events (total: 1020)
2026-03-16 06:42:30,425 - INFO - Fetching page 52/90...
2026-03-16 06:42:30,592 - INFO -   Got 20 events (total: 1040)
2026-03-16 06:42:30,592 - INFO - Fetching page 53/90...
2026-03-16 06:42:30,756 - INFO -   Got 20 events (total: 1060)
2026-03-16 06:42:30,756 - INFO - Fetching page 54/90...
2026-03-16 06:42:30,867 - INFO -   Got 20 events (total: 1080)
2026-03-16 06:42:30,867 - INFO - Fetching page 55/90...
2026-03-16 06:42:30,988 - INFO -   Got 20 events (total: 1100)
2026-03-16 06:42:30,988 - INFO - Fetching page 56/90...
2026-03-16 06:42:31,099 - INFO -   Got 20 events (total: 1120)
2026-03-16 06:42:31,099 - INFO - Fetching page 57/90...
2026-03-16 06:42:31,253 - INFO -   Got 20 events (total: 1140)
2026-03-16 06:42:31,253 - INFO - Fetching page 58/90...
2026-03-16 06:42:31,364 - INFO -   Got 20 events (total: 1160)
2026-03-16 06:42:31,364 - INFO - Fetching page 59/90...
2026-03-16 06:42:31,522 - INFO -   Got 20 events (total: 1180)
2026-03-16 06:42:31,522 - INFO - Fetching page 60/90...
2026-03-16 06:42:31,633 - INFO -   Got 20 events (total: 1200)
2026-03-16 06:42:31,633 - INFO - Fetching page 61/90...
2026-03-16 06:42:31,743 - INFO -   Got 20 events (total: 1220)
2026-03-16 06:42:31,743 - INFO - Fetching page 62/90...
2026-03-16 06:42:31,909 - INFO -   Got 20 events (total: 1240)
2026-03-16 06:42:31,909 - INFO - Fetching page 63/90...
2026-03-16 06:42:32,052 - INFO -   Got 20 events (total: 1260)
2026-03-16 06:42:32,052 - INFO - Fetching page 64/90...
2026-03-16 06:42:32,166 - INFO -   Got 20 events (total: 1280)
2026-03-16 06:42:32,166 - INFO - Fetching page 65/90...
2026-03-16 06:42:32,336 - INFO -   Got 20 events (total: 1300)
2026-03-16 06:42:32,336 - INFO - Fetching page 66/90...
2026-03-16 06:42:32,495 - INFO -   Got 20 events (total: 1320)
2026-03-16 06:42:32,495 - INFO - Fetching page 67/90...
2026-03-16 06:42:32,675 - INFO -   Got 20 events (total: 1340)
2026-03-16 06:42:32,675 - INFO - Fetching page 68/90...
2026-03-16 06:42:32,832 - INFO -   Got 20 events (total: 1360)
2026-03-16 06:42:32,832 - INFO - Fetching page 69/90...
2026-03-16 06:42:32,995 - INFO -   Got 20 events (total: 1380)
2026-03-16 06:42:32,995 - INFO - Fetching page 70/90...
2026-03-16 06:42:33,106 - INFO -   Got 20 events (total: 1400)
2026-03-16 06:42:33,106 - INFO - Fetching page 71/90...
2026-03-16 06:42:33,265 - INFO -   Got 20 events (total: 1420)
2026-03-16 06:42:33,265 - INFO - Fetching page 72/90...
2026-03-16 06:42:33,386 - INFO -   Got 20 events (total: 1440)
2026-03-16 06:42:33,386 - INFO - Fetching page 73/90...
2026-03-16 06:42:33,509 - INFO -   Got 20 events (total: 1460)
2026-03-16 06:42:33,509 - INFO - Fetching page 74/90...
2026-03-16 06:42:33,620 - INFO -   Got 20 events (total: 1480)
2026-03-16 06:42:33,620 - INFO - Fetching page 75/90...
2026-03-16 06:42:33,730 - INFO -   Got 20 events (total: 1500)
2026-03-16 06:42:33,730 - INFO - Fetching page 76/90...
2026-03-16 06:42:33,853 - INFO -   Got 20 events (total: 1520)
2026-03-16 06:42:33,853 - INFO - Fetching page 77/90...
2026-03-16 06:42:33,962 - INFO -   Got 20 events (total: 1540)
2026-03-16 06:42:33,962 - INFO - Fetching page 78/90...
2026-03-16 06:42:34,123 - INFO -   Got 20 events (total: 1560)
2026-03-16 06:42:34,123 - INFO - Fetching page 79/90...
2026-03-16 06:42:34,243 - INFO -   Got 20 events (total: 1580)
2026-03-16 06:42:34,243 - INFO - Fetching page 80/90...
2026-03-16 06:42:34,406 - INFO -   Got 20 events (total: 1600)
2026-03-16 06:42:34,406 - INFO - Fetching page 81/90...
2026-03-16 06:42:34,572 - INFO -   Got 20 events (total: 1620)
2026-03-16 06:42:34,572 - INFO - Fetching page 82/90...
2026-03-16 06:42:34,738 - INFO -   Got 20 events (total: 1640)
2026-03-16 06:42:34,738 - INFO - Fetching page 83/90...
2026-03-16 06:42:34,901 - INFO -   Got 20 events (total: 1660)
2026-03-16 06:42:34,901 - INFO - Fetching page 84/90...
2026-03-16 06:42:35,001 - INFO -   Got 20 events (total: 1680)
2026-03-16 06:42:35,001 - INFO - Fetching page 85/90...
2026-03-16 06:42:35,131 - INFO -   Got 20 events (total: 1700)
2026-03-16 06:42:35,132 - INFO - Fetching page 86/90...
2026-03-16 06:42:35,242 - INFO -   Got 20 events (total: 1720)
2026-03-16 06:42:35,242 - INFO - Fetching page 87/90...
2026-03-16 06:42:35,422 - INFO -   Got 20 events (total: 1740)
2026-03-16 06:42:35,422 - INFO - Fetching page 88/90...
2026-03-16 06:42:35,580 - INFO -   Got 20 events (total: 1760)
2026-03-16 06:42:35,580 - INFO - Fetching page 89/90...
2026-03-16 06:42:35,741 - INFO -   Got 20 events (total: 1780)
2026-03-16 06:42:35,741 - INFO - Fetching page 90/90...
2026-03-16 06:42:35,882 - INFO -   Got 11 events (total: 1791)
2026-03-16 06:42:35,882 - INFO - Fetched 1791 events total from 90 pages
2026-03-16 06:42:35,884 - INFO - Found 1791 events
2026-03-16 06:42:36,221 - INFO - Written to cities/portland/multcolib.ics
2026-03-16 06:42:36,425 - INFO - Scraping Oregon Zoo
2026-03-16 06:42:36,425 - INFO - Fetching listing page 0: https://www.oregonzoo.org/events
2026-03-16 06:42:36,576 - INFO -   Got 1 events (total: 1)
2026-03-16 06:42:36,576 - INFO - Enriching 1 events from detail pages...
2026-03-16 06:42:36,680 - INFO - Found 1 events
2026-03-16 06:42:36,681 - INFO - Written to cities/portland/oregon_zoo.ics
Error: --api-key or TICKETMASTER_API_KEY env var required
Error: --api-key or TICKETMASTER_API_KEY env var required
Error: --api-key or TICKETMASTER_API_KEY env var required
2026-03-16 06:42:37,204 - INFO - Scraping Trailkeepers of Oregon
2026-03-16 06:42:39,386 - INFO - Discovered 24 event URLs from organizer page
2026-03-16 06:42:39,386 - INFO - Fetching 24 event pages (parallel)...
2026-03-16 06:42:39,700 - WARNING - No JSON-LD Event found at https://www.eventbrite.com/e/2026-tko-leadership-summit-registration-1983480927849
2026-03-16 06:42:39,707 - WARNING - No JSON-LD Event found at https://www.eventbrite.com/e/gwynn-creek-trail-party-central-coast-registration-1983401853335
2026-03-16 06:42:39,712 - WARNING - No JSON-LD Event found at https://www.eventbrite.com/e/salmon-falls-county-park-trail-party-willamette-valley-registration-1981386870467
2026-03-16 06:42:39,747 - WARNING - No JSON-LD Event found at https://www.eventbrite.com/e/salmon-falls-county-park-trail-party-willamette-valley-registration-1981387214496
2026-03-16 06:42:39,999 - WARNING - No JSON-LD Event found at https://www.eventbrite.com/e/short-beach-railing-trail-party-north-coast-registration-1982929688076
2026-03-16 06:42:40,041 - WARNING - No JSON-LD Event found at https://www.eventbrite.com/e/cancelled-weather-wahclella-trail-gorge-registration-1983994711590
2026-03-16 06:42:40,078 - WARNING - No JSON-LD Event found at https://www.eventbrite.com/e/wahclella-trail-gorge-registration-1983994492936
2026-03-16 06:42:40,268 - WARNING - No JSON-LD Event found at https://www.eventbrite.com/e/metzler-park-trail-party-pdx-registration-1983983681599
2026-03-16 06:42:40,309 - WARNING - No JSON-LD Event found at https://www.eventbrite.com/e/short-beach-railing-trail-party-north-coast-registration-1982928538638
2026-03-16 06:42:40,480 - WARNING - No JSON-LD Event found at https://www.eventbrite.com/e/herman-creek-trail-party-gorge-registration-1984483876696
2026-03-16 06:42:40,526 - WARNING - No JSON-LD Event found at https://www.eventbrite.com/e/cancelled-weather-wilson-river-trail-party-portland-registration-1982745009698
2026-03-16 06:42:40,803 - WARNING - No JSON-LD Event found at https://www.eventbrite.com/e/cancelled-weathersalmon-falls-county-park-trail-party-willamette-valley-registration-1981387034959
2026-03-16 06:42:40,813 - INFO - Got 12 future events
2026-03-16 06:42:40,813 - INFO - Found 12 events
2026-03-16 06:42:40,815 - INFO - Written to cities/portland/eventbrite_trailkeepers.ics
2026-03-16 06:42:40,946 - INFO - Scraping Northwest Trail Alliance
2026-03-16 06:42:42,519 - INFO - Discovered 24 event URLs from organizer page
2026-03-16 06:42:42,520 - INFO - Fetching 24 event pages (parallel)...
2026-03-16 06:42:42,837 - WARNING - No JSON-LD Event found at https://www.eventbrite.com/e/dig-day-sandy-ridge-middlelower-hide-and-seek-tickets-1982749815071
2026-03-16 06:42:42,861 - WARNING - No JSON-LD Event found at https://www.eventbrite.com/e/trail-work-day-sunday-march-1st-tickets-1983820147464
2026-03-16 06:42:43,130 - WARNING - No JSON-LD Event found at https://www.eventbrite.com/e/trail-sisters-bike-maintenance-clinic-metropolis-cycles-tickets-1982361547753
2026-03-16 06:42:43,152 - WARNING - No JSON-LD Event found at https://www.eventbrite.com/e/dig-day-tillamook-tickets-1767200316719
2026-03-16 06:42:43,155 - WARNING - No JSON-LD Event found at https://www.eventbrite.com/e/dig-day-rocky-point-rollercoaster-tickets-1984395799254
2026-03-16 06:42:43,480 - WARNING - No JSON-LD Event found at https://www.eventbrite.com/e/dig-day-rocky-point-andyland-sponsored-by-qdoba-tickets-1983563308251
2026-03-16 06:42:43,521 - WARNING - No JSON-LD Event found at https://www.eventbrite.com/e/dig-day-rocky-point-levitation-sponsored-by-metropolis-tickets-1983624887436
2026-03-16 06:42:43,629 - WARNING - No JSON-LD Event found at https://www.eventbrite.com/e/nwta-dig-day-powell-butte-tickets-1984647914337
2026-03-16 06:42:43,680 - WARNING - No JSON-LD Event found at https://www.eventbrite.com/e/dig-day-hagg-lake-tickets-1979485823384
2026-03-16 06:42:43,730 - WARNING - No JSON-LD Event found at https://www.eventbrite.com/e/stub-trail-restoration-day-0314-tickets-1977851650529
2026-03-16 06:42:43,807 - WARNING - No JSON-LD Event found at https://www.eventbrite.com/e/trail-sisters-dig-day-klootchy-creek-tickets-1980673265054
2026-03-16 06:42:43,853 - WARNING - No JSON-LD Event found at https://www.eventbrite.com/e/tsi-advanced-trail-school-trail-building-start-to-finish-tickets-1976669462573
2026-03-16 06:42:43,915 - WARNING - No JSON-LD Event found at https://www.eventbrite.com/e/klootchy-creek-trail-work-day-tickets-1985095736786
2026-03-16 06:42:44,048 - WARNING - No JSON-LD Event found at https://www.eventbrite.com/e/stub-trail-restoration-day-0308-tickets-1977851622445
2026-03-16 06:42:44,049 - INFO - Got 10 future events
2026-03-16 06:42:44,049 - INFO - Found 10 events
2026-03-16 06:42:44,051 - INFO - Written to cities/portland/eventbrite_nw_trail_alliance.ics
2026-03-16 06:42:44,183 - INFO - Scraping Portland Nursery
2026-03-16 06:42:45,456 - INFO - Discovered 12 event URLs from organizer page
2026-03-16 06:42:45,457 - INFO - Fetching 12 event pages (parallel)...
2026-03-16 06:42:45,771 - WARNING - No JSON-LD Event found at https://www.eventbrite.com/e/regenerative-gardening-at-stark-tickets-1981968971547
2026-03-16 06:42:45,793 - WARNING - No JSON-LD Event found at https://www.eventbrite.com/e/seed-starting-at-stark-tickets-1981950443128
2026-03-16 06:42:45,799 - WARNING - No JSON-LD Event found at https://www.eventbrite.com/e/mason-bee-revolution-with-dave-hunter-of-crown-bees-at-stark-tickets-1981966304570
2026-03-16 06:42:45,800 - WARNING - No JSON-LD Event found at https://www.eventbrite.com/e/rain-barrels-at-division-tickets-1981968377771
2026-03-16 06:42:45,826 - WARNING - No JSON-LD Event found at https://www.eventbrite.com/e/preparing-and-planting-your-spring-vegetable-garden-at-division-tickets-1981957855298
2026-03-16 06:42:46,032 - WARNING - No JSON-LD Event found at https://www.eventbrite.com/e/rat-prevention-and-control-at-division-tickets-1981963682728
2026-03-16 06:42:46,074 - WARNING - No JSON-LD Event found at https://www.eventbrite.com/e/useful-weeds-at-division-tickets-1981959855280
2026-03-16 06:42:46,117 - WARNING - No JSON-LD Event found at https://www.eventbrite.com/e/making-maple-syrup-from-native-big-leaf-maple-at-stark-tickets-1981960065910
2026-03-16 06:42:46,142 - WARNING - No JSON-LD Event found at https://www.eventbrite.com/e/pruning-raspberries-and-blackberries-at-stark-tickets-1981967034754
2026-03-16 06:42:46,166 - WARNING - No JSON-LD Event found at https://www.eventbrite.com/e/dry-farming-in-urban-gardens-at-stark-tickets-1981958764016
2026-03-16 06:42:46,328 - WARNING - No JSON-LD Event found at https://www.eventbrite.com/e/gardening-for-pollinators-at-division-tickets-1981967371762
2026-03-16 06:42:46,403 - WARNING - No JSON-LD Event found at https://www.eventbrite.com/e/rose-pruning-demo-and-pruner-sharpening-event-at-division-tickets-1981960459086
2026-03-16 06:42:46,404 - INFO - Got 0 future events
2026-03-16 06:42:46,404 - INFO - Found 0 events
2026-03-16 06:42:46,404 - INFO - Written to cities/portland/eventbrite_portland_nursery.ics
2026-03-16 06:42:46,534 - INFO - Scraping Habitat for Humanity Portland
2026-03-16 06:42:47,799 - INFO - Discovered 16 event URLs from organizer page
2026-03-16 06:42:47,799 - INFO - Fetching 16 event pages (parallel)...
2026-03-16 06:42:48,074 - WARNING - No JSON-LD Event found at https://www.eventbrite.com/e/virtual-estate-planning-essentials-tickets-1740350237409
2026-03-16 06:42:48,105 - WARNING - No JSON-LD Event found at https://www.eventbrite.com/e/safe-financial-beginnings-1-goals-tools-tickets-1976752425718
2026-03-16 06:42:48,129 - WARNING - No JSON-LD Event found at https://www.eventbrite.com/e/protecting-your-home-essentials-of-home-insurance-tickets-1376760791589
2026-03-16 06:42:48,307 - WARNING - No JSON-LD Event found at https://www.eventbrite.com/e/diy-winter-weatherization-tickets-1740520215819
2026-03-16 06:42:48,340 - WARNING - No JSON-LD Event found at https://www.eventbrite.com/e/diy-workshop-kitchen-bath-basics-tickets-1976762557021
2026-03-16 06:42:48,374 - WARNING - No JSON-LD Event found at https://www.eventbrite.com/e/virtual-resource-rundown-for-homeowners-save-and-connect-tickets-1918827106529
2026-03-16 06:42:48,413 - WARNING - No JSON-LD Event found at https://www.eventbrite.com/e/virtual-safe-financial-beginnings-2-credit-debt-tickets-1976756817855
2026-03-16 06:42:48,479 - WARNING - No JSON-LD Event found at https://www.eventbrite.com/e/virtual-money-makeover-tickets-1740566393939
2026-03-16 06:42:48,602 - WARNING - No JSON-LD Event found at https://www.eventbrite.com/e/virtual-safe-financial-beginnings-3-income-taxes-tickets-1976757447739
2026-03-16 06:42:48,605 - WARNING - No JSON-LD Event found at https://www.eventbrite.com/e/save-water-save-money-tickets-1376742346419
2026-03-16 06:42:48,643 - WARNING - No JSON-LD Event found at https://www.eventbrite.com/e/online-resource-rundown-for-homeowners-save-and-connect-tickets-1482163744659
2026-03-16 06:42:48,676 - WARNING - No JSON-LD Event found at https://www.eventbrite.com/e/ready-set-winter-winter-weather-preparedness-indoor-air-quality-tickets-1740126127089
2026-03-16 06:42:48,746 - INFO - Got 4 future events
2026-03-16 06:42:48,746 - INFO - Filtered 1 events beyond 2 months out
2026-03-16 06:42:48,746 - INFO - Found 3 events
2026-03-16 06:42:48,747 - INFO - Written to cities/portland/eventbrite_habitat_pdx.ics
2026-03-16 06:42:48,876 - INFO - Scraping Portland Saturday Market
2026-03-16 06:42:48,876 - INFO - Fetching event list from https://www.portlandsaturdaymarket.com/events
2026-03-16 06:42:49,092 - INFO - Found 32 event URLs
2026-03-16 06:42:49,092 - INFO - Fetching iCal: https://www.portlandsaturdaymarket.com/events/8sm0ir5jejsiy7dszmqzg490v21rsh?format=ical
2026-03-16 06:42:49,743 - INFO - Fetching iCal: https://www.portlandsaturdaymarket.com/events/8sm0ir5jejsiy7dszmqzg490v21rsh-x5dnp?format=ical
2026-03-16 06:42:50,425 - INFO - Fetching iCal: https://www.portlandsaturdaymarket.com/events/8sm0ir5jejsiy7dszmqzg490v21rsh-x5dnp-9jsdl?format=ical
2026-03-16 06:42:51,070 - INFO - Fetching iCal: https://www.portlandsaturdaymarket.com/events/adaptive-mobility-demonstration-and-discussion?format=ical
2026-03-16 06:42:51,716 - INFO - Fetching iCal: https://www.portlandsaturdaymarket.com/events/coffee-and-color?format=ical
2026-03-16 06:42:52,405 - INFO - Fetching iCal: https://www.portlandsaturdaymarket.com/events/crafternoon?format=ical
2026-03-16 06:42:53,048 - INFO - Fetching iCal: https://www.portlandsaturdaymarket.com/events/crafternoon-pottery-palooza?format=ical
2026-03-16 06:42:53,701 - INFO - Fetching iCal: https://www.portlandsaturdaymarket.com/events/day-of-the-dead-celebration?format=ical
2026-03-16 06:42:54,374 - INFO - Fetching iCal: https://www.portlandsaturdaymarket.com/events/free-livining-museum-tours?format=ical
2026-03-16 06:42:55,058 - INFO - Fetching iCal: https://www.portlandsaturdaymarket.com/events/halloween-eekstravaganza?format=ical
2026-03-16 06:42:55,743 - INFO - Fetching iCal: https://www.portlandsaturdaymarket.com/events/helium-comedy-club?format=ical
2026-03-16 06:42:56,419 - INFO - Fetching iCal: https://www.portlandsaturdaymarket.com/events/helium-comedy-club-stand-up-comedy-event?format=ical
2026-03-16 06:42:57,090 - INFO - Fetching iCal: https://www.portlandsaturdaymarket.com/events/last-market-of-the-2025-season?format=ical
2026-03-16 06:42:57,740 - INFO - Fetching iCal: https://www.portlandsaturdaymarket.com/events/mini-makers-market-vendor-application?format=ical
2026-03-16 06:42:58,417 - INFO - Fetching iCal: https://www.portlandsaturdaymarket.com/events/nomad-bikes-group-bike-ride?format=ical
2026-03-16 06:42:59,112 - INFO - Fetching iCal: https://www.portlandsaturdaymarket.com/events/nomad-bikes-group-bike-ride-lcax6?format=ical
2026-03-16 06:42:59,758 - INFO - Fetching iCal: https://www.portlandsaturdaymarket.com/events/nomad-bikes-group-bike-ride-lcax6-8twsx?format=ical
2026-03-16 06:43:00,447 - INFO - Fetching iCal: https://www.portlandsaturdaymarket.com/events/openind-day?format=ical
2026-03-16 06:43:01,102 - INFO - Fetching iCal: https://www.portlandsaturdaymarket.com/events/opening-day?format=ical
2026-03-16 06:43:01,758 - INFO - Fetching iCal: https://www.portlandsaturdaymarket.com/events/paint-sip?format=ical
2026-03-16 06:43:02,407 - INFO - Fetching iCal: https://www.portlandsaturdaymarket.com/events/portland-saturday-market-50-years-of-craft-and-community?format=ical
2026-03-16 06:43:03,086 - INFO - Fetching iCal: https://www.portlandsaturdaymarket.com/events/portland-saturday-market-doc?format=ical
2026-03-16 06:43:03,742 - INFO - Fetching iCal: https://www.portlandsaturdaymarket.com/events/portland-saturday-market-mini-makers-market?format=ical
2026-03-16 06:43:04,419 - INFO - Fetching iCal: https://www.portlandsaturdaymarket.com/events/pugapalooza?format=ical
2026-03-16 06:43:05,071 - INFO - Fetching iCal: https://www.portlandsaturdaymarket.com/events/put-a-bird-on-it-psm-collage-workshop?format=ical
2026-03-16 06:43:05,709 - INFO - Fetching iCal: https://www.portlandsaturdaymarket.com/events/quillandchill?format=ical
2026-03-16 06:43:06,387 - INFO - Fetching iCal: https://www.portlandsaturdaymarket.com/events/richie-bean-dan-gareau-stanton-yard?format=ical
2026-03-16 06:43:07,027 - INFO - Fetching iCal: https://www.portlandsaturdaymarket.com/events/richie-bean-dan-gareau-stanton-yard-f5b8l?format=ical
2026-03-16 06:43:07,697 - INFO - Fetching iCal: https://www.portlandsaturdaymarket.com/events/richie-bean-dan-gareau-stanton-yard-f5b8l-m5p6c?format=ical
2026-03-16 06:43:08,392 - INFO - Fetching iCal: https://www.portlandsaturdaymarket.com/events/spirits-fest?format=ical
2026-03-16 06:43:09,043 - INFO - Fetching iCal: https://www.portlandsaturdaymarket.com/events/wc6jb8e36pkfuoacijery41tr1giu4?format=ical
2026-03-16 06:43:09,719 - INFO - Fetching iCal: https://www.portlandsaturdaymarket.com/events/wc6jb8e36pkfuoacijery41tr1giu4-32jfy?format=ical
2026-03-16 06:43:10,386 - INFO - Found 32 events
2026-03-16 06:43:10,390 - INFO - Written to cities/portland/saturday_market.ics
2026-03-16 06:43:10,521 - INFO - Scraping Portland Saturday Market Stage
2026-03-16 06:43:10,521 - INFO - Fetching event list from https://www.portlandsaturdaymarket.com/stage-performances
2026-03-16 06:43:10,636 - INFO - Found 18 event URLs
2026-03-16 06:43:10,636 - INFO - Fetching iCal: https://www.portlandsaturdaymarket.com/stage-performances/acoustic-minds?format=ical
2026-03-16 06:43:11,279 - INFO - Fetching iCal: https://www.portlandsaturdaymarket.com/stage-performances/bqxyfs9nm7ufn3aq0w2v1ypwr8uqbx?format=ical
2026-03-16 06:43:11,959 - INFO - Fetching iCal: https://www.portlandsaturdaymarket.com/stage-performances/bqxyfs9nm7ufn3aq0w2v1ypwr8uqbx-2hab9?format=ical
2026-03-16 06:43:12,605 - INFO - Fetching iCal: https://www.portlandsaturdaymarket.com/stage-performances/bqxyfs9nm7ufn3aq0w2v1ypwr8uqbx-2hab9-lpbpj?format=ical
2026-03-16 06:43:13,288 - INFO - Fetching iCal: https://www.portlandsaturdaymarket.com/stage-performances/bqxyfs9nm7ufn3aq0w2v1ypwr8uqbx-2hab9-lpbpj-ell9w?format=ical
2026-03-16 06:43:13,929 - INFO - Fetching iCal: https://www.portlandsaturdaymarket.com/stage-performances/bqxyfs9nm7ufn3aq0w2v1ypwr8uqbx-2hab9-lpbpj-ell9w-ts562?format=ical
2026-03-16 06:43:14,619 - INFO - Fetching iCal: https://www.portlandsaturdaymarket.com/stage-performances/bqxyfs9nm7ufn3aq0w2v1ypwr8uqbx-2hab9-lpbpj-ell9w-ts562-rstpe?format=ical
2026-03-16 06:43:15,296 - INFO - Fetching iCal: https://www.portlandsaturdaymarket.com/stage-performances/charles-shaw?format=ical
2026-03-16 06:43:15,976 - INFO - Fetching iCal: https://www.portlandsaturdaymarket.com/stage-performances/gentle-creatures?format=ical
2026-03-16 06:43:16,630 - INFO - Fetching iCal: https://www.portlandsaturdaymarket.com/stage-performances/gentle-creatures-6j998?format=ical
2026-03-16 06:43:17,315 - INFO - Fetching iCal: https://www.portlandsaturdaymarket.com/stage-performances/gentle-creatures-6j998-ljref?format=ical
2026-03-16 06:43:17,976 - INFO - Fetching iCal: https://www.portlandsaturdaymarket.com/stage-performances/give-it-fm?format=ical
2026-03-16 06:43:18,652 - INFO - Fetching iCal: https://www.portlandsaturdaymarket.com/stage-performances/no-soap-radio?format=ical
2026-03-16 06:43:19,304 - INFO - Fetching iCal: https://www.portlandsaturdaymarket.com/stage-performances/pythias-braswell?format=ical
2026-03-16 06:43:19,946 - INFO - Fetching iCal: https://www.portlandsaturdaymarket.com/stage-performances/shoehorn?format=ical
2026-03-16 06:43:20,627 - INFO - Fetching iCal: https://www.portlandsaturdaymarket.com/stage-performances/sign-up-for-2025-main-stage-performances?format=ical
2026-03-16 06:43:21,301 - INFO - Fetching iCal: https://www.portlandsaturdaymarket.com/stage-performances/story-tune?format=ical
2026-03-16 06:43:21,949 - INFO - Fetching iCal: https://www.portlandsaturdaymarket.com/stage-performances/traffyk-jam?format=ical
2026-03-16 06:43:22,601 - INFO - Found 18 events
2026-03-16 06:43:22,604 - INFO - Written to cities/portland/saturday_market_stage.ics
2026-03-16 06:43:22,732 - INFO - Scraping Friends of Tryon Creek
2026-03-16 06:43:22,732 - INFO - Fetching event list from https://www.tryonfriends.org/calendar
2026-03-16 06:43:22,926 - INFO - Found 49 event URLs
2026-03-16 06:43:22,926 - INFO - Fetching iCal: https://www.tryonfriends.org/calendar/7l3ge2rn7sg2g2yyakodib4vtnw5ng?format=ical
2026-03-16 06:43:23,606 - INFO - Fetching iCal: https://www.tryonfriends.org/calendar/8yaqu1axmjy2i3h7rahio94dq0pipk?format=ical
2026-03-16 06:43:24,259 - INFO - Fetching iCal: https://www.tryonfriends.org/calendar/ash-oak-workshop-series?format=ical
2026-03-16 06:43:24,934 - INFO - Fetching iCal: https://www.tryonfriends.org/calendar/ash-oak-workshop-series-3th2c?format=ical
2026-03-16 06:43:25,627 - INFO - Fetching iCal: https://www.tryonfriends.org/calendar/full-moon-hike-2cxss-7mk4s?format=ical
2026-03-16 06:43:26,247 - INFO - Fetching iCal: https://www.tryonfriends.org/calendar/full-moon-hike-2cxss-fcp79?format=ical
2026-03-16 06:43:26,901 - INFO - Fetching iCal: https://www.tryonfriends.org/calendar/nature-educator-training-2026?format=ical
2026-03-16 06:43:27,565 - INFO - Fetching iCal: https://www.tryonfriends.org/calendar/nature-journaling-owls?format=ical
2026-03-16 06:43:28,243 - INFO - Fetching iCal: https://www.tryonfriends.org/calendar/nature-journaling-owls-p38dl?format=ical
2026-03-16 06:43:28,890 - INFO - Fetching iCal: https://www.tryonfriends.org/calendar/nature-journaling-owls-p38dl-4f2c4?format=ical
2026-03-16 06:43:29,507 - INFO - Fetching iCal: https://www.tryonfriends.org/calendar/nature-walk-for-autism-community-dhtrb-lzrhl-kyyla-laz7t-necdj-n4zek-ht9g5-gk4hn-ykks5-gyzkr?format=ical
2026-03-16 06:43:30,159 - INFO - Fetching iCal: https://www.tryonfriends.org/calendar/open-nature-classroom-j68ha-29w4b-f96kh-ngjds-d5y6b-6yhpp?format=ical
2026-03-16 06:43:30,813 - INFO - Fetching iCal: https://www.tryonfriends.org/calendar/open-nature-classroom-j68ha-29w4b-f96kh-ngjds-d5y6b-6yhpp-5t595?format=ical
2026-03-16 06:43:31,433 - INFO - Fetching iCal: https://www.tryonfriends.org/calendar/open-nature-classroom-j68ha-29w4b-f96kh-ngjds-d5y6b-6yhpp-5t595-zwyh4?format=ical
2026-03-16 06:43:32,101 - INFO - Fetching iCal: https://www.tryonfriends.org/calendar/open-nature-classroom-j68ha-29w4b-f96kh-ngjds-d5y6b-6yhpp-5t595-zwyh4-y9be5?format=ical
2026-03-16 06:43:32,778 - INFO - Fetching iCal: https://www.tryonfriends.org/calendar/open-nature-classroom-j68ha-29w4b-f96kh-ngjds-d5y6b-6yhpp-n6gfx?format=ical
2026-03-16 06:43:33,485 - INFO - Fetching iCal: https://www.tryonfriends.org/calendar/open-nature-classroom-j68ha-29w4b-f96kh-ngjds-d5y6b-6yhpp-n6gfx-a6crl?format=ical
2026-03-16 06:43:34,173 - INFO - Fetching iCal: https://www.tryonfriends.org/calendar/open-nature-classroom-j68ha-29w4b-f96kh-ngjds-d5y6b-gp53g?format=ical
2026-03-16 06:43:34,852 - INFO - Fetching iCal: https://www.tryonfriends.org/calendar/owl-fest?format=ical
2026-03-16 06:43:35,530 - INFO - Fetching iCal: https://www.tryonfriends.org/calendar/saturday-guided-hike-winter-twig-id?format=ical
2026-03-16 06:43:36,186 - INFO - Fetching iCal: https://www.tryonfriends.org/calendar/saturday-guided-hike-winter-twig-id-ccss3?format=ical
2026-03-16 06:43:36,851 - INFO - Fetching iCal: https://www.tryonfriends.org/calendar/saturday-guided-hike-winter-twig-id-ccss3-8xxtw?format=ical
2026-03-16 06:43:37,500 - INFO - Fetching iCal: https://www.tryonfriends.org/calendar/saturday-guided-hike-winter-twig-id-ccss3-8xxtw-k5wng?format=ical
2026-03-16 06:43:38,176 - INFO - Fetching iCal: https://www.tryonfriends.org/calendar/saturday-guided-hike-winter-twig-id-ccss3-8xxtw-k5wng-n8b44?format=ical
2026-03-16 06:43:38,827 - INFO - Fetching iCal: https://www.tryonfriends.org/calendar/saturday-guided-hike-winter-twig-id-ccss3-8xxtw-k5wng-n8b44-4der2?format=ical
2026-03-16 06:43:39,479 - INFO - Fetching iCal: https://www.tryonfriends.org/calendar/saturday-guided-hike-winter-twig-id-ccss3-wwkgs?format=ical
2026-03-16 06:43:40,122 - INFO - Fetching iCal: https://www.tryonfriends.org/calendar/stewardship-day-boones-ferry?format=ical
2026-03-16 06:43:40,795 - INFO - Fetching iCal: https://www.tryonfriends.org/calendar/stewardship-day-boones-ferry-2cg3y?format=ical
2026-03-16 06:43:41,476 - INFO - Fetching iCal: https://www.tryonfriends.org/calendar/stewardship-day-boones-ferry-56r3r?format=ical
2026-03-16 06:43:42,169 - INFO - Fetching iCal: https://www.tryonfriends.org/calendar/stewardship-thursdays-xtwde-2jheh-e4eds-mx8h9-ggtex-5jhls-dtf47-t8h3l-j8zr2-5sawz-pdghw-63h3z-pecgs-bbjbx-4lzyr-texym-fl4b6?format=ical
2026-03-16 06:43:42,825 - INFO - Fetching iCal: https://www.tryonfriends.org/calendar/stewardship-thursdays-xtwde-2jheh-e4eds-mx8h9-ggtex-5jhls-dtf47-t8h3l-j8zr2-5sawz-pdghw-63h3z-pecgs-bbjbx-4lzyr-texym-fl4b6-mjy33?format=ical
2026-03-16 06:43:43,506 - INFO - Fetching iCal: https://www.tryonfriends.org/calendar/stewardship-thursdays-xtwde-2jheh-e4eds-mx8h9-ggtex-5jhls-dtf47-t8h3l-j8zr2-5sawz-pdghw-63h3z-pecgs-bbjbx-4lzyr-texym-fl4b6-mjy33-9h7l4?format=ical
2026-03-16 06:43:44,169 - INFO - Fetching iCal: https://www.tryonfriends.org/calendar/stewardship-thursdays-xtwde-2jheh-e4eds-mx8h9-ggtex-5jhls-dtf47-t8h3l-j8zr2-5sawz-pdghw-63h3z-pecgs-bbjbx-4lzyr-texym-fl4b6-mjy33-9h7l4-29bwx?format=ical
2026-03-16 06:43:44,867 - INFO - Fetching iCal: https://www.tryonfriends.org/calendar/stewardship-thursdays-xtwde-2jheh-e4eds-mx8h9-ggtex-5jhls-dtf47-t8h3l-j8zr2-5sawz-pdghw-63h3z-pecgs-bbjbx-4lzyr-texym-fl4b6-mjy33-9h7l4-29bwx-2556x-kgal6-rxh4t?format=ical
2026-03-16 06:43:45,530 - INFO - Fetching iCal: https://www.tryonfriends.org/calendar/stewardship-thursdays-xtwde-2jheh-e4eds-mx8h9-ggtex-5jhls-dtf47-t8h3l-j8zr2-5sawz-pdghw-63h3z-pecgs-bbjbx-4lzyr-texym-knr4c?format=ical
2026-03-16 06:43:46,118 - INFO - Fetching iCal: https://www.tryonfriends.org/calendar/stewardship-thursdays-xtwde-2jheh-e4eds-mx8h9-ggtex-5jhls-dtf47-t8h3l-j8zr2-5sawz-pdghw-63h3z-pecgs-bbjbx-4lzyr-wmza4?format=ical
2026-03-16 06:43:46,803 - INFO - Fetching iCal: https://www.tryonfriends.org/calendar/stewardship-thursdays-xtwde-2jheh-e4eds-mx8h9-ggtex-5jhls-dtf47-t8h3l-j8zr2-5sawz-pdghw-63h3z-pecgs-bbjbx-9p6sz-3b856-w4rzk-5b9la?format=ical
2026-03-16 06:43:47,453 - INFO - Fetching iCal: https://www.tryonfriends.org/calendar/storytime-owls?format=ical
2026-03-16 06:43:48,155 - INFO - Fetching iCal: https://www.tryonfriends.org/calendar/storytime-owls-g2at7?format=ical
2026-03-16 06:43:48,811 - INFO - Fetching iCal: https://www.tryonfriends.org/calendar/storytime-owls-g2at7-ggm4b?format=ical
2026-03-16 06:43:49,500 - INFO - Fetching iCal: https://www.tryonfriends.org/calendar/storytime-owls-ycpk2?format=ical
2026-03-16 06:43:50,183 - INFO - Fetching iCal: https://www.tryonfriends.org/calendar/trillium-festival-2026?format=ical
2026-03-16 06:43:50,803 - INFO - Fetching iCal: https://www.tryonfriends.org/calendar/trillium-festival-member-gathering?format=ical
2026-03-16 06:43:51,444 - INFO - Fetching iCal: https://www.tryonfriends.org/calendar/volunteer-trail-crew-1?format=ical
2026-03-16 06:43:52,093 - INFO - Fetching iCal: https://www.tryonfriends.org/calendar/volunteer-trail-crew-1-z5st9?format=ical
2026-03-16 06:43:52,769 - INFO - Fetching iCal: https://www.tryonfriends.org/calendar/volunteer-trail-crew-1-z5st9-mkxfk?format=ical
2026-03-16 06:43:53,447 - INFO - Fetching iCal: https://www.tryonfriends.org/calendar/volunteer-trail-crew-1-z5st9-mkxfk-jkzb3?format=ical
2026-03-16 06:43:54,151 - INFO - Fetching iCal: https://www.tryonfriends.org/calendar/weaving2-sl56t-a435a?format=ical
2026-03-16 06:43:54,798 - INFO - Fetching iCal: https://www.tryonfriends.org/calendar/weaving2-sl56t-a435a-dthyr-66mkw?format=ical
2026-03-16 06:43:55,491 - INFO - Found 49 events
2026-03-16 06:43:55,498 - INFO - Written to cities/portland/tryon_creek.ics
2026-03-16 06:43:55,626 - INFO - Scraping Crystal Springs Rhododendron Garden
2026-03-16 06:43:55,626 - INFO - Fetching event list from https://csrgpdx.org/event-calendar
2026-03-16 06:43:55,925 - INFO - Found 5 event URLs
2026-03-16 06:43:55,925 - INFO - Fetching iCal: https://csrgpdx.org/event-calendar/bird-walk-with-osu-naturalist-jasper-leiber?format=ical
2026-03-16 06:43:56,654 - INFO - Fetching iCal: https://csrgpdx.org/event-calendar/birding-for-all-neurodivergents-family-and-friends-with-rey-snyder-bird-alliance?format=ical
2026-03-16 06:43:57,374 - INFO - Fetching iCal: https://csrgpdx.org/event-calendar/guided-forest-therapy-with-shawna-hartung?format=ical
2026-03-16 06:43:58,023 - INFO - Fetching iCal: https://csrgpdx.org/event-calendar/wildlife-detectives-with-zoology-teacher-anthony-aceves?format=ical
2026-03-16 06:43:58,731 - INFO - Fetching iCal: https://csrgpdx.org/event-calendar/wildlife-walk-with-trudy-and-hilary5l9hl-eyx3k-wzz28?format=ical
2026-03-16 06:43:59,409 - INFO - Found 5 events
2026-03-16 06:43:59,410 - INFO - Written to cities/portland/crystal_springs.ics
2026-03-16 06:43:59,541 - INFO - Scraping Hollywood Farmers Market Music
2026-03-16 06:43:59,541 - INFO - Fetching event list from https://www.hollywoodfarmersmarket.org/music-schedule
2026-03-16 06:44:00,054 - INFO - Found 30 event URLs
2026-03-16 06:44:00,054 - INFO - Fetching iCal: https://www.hollywoodfarmersmarket.org/music-schedule/angel-marie-2025?format=ical
2026-03-16 06:44:00,720 - INFO - Fetching iCal: https://www.hollywoodfarmersmarket.org/music-schedule/big-north-trio-2025?format=ical
2026-03-16 06:44:01,429 - INFO - Fetching iCal: https://www.hollywoodfarmersmarket.org/music-schedule/big-north-trio-2025-gpec7?format=ical
2026-03-16 06:44:02,135 - INFO - Fetching iCal: https://www.hollywoodfarmersmarket.org/music-schedule/bryan-rahiya-2025?format=ical
2026-03-16 06:44:02,801 - INFO - Fetching iCal: https://www.hollywoodfarmersmarket.org/music-schedule/cassia-dawn-2024?format=ical
2026-03-16 06:44:03,484 - INFO - Fetching iCal: https://www.hollywoodfarmersmarket.org/music-schedule/crimson-clover-2024-x5lda?format=ical
2026-03-16 06:44:04,140 - INFO - Fetching iCal: https://www.hollywoodfarmersmarket.org/music-schedule/david-pollack-2025?format=ical
2026-03-16 06:44:04,811 - INFO - Fetching iCal: https://www.hollywoodfarmersmarket.org/music-schedule/dina-y-los-rumberos-2025?format=ical
2026-03-16 06:44:05,509 - INFO - Fetching iCal: https://www.hollywoodfarmersmarket.org/music-schedule/dumpster-joe-2025?format=ical
2026-03-16 06:44:06,158 - INFO - Fetching iCal: https://www.hollywoodfarmersmarket.org/music-schedule/dumpster-joe-oct25?format=ical
2026-03-16 06:44:06,867 - INFO - Fetching iCal: https://www.hollywoodfarmersmarket.org/music-schedule/earl-reggae-allstars-2025?format=ical
2026-03-16 06:44:07,554 - INFO - Fetching iCal: https://www.hollywoodfarmersmarket.org/music-schedule/espacio-flamenco-2025?format=ical
2026-03-16 06:44:08,211 - INFO - Fetching iCal: https://www.hollywoodfarmersmarket.org/music-schedule/free-range-2024?format=ical
2026-03-16 06:44:08,857 - INFO - Fetching iCal: https://www.hollywoodfarmersmarket.org/music-schedule/free-range-2024-jwa6k?format=ical
2026-03-16 06:44:09,505 - INFO - Fetching iCal: https://www.hollywoodfarmersmarket.org/music-schedule/gaea-2025?format=ical
2026-03-16 06:44:10,194 - INFO - Fetching iCal: https://www.hollywoodfarmersmarket.org/music-schedule/hadley-parrish-cotton-2025?format=ical
2026-03-16 06:44:10,886 - INFO - Fetching iCal: https://www.hollywoodfarmersmarket.org/music-schedule/ian-joe-bailey-2025?format=ical
2026-03-16 06:44:11,547 - INFO - Fetching iCal: https://www.hollywoodfarmersmarket.org/music-schedule/james-clem-2025?format=ical
2026-03-16 06:44:12,219 - INFO - Fetching iCal: https://www.hollywoodfarmersmarket.org/music-schedule/jay-ringer-2024-jh5yr?format=ical
2026-03-16 06:44:12,898 - INFO - Fetching iCal: https://www.hollywoodfarmersmarket.org/music-schedule/karyn-ann-2025?format=ical
2026-03-16 06:44:13,558 - INFO - Fetching iCal: https://www.hollywoodfarmersmarket.org/music-schedule/machado-mijiga-2024-6e7gm?format=ical
2026-03-16 06:44:14,253 - INFO - Fetching iCal: https://www.hollywoodfarmersmarket.org/music-schedule/malderine-2024?format=ical
2026-03-16 06:44:14,947 - INFO - Fetching iCal: https://www.hollywoodfarmersmarket.org/music-schedule/megan-cronin-tucker-2025?format=ical
2026-03-16 06:44:15,624 - INFO - Fetching iCal: https://www.hollywoodfarmersmarket.org/music-schedule/musician-template-aebr6-zpppr?format=ical
2026-03-16 06:44:16,272 - INFO - Fetching iCal: https://www.hollywoodfarmersmarket.org/music-schedule/olivia-and-rene-2024-f26ea?format=ical
2026-03-16 06:44:16,941 - INFO - Fetching iCal: https://www.hollywoodfarmersmarket.org/music-schedule/overbridge-jazz-2025?format=ical
2026-03-16 06:44:17,625 - INFO - Fetching iCal: https://www.hollywoodfarmersmarket.org/music-schedule/pythias-braswell-2025?format=ical
2026-03-16 06:44:18,278 - INFO - Fetching iCal: https://www.hollywoodfarmersmarket.org/music-schedule/rose-city-banjoliers-2024-x5srd?format=ical
2026-03-16 06:44:18,979 - INFO - Fetching iCal: https://www.hollywoodfarmersmarket.org/music-schedule/tevis-hodgejr-2025?format=ical
2026-03-16 06:44:19,674 - INFO - Fetching iCal: https://www.hollywoodfarmersmarket.org/music-schedule/woodward-2025?format=ical
2026-03-16 06:44:20,317 - INFO - Found 30 events
2026-03-16 06:44:20,321 - INFO - Written to cities/portland/hollywood_fm_music.ics
2026-03-16 06:44:20,449 - INFO - Scraping Hollywood Farmers Market Events
2026-03-16 06:44:20,449 - INFO - Fetching event list from https://www.hollywoodfarmersmarket.org/event-schedule
2026-03-16 06:44:20,604 - INFO - Found 19 event URLs
2026-03-16 06:44:20,604 - INFO - Fetching iCal: https://www.hollywoodfarmersmarket.org/event-schedule/event-four-fsslb?format=ical
2026-03-16 06:44:21,279 - INFO - Fetching iCal: https://www.hollywoodfarmersmarket.org/event-schedule/fundraiser-at-lucky-horseshoe-lounge?format=ical
2026-03-16 06:44:21,954 - INFO - Fetching iCal: https://www.hollywoodfarmersmarket.org/event-schedule/harvest-festival?format=ical
2026-03-16 06:44:22,637 - INFO - Fetching iCal: https://www.hollywoodfarmersmarket.org/event-schedule/hollyween?format=ical
2026-03-16 06:44:23,325 - INFO - Fetching iCal: https://www.hollywoodfarmersmarket.org/event-schedule/hollywood-fun-fest?format=ical
2026-03-16 06:44:24,012 - INFO - Fetching iCal: https://www.hollywoodfarmersmarket.org/event-schedule/hollywood-theatre-fundraiser?format=ical
2026-03-16 06:44:24,660 - INFO - Fetching iCal: https://www.hollywoodfarmersmarket.org/event-schedule/indigenous-marketplace-at-hfm-august?format=ical
2026-03-16 06:44:25,311 - INFO - Fetching iCal: https://www.hollywoodfarmersmarket.org/event-schedule/indigenous-marketplace-at-hfm-july?format=ical
2026-03-16 06:44:25,954 - INFO - Fetching iCal: https://www.hollywoodfarmersmarket.org/event-schedule/indigenous-marketplace-at-hfm-september?format=ical
2026-03-16 06:44:26,599 - INFO - Fetching iCal: https://www.hollywoodfarmersmarket.org/event-schedule/mothers-day-market?format=ical
2026-03-16 06:44:27,262 - INFO - Fetching iCal: https://www.hollywoodfarmersmarket.org/event-schedule/mural-repainting?format=ical
2026-03-16 06:44:27,949 - INFO - Fetching iCal: https://www.hollywoodfarmersmarket.org/event-schedule/pop-club?format=ical
2026-03-16 06:44:28,629 - INFO - Fetching iCal: https://www.hollywoodfarmersmarket.org/event-schedule/pumpkin-painting-2024?format=ical
2026-03-16 06:44:29,309 - INFO - Fetching iCal: https://www.hollywoodfarmersmarket.org/event-schedule/senior-day?format=ical
2026-03-16 06:44:29,955 - INFO - Fetching iCal: https://www.hollywoodfarmersmarket.org/event-schedule/senior-day-2024?format=ical
2026-03-16 06:44:30,603 - INFO - Fetching iCal: https://www.hollywoodfarmersmarket.org/event-schedule/senior-day-2025?format=ical
2026-03-16 06:44:31,246 - INFO - Fetching iCal: https://www.hollywoodfarmersmarket.org/event-schedule/strawberry-day?format=ical
2026-03-16 06:44:31,918 - INFO - Fetching iCal: https://www.hollywoodfarmersmarket.org/event-schedule/strawberry-day-2024?format=ical
2026-03-16 06:44:32,556 - INFO - Fetching iCal: https://www.hollywoodfarmersmarket.org/event-schedule/strawberry-day-2025?format=ical
2026-03-16 06:44:33,229 - INFO - Found 19 events
2026-03-16 06:44:33,231 - INFO - Written to cities/portland/hollywood_fm_events.ics
2026-03-16 06:44:33,359 - INFO - Scraping Hollywood Farmers Market
2026-03-16 06:44:33,359 - INFO - Fetching event list from https://www.hollywoodfarmersmarket.org/events
2026-03-16 06:44:33,457 - INFO - Found 0 event URLs
2026-03-16 06:44:33,457 - INFO - Found 0 events
2026-03-16 06:44:33,457 - INFO - Written to cities/portland/hollywood_fm.ics
2026-03-16 06:44:33,585 - INFO - Scraping PDX Jazz
2026-03-16 06:44:33,585 - INFO - Fetching event list from https://www.pdxjazz.org/events
2026-03-16 06:44:33,748 - INFO - Found 0 event URLs
2026-03-16 06:44:33,749 - INFO - Found 0 events
2026-03-16 06:44:33,749 - INFO - Written to cities/portland/pdx_jazz.ics
2026-03-16 06:44:33,876 - INFO - Scraping Portland Fruit Tree Project
2026-03-16 06:44:33,876 - INFO - Fetching event list from https://www.portlandfruit.org/event-calendar
2026-03-16 06:44:34,063 - INFO - Found 31 event URLs
2026-03-16 06:44:34,063 - INFO - Fetching iCal: https://www.portlandfruit.org/event-calendar/2024/10/19/mason-bee-house-harvesting?format=ical
2026-03-16 06:44:34,728 - INFO - Fetching iCal: https://www.portlandfruit.org/event-calendar/2024/10/5/free-cider-press-and-concert-by-red-yarn-at-leaven-community-center?format=ical
2026-03-16 06:44:35,412 - INFO - Fetching iCal: https://www.portlandfruit.org/event-calendar/2024/11/26/giveguide-community-skate-with-us-112624?format=ical
2026-03-16 06:44:36,026 - INFO - Fetching iCal: https://www.portlandfruit.org/event-calendar/2024/11/9/lets-jam-2024-harvest-preservation-series?format=ical
2026-03-16 06:44:36,673 - INFO - Fetching iCal: https://www.portlandfruit.org/event-calendar/2024/9/19/lets-jam-2024-harvest-preservation-series?format=ical
2026-03-16 06:44:37,256 - INFO - Fetching iCal: https://www.portlandfruit.org/event-calendar/2024/9/26/free-cider-press-at-gabriel-orchard?format=ical
2026-03-16 06:44:37,874 - INFO - Fetching iCal: https://www.portlandfruit.org/event-calendar/2025/10/25/free-fall-cider-fest-at-leaven-community-center?format=ical
2026-03-16 06:44:38,455 - INFO - Fetching iCal: https://www.portlandfruit.org/event-calendar/2025/2/15/mason-bee-house-makers-workshop-at-the-rebuilding-center-includes-20-bee-cocoons-for-each-person-to-take-home?format=ical
2026-03-16 06:44:39,133 - INFO - Fetching iCal: https://www.portlandfruit.org/event-calendar/2025/3/15/spring-soil-pollinator-and-pest-sale?format=ical
2026-03-16 06:44:39,712 - INFO - Fetching iCal: https://www.portlandfruit.org/event-calendar/2025/3/2/sparrowhawk-native-plant-order?format=ical
2026-03-16 06:44:40,399 - INFO - Fetching iCal: https://www.portlandfruit.org/event-calendar/2025/3/24/parkrose-orchard-free-spring-break-camp?format=ical
2026-03-16 06:44:41,051 - INFO - Fetching iCal: https://www.portlandfruit.org/event-calendar/2025/3/24/parkrose-orchard-free-spring-break-camp-gk476?format=ical
2026-03-16 06:44:41,712 - INFO - Fetching iCal: https://www.portlandfruit.org/event-calendar/2025/3/24/parkrose-orchard-free-spring-break-camp-kmts6?format=ical
2026-03-16 06:44:42,393 - INFO - Fetching iCal: https://www.portlandfruit.org/event-calendar/2025/3/24/parkrose-orchard-free-spring-break-camp-p3jeg?format=ical
2026-03-16 06:44:43,008 - INFO - Fetching iCal: https://www.portlandfruit.org/event-calendar/2025/3/24/parkrose-orchard-free-spring-break-camp-s7glb?format=ical
2026-03-16 06:44:43,614 - INFO - Fetching iCal: https://www.portlandfruit.org/event-calendar/2025/3/4/community-pints-at-deschutes-brewery?format=ical
2026-03-16 06:44:44,234 - INFO - Fetching iCal: https://www.portlandfruit.org/event-calendar/2025/3/4/community-pints-at-deschutes-brewery-c3pgs?format=ical
2026-03-16 06:44:44,818 - INFO - Fetching iCal: https://www.portlandfruit.org/event-calendar/2025/3/4/community-pints-at-deschutes-brewery-c3pgs-32zp4?format=ical
2026-03-16 06:44:45,422 - INFO - Fetching iCal: https://www.portlandfruit.org/event-calendar/2025/3/4/community-pints-at-deschutes-brewery-c3pgs-3k8tl?format=ical
2026-03-16 06:44:46,103 - INFO - Fetching iCal: https://www.portlandfruit.org/event-calendar/2025/4/22/join-us-at-oakshire-beer-hall-on-earth-day-42225?format=ical
2026-03-16 06:44:46,684 - INFO - Fetching iCal: https://www.portlandfruit.org/event-calendar/2025/4/22/join-us-at-oakshire-beer-hall-on-earth-day-42225-xmdpk?format=ical
2026-03-16 06:44:47,305 - INFO - Fetching iCal: https://www.portlandfruit.org/event-calendar/2025/7/27/if-you-cant-beat-em-eat-em-community-blackberry-harvest-by-boat?format=ical
2026-03-16 06:44:47,888 - INFO - Fetching iCal: https://www.portlandfruit.org/event-calendar/2025/7/7/poppy-amp-finch-class-to-benefit-portland-fruit-tree-project?format=ical
2026-03-16 06:44:48,551 - INFO - Fetching iCal: https://www.portlandfruit.org/event-calendar/2025/9/20/creating-an-edible-landscape-class-provided-by-east-mult-soil-and-water-conservation-district?format=ical
2026-03-16 06:44:49,135 - INFO - Fetching iCal: https://www.portlandfruit.org/event-calendar/2025/9/20/creating-an-edible-landscape-class-provided-by-east-mult-soil-and-water-conservation-district-k9gng?format=ical
2026-03-16 06:44:49,749 - INFO - Fetching iCal: https://www.portlandfruit.org/event-calendar/2025/9/20/fruit-preservation-class-at-parkrose-orchard?format=ical
2026-03-16 06:44:50,397 - INFO - Fetching iCal: https://www.portlandfruit.org/event-calendar/2025/9/20/fruit-preservation-class-at-parkrose-orchard-bw2hj?format=ical
2026-03-16 06:44:51,070 - INFO - Fetching iCal: https://www.portlandfruit.org/event-calendar/2025/9/20/fruit-preservation-class-at-parkrose-orchard-bw2hj-w9lnm?format=ical
2026-03-16 06:44:51,659 - INFO - Fetching iCal: https://www.portlandfruit.org/event-calendar/2026/2/25/the-life-of-mason-bees-get-a-bee-house-and-learn-how-to-host?format=ical
2026-03-16 06:44:52,445 - INFO - Fetching iCal: https://www.portlandfruit.org/event-calendar/2026/3/8/native-bees-for-beginners-and-book-signing-event?format=ical
2026-03-16 06:44:53,121 - INFO - Fetching iCal: https://www.portlandfruit.org/event-calendar/2026/4/19/friends-of-trees-us-tree-bush-vine-and-fruity-sale?format=ical
2026-03-16 06:44:53,794 - INFO - Found 31 events
2026-03-16 06:44:53,798 - INFO - Written to cities/portland/portland_fruit_tree.ics
2026-03-16 06:44:53,989 - WCCLSLibraryScraper - INFO - Scraping WCCLS Libraries
2026-03-16 06:45:09,877 - WCCLSLibraryScraper - INFO - Collected 2376 Bibliocommons events (wccls)
2026-03-16 06:45:09,879 - WCCLSLibraryScraper - INFO - Filtered 962 events beyond 2 months out
2026-03-16 06:45:09,879 - WCCLSLibraryScraper - INFO - Found 1414 events
2026-03-16 06:45:10,128 - WCCLSLibraryScraper - INFO - Written to cities/portland/wccls_library.ics
2026-03-16 06:45:10,269 - INFO - Scraping Revolution Hall
2026-03-16 06:45:10,412 - INFO - Found 5 future events from Songkick
2026-03-16 06:45:10,412 - INFO - Found 5 events
2026-03-16 06:45:10,414 - INFO - Written to cities/portland/songkick_revolution_hall.ics
2026-03-16 06:45:10,542 - INFO - Scraping Mississippi Studios
2026-03-16 06:45:10,650 - INFO - Found 4 future events from Songkick
2026-03-16 06:45:10,650 - INFO - Found 4 events
2026-03-16 06:45:10,651 - INFO - Written to cities/portland/songkick_mississippi_studios.ics
2026-03-16 06:45:10,779 - INFO - Scraping Wonder Ballroom
2026-03-16 06:45:10,871 - INFO - Found 5 future events from Songkick
2026-03-16 06:45:10,871 - INFO - Found 5 events
2026-03-16 06:45:10,872 - INFO - Written to cities/portland/songkick_wonder_ballroom.ics
2026-03-16 06:45:11,001 - INFO - Scraping Aladdin Theater
2026-03-16 06:45:11,106 - INFO - Found 5 future events from Songkick
2026-03-16 06:45:11,106 - INFO - Found 5 events
2026-03-16 06:45:11,107 - INFO - Written to cities/portland/songkick_aladdin.ics
2026-03-16 06:45:11,237 - INFO - Scraping Hawthorne Theatre
2026-03-16 06:45:11,330 - INFO - Found 4 future events from Songkick
2026-03-16 06:45:11,330 - INFO - Found 4 events
2026-03-16 06:45:11,331 - INFO - Written to cities/portland/songkick_hawthorne.ics
2026-03-16 06:45:11,459 - INFO - Scraping Arlene Schnitzer Concert Hall
2026-03-16 06:45:11,577 - INFO - Found 5 future events from Songkick
2026-03-16 06:45:11,577 - INFO - Found 5 events
2026-03-16 06:45:11,578 - INFO - Written to cities/portland/songkick_schnitzer.ics
2026-03-16 06:45:11,707 - INFO - Scraping Alberta Rose Theatre
2026-03-16 06:45:11,784 - INFO - Found 5 future events from Songkick
2026-03-16 06:45:11,784 - INFO - Found 5 events
2026-03-16 06:45:11,785 - INFO - Written to cities/portland/songkick_alberta_rose.ics
2026-03-16 06:45:11,915 - INFO - Scraping Keller Auditorium
2026-03-16 06:45:12,014 - INFO - Found 2 future events from Songkick
2026-03-16 06:45:12,015 - INFO - Found 2 events
2026-03-16 06:45:12,015 - INFO - Written to cities/portland/songkick_keller.ics
2026-03-16 06:45:49,937 - INFO - Processing meetup_active_dads.ics...
2026-03-16 06:45:49,938 - INFO - meetup_active_dads.ics: no new images
2026-03-16 06:45:49,938 - INFO - Processing meetup_art_guild.ics...
2026-03-16 06:45:49,938 - INFO -   Fetching image for: https://www.meetup.com/portland-fine-arts-guild/events/313531878/
2026-03-16 06:45:50,715 - INFO -     -> https://secure.meetupstatic.com/photos/event/5/f/600_532920095.jpeg
2026-03-16 06:45:50,715 - INFO -   Fetching image for: https://www.meetup.com/portland-fine-arts-guild/events/313620765/
2026-03-16 06:45:51,488 - INFO -     -> https://secure.meetupstatic.com/photos/event/4/2/7/f/600_532457023.jpeg
2026-03-16 06:45:51,489 - INFO -   Fetching image for: https://www.meetup.com/portland-fine-arts-guild/events/313379022/
2026-03-16 06:45:52,259 - INFO -     -> https://secure.meetupstatic.com/photos/event/4/2/7/f/600_532457023.jpeg
2026-03-16 06:45:52,260 - INFO - meetup_art_guild.ics: added 3 image(s)
2026-03-16 06:45:52,260 - INFO - Processing meetup_arts_craft.ics...
2026-03-16 06:45:52,260 - INFO -   Fetching image for: https://www.meetup.com/portland-arts-and-craft-meetup-group/events/312703168/
2026-03-16 06:45:53,145 - INFO -     -> https://secure.meetupstatic.com/photos/event/9/8/0/600_525722432.jpeg
2026-03-16 06:45:53,145 - INFO -   Fetching image for: https://www.meetup.com/portland-arts-and-craft-meetup-group/events/313489926/
2026-03-16 06:45:53,941 - INFO -     -> https://secure.meetupstatic.com/photos/event/9/8/0/600_525722432.jpeg
2026-03-16 06:45:53,942 - INFO -   Fetching image for: https://www.meetup.com/portland-arts-and-craft-meetup-group/events/312703187/
2026-03-16 06:45:54,744 - INFO -     -> https://secure.meetupstatic.com/photos/event/9/8/0/600_525722432.jpeg
2026-03-16 06:45:54,745 - INFO -   Fetching image for: https://www.meetup.com/portland-arts-and-craft-meetup-group/events/313489932/
2026-03-16 06:45:55,528 - INFO -     -> https://secure.meetupstatic.com/photos/event/9/8/0/600_525722432.jpeg
2026-03-16 06:45:55,528 - INFO -   Fetching image for: https://www.meetup.com/portland-arts-and-craft-meetup-group/events/313489933/
2026-03-16 06:45:56,360 - INFO -     -> https://secure.meetupstatic.com/photos/event/9/8/0/600_525722432.jpeg
2026-03-16 06:45:56,360 - INFO -   Fetching image for: https://www.meetup.com/portland-arts-and-craft-meetup-group/events/313582847/
2026-03-16 06:45:57,214 - INFO -     -> https://secure.meetupstatic.com/photos/event/b/9/3/c/600_532367420.jpeg
2026-03-16 06:45:57,214 - INFO -   Fetching image for: https://www.meetup.com/portland-arts-and-craft-meetup-group/events/313529095/
2026-03-16 06:45:58,569 - INFO -     -> https://secure.meetupstatic.com/photos/event/9/8/0/600_525722432.jpeg
2026-03-16 06:45:58,569 - INFO -   Fetching image for: https://www.meetup.com/portland-arts-and-craft-meetup-group/events/fbvdwtyjcgbdb/
2026-03-16 06:45:59,343 - INFO -     -> https://secure.meetupstatic.com/photos/event/9/8/0/600_525722432.jpeg
2026-03-16 06:45:59,343 - INFO -   Fetching image for: https://www.meetup.com/portland-arts-and-craft-meetup-group/events/fbvdwtyjcgbkb/
2026-03-16 06:46:00,158 - INFO -     -> https://secure.meetupstatic.com/photos/event/9/8/0/600_525722432.jpeg
2026-03-16 06:46:00,158 - INFO -   Fetching image for: https://www.meetup.com/portland-arts-and-craft-meetup-group/events/fbvdwtyjcgbmb/
2026-03-16 06:46:00,954 - INFO -     -> https://secure.meetupstatic.com/photos/event/9/8/0/600_525722432.jpeg
2026-03-16 06:46:00,954 - INFO - meetup_arts_craft.ics: added 10 image(s)
2026-03-16 06:46:00,954 - INFO - Processing meetup_code_for_pdx.ics...
2026-03-16 06:46:00,954 - INFO - meetup_code_for_pdx.ics: no new images
2026-03-16 06:46:00,954 - INFO - Processing meetup_coffee_sketch.ics...
2026-03-16 06:46:00,955 - INFO -   Fetching image for: https://www.meetup.com/portland-coffee-sketch-club/events/313562297/
2026-03-16 06:46:01,748 - INFO -     -> https://secure.meetupstatic.com/photos/event/1/9/b/2/600_502686578.jpeg
2026-03-16 06:46:01,748 - INFO -   Fetching image for: https://www.meetup.com/portland-coffee-sketch-club/events/313697301/
2026-03-16 06:46:02,829 - INFO -     -> https://secure.meetupstatic.com/photos/event/1/9/b/2/600_502686578.jpeg
2026-03-16 06:46:02,830 - INFO -   Fetching image for: https://www.meetup.com/portland-coffee-sketch-club/events/ltjnvtyjcgbgb/
2026-03-16 06:46:03,678 - INFO -     -> https://secure.meetupstatic.com/photos/event/1/9/b/2/600_502686578.jpeg
2026-03-16 06:46:03,679 - INFO -   Fetching image for: https://www.meetup.com/portland-coffee-sketch-club/events/ltjnvtyjcgbpb/
2026-03-16 06:46:04,590 - INFO -     -> https://secure.meetupstatic.com/photos/event/1/9/b/2/600_502686578.jpeg
2026-03-16 06:46:04,590 - INFO -   Fetching image for: https://www.meetup.com/portland-coffee-sketch-club/events/ltjnvtyjcgbxb/
2026-03-16 06:46:05,377 - INFO -     -> https://secure.meetupstatic.com/photos/event/1/9/b/2/600_502686578.jpeg
2026-03-16 06:46:05,377 - INFO -   Fetching image for: https://www.meetup.com/portland-coffee-sketch-club/events/ltjnvtyjcgbhc/
2026-03-16 06:46:06,186 - INFO -     -> https://secure.meetupstatic.com/photos/event/1/9/b/2/600_502686578.jpeg
2026-03-16 06:46:06,187 - INFO -   Fetching image for: https://www.meetup.com/portland-coffee-sketch-club/events/ltjnvtyjchbdb/
2026-03-16 06:46:06,997 - INFO -     -> https://secure.meetupstatic.com/photos/event/1/9/b/2/600_502686578.jpeg
2026-03-16 06:46:06,998 - INFO -   Fetching image for: https://www.meetup.com/portland-coffee-sketch-club/events/ltjnvtyjchbmb/
2026-03-16 06:46:07,812 - INFO -     -> https://secure.meetupstatic.com/photos/event/1/9/b/2/600_502686578.jpeg
2026-03-16 06:46:07,813 - INFO -   Fetching image for: https://www.meetup.com/portland-coffee-sketch-club/events/ltjnvtyjchbvb/
2026-03-16 06:46:08,617 - INFO -     -> https://secure.meetupstatic.com/photos/event/1/9/b/2/600_502686578.jpeg
2026-03-16 06:46:08,617 - INFO -   Fetching image for: https://www.meetup.com/portland-coffee-sketch-club/events/ltjnvtyjchbfc/
2026-03-16 06:46:09,426 - INFO -     -> https://secure.meetupstatic.com/photos/event/1/9/b/2/600_502686578.jpeg
2026-03-16 06:46:09,426 - INFO - meetup_coffee_sketch.ics: added 10 image(s)
2026-03-16 06:46:09,426 - INFO - Processing meetup_contra_dance.ics...
2026-03-16 06:46:09,426 - INFO - meetup_contra_dance.ics: no new images
2026-03-16 06:46:09,426 - INFO - Processing meetup_meditation.ics...
2026-03-16 06:46:09,427 - INFO -   Fetching image for: https://www.meetup.com/decompress-connect/events/313458094/
2026-03-16 06:46:10,296 - INFO -     -> https://secure.meetupstatic.com/photos/event/6/4/a/4/600_530905764.jpeg
2026-03-16 06:46:10,297 - INFO -   Fetching image for: https://www.meetup.com/decompress-connect/events/313458095/
2026-03-16 06:46:11,128 - INFO -     -> https://secure.meetupstatic.com/photos/event/6/4/a/4/600_530905764.jpeg
2026-03-16 06:46:11,129 - INFO -   Fetching image for: https://www.meetup.com/decompress-connect/events/313362282/
2026-03-16 06:46:11,970 - INFO -     -> https://secure.meetupstatic.com/photos/event/6/4/a/4/600_530905764.jpeg
2026-03-16 06:46:11,970 - INFO -   Fetching image for: https://www.meetup.com/decompress-connect/events/313689848/
2026-03-16 06:46:13,335 - INFO -     -> https://secure.meetupstatic.com/photos/event/6/4/a/4/600_530905764.jpeg
2026-03-16 06:46:13,335 - INFO -   Fetching image for: https://www.meetup.com/decompress-connect/events/313737579/
2026-03-16 06:46:14,261 - INFO -     -> https://secure.meetupstatic.com/photos/event/6/4/a/4/600_530905764.jpeg
2026-03-16 06:46:14,261 - INFO -   Fetching image for: https://www.meetup.com/decompress-connect/events/313779154/
2026-03-16 06:46:15,193 - INFO -     -> https://secure.meetupstatic.com/photos/event/6/4/a/4/600_530905764.jpeg
2026-03-16 06:46:15,193 - INFO -   Fetching image for: https://www.meetup.com/decompress-connect/events/313779159/
2026-03-16 06:46:15,996 - INFO -     -> https://secure.meetupstatic.com/photos/event/6/4/a/4/600_530905764.jpeg
2026-03-16 06:46:15,997 - INFO -   Fetching image for: https://www.meetup.com/decompress-connect/events/313779160/
2026-03-16 06:46:16,854 - INFO -     -> https://secure.meetupstatic.com/photos/event/6/4/a/4/600_530905764.jpeg
2026-03-16 06:46:16,855 - INFO -   Fetching image for: https://www.meetup.com/decompress-connect/events/313779161/
2026-03-16 06:46:17,662 - INFO -     -> https://secure.meetupstatic.com/photos/event/6/4/a/4/600_530905764.jpeg
2026-03-16 06:46:17,662 - INFO -   Fetching image for: https://www.meetup.com/decompress-connect/events/313779162/
2026-03-16 06:46:18,477 - INFO -     -> https://secure.meetupstatic.com/photos/event/6/4/a/4/600_530905764.jpeg
2026-03-16 06:46:18,477 - INFO - meetup_meditation.ics: added 10 image(s)
2026-03-16 06:46:18,477 - INFO - Processing meetup_more_than_reading.ics...
2026-03-16 06:46:18,478 - INFO -   Fetching image for: https://www.meetup.com/itsmorethanjustreadingbooks/events/312921267/
2026-03-16 06:46:19,269 - INFO -     -> https://secure.meetupstatic.com/photos/event/5/4/3/1/600_532281553.jpeg
2026-03-16 06:46:19,269 - INFO -   Fetching image for: https://www.meetup.com/itsmorethanjustreadingbooks/events/313471442/
2026-03-16 06:46:20,038 - INFO -     -> https://secure.meetupstatic.com/photos/event/e/1/0/c/600_532857612.jpeg
2026-03-16 06:46:20,039 - INFO - meetup_more_than_reading.ics: added 2 image(s)
2026-03-16 06:46:20,039 - INFO - Processing meetup_nw_trail_runners.ics...
2026-03-16 06:46:20,039 - INFO -   Fetching image for: https://www.meetup.com/northwest-trail-runners/events/313745476/
2026-03-16 06:46:20,856 - INFO -     -> https://secure.meetupstatic.com/photos/event/c/8/5/8/600_533151288.jpeg
2026-03-16 06:46:20,857 - INFO -   Fetching image for: https://www.meetup.com/northwest-trail-runners/events/313135370/
2026-03-16 06:46:21,731 - INFO -     -> https://secure.meetupstatic.com/photos/event/2/2/8/d/600_532508845.jpeg
2026-03-16 06:46:21,732 - INFO - meetup_nw_trail_runners.ics: added 2 image(s)
2026-03-16 06:46:21,732 - INFO - Processing meetup_padnug.ics...
2026-03-16 06:46:21,732 - INFO -   Fetching image for: https://www.meetup.com/padnug/events/312213858/
2026-03-16 06:46:22,520 - INFO -     -> https://secure.meetupstatic.com/photos/event/9/b/3/7/600_451119735.jpeg
2026-03-16 06:46:22,520 - INFO -   Fetching image for: https://www.meetup.com/padnug/events/312214082/
2026-03-16 06:46:23,289 - INFO -     -> https://secure.meetupstatic.com/photos/event/9/b/3/7/600_451119735.jpeg
2026-03-16 06:46:23,289 - INFO -   Fetching image for: https://www.meetup.com/padnug/events/313070682/
2026-03-16 06:46:24,076 - INFO -     -> https://secure.meetupstatic.com/photos/event/9/b/3/7/600_451119735.jpeg
2026-03-16 06:46:24,076 - INFO -   Fetching image for: https://www.meetup.com/padnug/events/313637947/
2026-03-16 06:46:25,123 - INFO -     -> https://secure.meetupstatic.com/photos/event/d/a/9/a/600_533035962.jpeg
2026-03-16 06:46:25,123 - INFO -   Fetching image for: https://www.meetup.com/padnug/events/313784452/
2026-03-16 06:46:26,585 - INFO -     -> https://secure.meetupstatic.com/photos/event/9/b/3/7/600_451119735.jpeg
2026-03-16 06:46:26,586 - INFO -   Fetching image for: https://www.meetup.com/padnug/events/cfllmtyjcgbcc/
2026-03-16 06:46:27,437 - INFO -     -> https://secure.meetupstatic.com/photos/event/9/b/3/7/600_451119735.jpeg
2026-03-16 06:46:27,437 - INFO -   Fetching image for: https://www.meetup.com/padnug/events/312930539/
2026-03-16 06:46:28,246 - INFO -     -> https://secure.meetupstatic.com/photos/event/9/b/3/7/600_451119735.jpeg
2026-03-16 06:46:28,246 - INFO -   Fetching image for: https://www.meetup.com/padnug/events/zffcltyjchbhb/
2026-03-16 06:46:29,073 - INFO -     -> https://secure.meetupstatic.com/photos/event/9/b/3/7/600_451119735.jpeg
2026-03-16 06:46:29,074 - INFO -   Fetching image for: https://www.meetup.com/padnug/events/txfbwtyjchbqb/
2026-03-16 06:46:29,890 - INFO -     -> https://secure.meetupstatic.com/photos/event/9/b/3/7/600_451119735.jpeg
2026-03-16 06:46:29,890 - INFO -   Fetching image for: https://www.meetup.com/padnug/events/cfllmtyjchbzb/
2026-03-16 06:46:30,713 - INFO -     -> https://secure.meetupstatic.com/photos/event/9/b/3/7/600_451119735.jpeg
2026-03-16 06:46:30,714 - INFO - meetup_padnug.ics: added 10 image(s)
2026-03-16 06:46:30,714 - INFO - Processing meetup_paint_and_sip.ics...
2026-03-16 06:46:30,714 - INFO -   Fetching image for: https://www.meetup.com/pop-up-paint-and-sip/events/313672704/
2026-03-16 06:46:31,527 - INFO -     -> https://secure.meetupstatic.com/photos/event/5/e/3/4/600_533064116.jpeg
2026-03-16 06:46:31,527 - INFO -   Fetching image for: https://www.meetup.com/pop-up-paint-and-sip/events/313672982/
2026-03-16 06:46:32,316 - INFO -     -> https://secure.meetupstatic.com/photos/event/5/e/7/9/600_533064185.jpeg
2026-03-16 06:46:32,317 - INFO -   Fetching image for: https://www.meetup.com/pop-up-paint-and-sip/events/313573395/
2026-03-16 06:46:33,143 - INFO -     -> https://secure.meetupstatic.com/photos/event/9/0/6/3/600_532956963.jpeg
2026-03-16 06:46:33,143 - INFO -   Fetching image for: https://www.meetup.com/pop-up-paint-and-sip/events/313704946/
2026-03-16 06:46:33,966 - INFO -     -> https://secure.meetupstatic.com/photos/event/2/4/c/0/600_533109408.jpeg
2026-03-16 06:46:33,966 - INFO -   Fetching image for: https://www.meetup.com/pop-up-paint-and-sip/events/313715143/
2026-03-16 06:46:34,771 - INFO -     -> https://secure.meetupstatic.com/photos/event/5/4/6/7/600_533121607.jpeg
2026-03-16 06:46:34,771 - INFO -   Fetching image for: https://www.meetup.com/pop-up-paint-and-sip/events/313717410/
2026-03-16 06:46:35,572 - INFO -     -> https://secure.meetupstatic.com/photos/event/5/b/a/0/600_533123456.jpeg
2026-03-16 06:46:35,572 - INFO - meetup_paint_and_sip.ics: added 6 image(s)
2026-03-16 06:46:35,572 - INFO - Processing meetup_pdxcpp.ics...
2026-03-16 06:46:35,572 - INFO -   Fetching image for: https://www.meetup.com/pdxcpp/events/312937491/
2026-03-16 06:46:36,374 - INFO -     -> https://secure.meetupstatic.com/photos/event/7/5/d/e/600_473430174.jpeg
2026-03-16 06:46:36,374 - INFO -   Fetching image for: https://www.meetup.com/pdxcpp/events/312937493/
2026-03-16 06:46:37,208 - INFO -     -> https://secure.meetupstatic.com/photos/event/7/5/d/e/600_473430174.jpeg
2026-03-16 06:46:37,209 - INFO -   Fetching image for: https://www.meetup.com/pdxcpp/events/312937495/
2026-03-16 06:46:38,016 - INFO -     -> https://secure.meetupstatic.com/photos/event/7/5/d/e/600_473430174.jpeg
2026-03-16 06:46:38,017 - INFO -   Fetching image for: https://www.meetup.com/pdxcpp/events/312937500/
2026-03-16 06:46:38,849 - INFO -     -> https://secure.meetupstatic.com/photos/event/7/5/d/e/600_473430174.jpeg
2026-03-16 06:46:38,850 - INFO -   Fetching image for: https://www.meetup.com/pdxcpp/events/fvprbtyjckbcc/
2026-03-16 06:46:39,641 - INFO -     -> https://secure.meetupstatic.com/photos/event/7/5/d/e/600_473430174.jpeg
2026-03-16 06:46:39,641 - INFO -   Fetching image for: https://www.meetup.com/pdxcpp/events/fvprbtyjclbxb/
2026-03-16 06:46:40,440 - INFO -     -> https://secure.meetupstatic.com/photos/event/7/5/d/e/600_473430174.jpeg
2026-03-16 06:46:40,440 - INFO -   Fetching image for: https://www.meetup.com/pdxcpp/events/fvprbtyjcmbtb/
2026-03-16 06:46:41,262 - INFO -     -> https://secure.meetupstatic.com/photos/event/7/5/d/e/600_473430174.jpeg
2026-03-16 06:46:41,262 - INFO -   Fetching image for: https://www.meetup.com/pdxcpp/events/fvprbtyjcnbbc/
2026-03-16 06:46:42,157 - INFO -     -> https://secure.meetupstatic.com/photos/event/7/5/d/e/600_473430174.jpeg
2026-03-16 06:46:42,157 - INFO -   Fetching image for: https://www.meetup.com/pdxcpp/events/fvprbtyjcpbwb/
2026-03-16 06:46:45,427 - INFO -     -> https://secure.meetupstatic.com/photos/event/7/5/d/e/600_473430174.jpeg
2026-03-16 06:46:45,428 - INFO -   Fetching image for: https://www.meetup.com/pdxcpp/events/fvprbtyjcqbtb/
2026-03-16 06:46:46,263 - INFO -     -> https://secure.meetupstatic.com/photos/event/7/5/d/e/600_473430174.jpeg
2026-03-16 06:46:46,263 - INFO - meetup_pdxcpp.ics: added 10 image(s)
2026-03-16 06:46:46,263 - INFO - Processing meetup_pdxgames.ics...
2026-03-16 06:46:46,264 - INFO -   Fetching image for: https://www.meetup.com/pdxgames/events/313516496/
2026-03-16 06:46:47,102 - INFO -     -> https://secure.meetupstatic.com/photos/event/4/5/6/6/600_532337766.jpeg
2026-03-16 06:46:47,103 - INFO -   Fetching image for: https://www.meetup.com/pdxgames/events/313516196/
2026-03-16 06:46:47,876 - INFO -     -> https://secure.meetupstatic.com/photos/event/3/1/e/1/600_499332769.jpeg
2026-03-16 06:46:47,876 - INFO -   Fetching image for: https://www.meetup.com/pdxgames/events/313517278/
2026-03-16 06:46:48,657 - INFO -     -> https://secure.meetupstatic.com/photos/event/b/0/3/0/600_531945104.jpeg
2026-03-16 06:46:48,658 - INFO -   Fetching image for: https://www.meetup.com/pdxgames/events/313302763/
2026-03-16 06:46:49,458 - INFO -     -> https://secure.meetupstatic.com/photos/event/b/b/4/f/600_512387951.jpeg
2026-03-16 06:46:49,458 - INFO -   Fetching image for: https://www.meetup.com/pdxgames/events/313534087/
2026-03-16 06:46:50,249 - INFO -     -> https://secure.meetupstatic.com/photos/event/b/d/f/2/600_519528626.jpeg
2026-03-16 06:46:50,249 - INFO -   Fetching image for: https://www.meetup.com/pdxgames/events/313201123/
2026-03-16 06:46:51,325 - INFO -     -> https://secure.meetupstatic.com/photos/event/d/5/f/c/600_523614780.jpeg
2026-03-16 06:46:51,325 - INFO -   Fetching image for: https://www.meetup.com/pdxgames/events/313619086/
2026-03-16 06:46:52,162 - INFO -     -> https://secure.meetupstatic.com/photos/event/e/1/2/e/600_526197646.jpeg
2026-03-16 06:46:52,162 - INFO -   Fetching image for: https://www.meetup.com/pdxgames/events/313568029/
2026-03-16 06:46:52,903 - INFO -     -> https://secure.meetupstatic.com/photos/event/f/5/5/600_519903925.jpeg
2026-03-16 06:46:52,904 - INFO -   Fetching image for: https://www.meetup.com/pdxgames/events/313568124/
2026-03-16 06:46:53,750 - INFO -     -> https://secure.meetupstatic.com/photos/event/a/b/0/1/600_532063777.jpeg
2026-03-16 06:46:53,750 - INFO -   Fetching image for: https://www.meetup.com/pdxgames/events/313641127/
2026-03-16 06:46:54,499 - INFO -     -> https://secure.meetupstatic.com/photos/event/9/6/d/d/600_528458621.jpeg
2026-03-16 06:46:54,500 - INFO - meetup_pdxgames.ics: added 10 image(s)
2026-03-16 06:46:54,500 - INFO - Processing meetup_portland_2030.ics...
2026-03-16 06:46:54,501 - INFO -   Fetching image for: https://www.meetup.com/portland-2030-coffee-bars-and-hiking/events/312757943/
2026-03-16 06:46:55,310 - INFO -     -> https://secure.meetupstatic.com/photos/event/6/b/8/f/600_531807535.jpeg
2026-03-16 06:46:55,310 - INFO -   Fetching image for: https://www.meetup.com/portland-2030-coffee-bars-and-hiking/events/312757944/
2026-03-16 06:46:56,148 - INFO -     -> https://secure.meetupstatic.com/photos/event/6/b/8/f/600_531807535.jpeg
2026-03-16 06:46:56,148 - INFO -   Fetching image for: https://www.meetup.com/portland-2030-coffee-bars-and-hiking/events/313192357/
2026-03-16 06:46:56,912 - INFO -     -> https://secure.meetupstatic.com/photos/event/6/b/8/f/600_531807535.jpeg
2026-03-16 06:46:56,912 - INFO -   Fetching image for: https://www.meetup.com/portland-2030-coffee-bars-and-hiking/events/313471682/
2026-03-16 06:46:57,720 - INFO -     -> https://secure.meetupstatic.com/photos/event/6/b/8/f/600_531807535.jpeg
2026-03-16 06:46:57,720 - INFO -   Fetching image for: https://www.meetup.com/portland-2030-coffee-bars-and-hiking/events/313466799/
2026-03-16 06:46:58,503 - INFO -     -> https://secure.meetupstatic.com/photos/event/9/1/0/b/600_519457131.jpeg
2026-03-16 06:46:58,503 - INFO -   Fetching image for: https://www.meetup.com/portland-2030-coffee-bars-and-hiking/events/313471683/
2026-03-16 06:46:59,289 - INFO -     -> https://secure.meetupstatic.com/photos/event/6/b/8/f/600_531807535.jpeg
2026-03-16 06:46:59,290 - INFO -   Fetching image for: https://www.meetup.com/portland-2030-coffee-bars-and-hiking/events/313471684/
2026-03-16 06:47:00,068 - INFO -     -> https://secure.meetupstatic.com/photos/event/6/b/8/f/600_531807535.jpeg
2026-03-16 06:47:00,069 - INFO -   Fetching image for: https://www.meetup.com/portland-2030-coffee-bars-and-hiking/events/313471685/
2026-03-16 06:47:00,901 - INFO -     -> https://secure.meetupstatic.com/photos/event/6/b/8/f/600_531807535.jpeg
2026-03-16 06:47:00,901 - INFO - meetup_portland_2030.ics: added 8 image(s)
2026-03-16 06:47:00,901 - INFO - Processing meetup_portland_city_walking.ics...
2026-03-16 06:47:00,902 - INFO -   Fetching image for: https://www.meetup.com/portland-city-walking-and-trail-walking-meetup-group/events/313746621/
2026-03-16 06:47:01,854 - INFO -     -> https://secure.meetupstatic.com/photos/event/5/b/f/c/600_515723548.jpeg
2026-03-16 06:47:01,854 - INFO -   Fetching image for: https://www.meetup.com/portland-city-walking-and-trail-walking-meetup-group/events/313734783/
2026-03-16 06:47:02,930 - INFO -     -> https://secure.meetupstatic.com/photos/event/6/a/b/2/600_532767314.jpeg
2026-03-16 06:47:02,931 - INFO -   Fetching image for: https://www.meetup.com/portland-city-walking-and-trail-walking-meetup-group/events/313527283/
2026-03-16 06:47:03,860 - INFO -     -> https://secure.meetupstatic.com/photos/event/7/d/7/e/600_529352126.jpeg
2026-03-16 06:47:03,860 - INFO -   Fetching image for: https://www.meetup.com/portland-city-walking-and-trail-walking-meetup-group/events/313727467/
2026-03-16 06:47:04,608 - INFO -     -> https://secure.meetupstatic.com/photos/event/8/5/0/f/600_533134063.jpeg
2026-03-16 06:47:04,608 - INFO -   Fetching image for: https://www.meetup.com/portland-city-walking-and-trail-walking-meetup-group/events/313403966/
2026-03-16 06:47:05,411 - INFO -     -> https://secure.meetupstatic.com/photos/event/d/2/a/7/600_507713927.jpeg
2026-03-16 06:47:05,411 - INFO -   Fetching image for: https://www.meetup.com/portland-city-walking-and-trail-walking-meetup-group/events/313721157/
2026-03-16 06:47:07,645 - INFO -     -> https://secure.meetupstatic.com/photos/event/3/7/2/f/600_531914127.jpeg
2026-03-16 06:47:07,646 - INFO -   Fetching image for: https://www.meetup.com/portland-city-walking-and-trail-walking-meetup-group/events/313734803/
2026-03-16 06:47:08,461 - INFO -     -> https://secure.meetupstatic.com/photos/event/3/7/2/f/600_531914127.jpeg
2026-03-16 06:47:08,461 - INFO -   Fetching image for: https://www.meetup.com/portland-city-walking-and-trail-walking-meetup-group/events/313670351/
2026-03-16 06:47:09,228 - INFO -     -> https://secure.meetupstatic.com/photos/event/7/d/7/e/600_529352126.jpeg
2026-03-16 06:47:09,228 - INFO -   Fetching image for: https://www.meetup.com/portland-city-walking-and-trail-walking-meetup-group/events/313408479/
2026-03-16 06:47:10,076 - INFO -     -> https://secure.meetupstatic.com/photos/event/d/9/b/6/600_532795734.jpeg
2026-03-16 06:47:10,076 - INFO -   Fetching image for: https://www.meetup.com/portland-city-walking-and-trail-walking-meetup-group/events/313403967/
2026-03-16 06:47:10,947 - INFO -     -> https://secure.meetupstatic.com/photos/event/d/2/a/7/600_507713927.jpeg
2026-03-16 06:47:10,948 - INFO - meetup_portland_city_walking.ics: added 10 image(s)
2026-03-16 06:47:10,948 - INFO - Processing meetup_portland_code_coffee.ics...
2026-03-16 06:47:10,948 - INFO -   Fetching image for: https://www.meetup.com/portland-code-coffee/events/313453514/
2026-03-16 06:47:11,704 - INFO -     -> https://secure.meetupstatic.com/photos/event/9/6/0/a/600_524858410.jpeg
2026-03-16 06:47:11,705 - INFO -   Fetching image for: https://www.meetup.com/portland-code-coffee/events/313331045/
2026-03-16 06:47:12,538 - INFO -     -> https://secure.meetupstatic.com/photos/event/9/6/0/a/600_524858410.jpeg
2026-03-16 06:47:12,538 - INFO -   Fetching image for: https://www.meetup.com/portland-code-coffee/events/312937865/
2026-03-16 06:47:14,583 - INFO -     -> https://secure.meetupstatic.com/photos/event/1/5/7/c/600_522305500.jpeg
2026-03-16 06:47:14,583 - INFO -   Fetching image for: https://www.meetup.com/portland-code-coffee/events/313619903/
2026-03-16 06:47:15,343 - INFO -     -> https://secure.meetupstatic.com/photos/event/9/6/0/a/600_524858410.jpeg
2026-03-16 06:47:15,343 - INFO -   Fetching image for: https://www.meetup.com/portland-code-coffee/events/313728474/
2026-03-16 06:47:16,115 - INFO -     -> https://secure.meetupstatic.com/photos/event/9/6/0/a/600_524858410.jpeg
2026-03-16 06:47:16,115 - INFO -   Fetching image for: https://www.meetup.com/portland-code-coffee/events/lxkgwtyjcgbjb/
2026-03-16 06:47:16,940 - INFO -     -> https://secure.meetupstatic.com/photos/event/9/6/0/a/600_524858410.jpeg
2026-03-16 06:47:16,940 - INFO -   Fetching image for: https://www.meetup.com/portland-code-coffee/events/lxkgwtyjcgbrb/
2026-03-16 06:47:17,728 - INFO -     -> https://secure.meetupstatic.com/photos/event/9/6/0/a/600_524858410.jpeg
2026-03-16 06:47:17,728 - INFO -   Fetching image for: https://www.meetup.com/portland-code-coffee/events/313458792/
2026-03-16 06:47:18,594 - INFO -     -> https://secure.meetupstatic.com/photos/event/1/5/7/c/600_522305500.jpeg
2026-03-16 06:47:18,595 - INFO -   Fetching image for: https://www.meetup.com/portland-code-coffee/events/lxkgwtyjcgbbc/
2026-03-16 06:47:19,400 - INFO -     -> https://secure.meetupstatic.com/photos/event/9/6/0/a/600_524858410.jpeg
2026-03-16 06:47:19,400 - INFO -   Fetching image for: https://www.meetup.com/portland-code-coffee/events/lxkgwtyjcgbkc/
2026-03-16 06:47:20,202 - INFO -     -> https://secure.meetupstatic.com/photos/event/9/6/0/a/600_524858410.jpeg
2026-03-16 06:47:20,203 - INFO - meetup_portland_code_coffee.ics: added 10 image(s)
2026-03-16 06:47:20,203 - INFO - Processing meetup_portland_free_community.ics...
2026-03-16 06:47:20,203 - INFO -   Fetching image for: https://www.meetup.com/portlandfreecomunity/events/313596595/
2026-03-16 06:47:21,075 - INFO -     -> https://secure.meetupstatic.com/photos/event/3/1/7/3/600_498012659.jpeg
2026-03-16 06:47:21,076 - INFO -   Fetching image for: https://www.meetup.com/portlandfreecomunity/events/313602965/
2026-03-16 06:47:21,924 - INFO -     -> https://secure.meetupstatic.com/photos/event/3/1/7/f/600_498012671.jpeg
2026-03-16 06:47:21,925 - INFO -   Fetching image for: https://www.meetup.com/portlandfreecomunity/events/313706100/
2026-03-16 06:47:22,862 - INFO -     -> https://secure.meetupstatic.com/photos/event/3/1/7/3/600_498012659.jpeg
2026-03-16 06:47:22,863 - INFO -   Fetching image for: https://www.meetup.com/portlandfreecomunity/events/313712844/
2026-03-16 06:47:23,802 - INFO -     -> https://secure.meetupstatic.com/photos/event/3/1/7/f/600_498012671.jpeg
2026-03-16 06:47:23,802 - INFO -   Fetching image for: https://www.meetup.com/portlandfreecomunity/events/pdblnsyjcgbgb/
2026-03-16 06:47:24,609 - INFO -     -> https://secure.meetupstatic.com/photos/event/3/1/7/3/600_498012659.jpeg
2026-03-16 06:47:24,609 - INFO -   Fetching image for: https://www.meetup.com/portlandfreecomunity/events/wdblnsyjcgbhb/
2026-03-16 06:47:25,529 - INFO -     -> https://secure.meetupstatic.com/photos/event/3/1/7/f/600_498012671.jpeg
2026-03-16 06:47:25,529 - INFO -   Fetching image for: https://www.meetup.com/portlandfreecomunity/events/pdblnsyjcgbpb/
2026-03-16 06:47:26,306 - INFO -     -> https://secure.meetupstatic.com/photos/event/3/1/7/3/600_498012659.jpeg
2026-03-16 06:47:26,306 - INFO -   Fetching image for: https://www.meetup.com/portlandfreecomunity/events/wdblnsyjcgbqb/
2026-03-16 06:47:27,156 - INFO -     -> https://secure.meetupstatic.com/photos/event/3/1/7/f/600_498012671.jpeg
2026-03-16 06:47:27,156 - INFO -   Fetching image for: https://www.meetup.com/portlandfreecomunity/events/pdblnsyjcgbxb/
2026-03-16 06:47:27,925 - INFO -     -> https://secure.meetupstatic.com/photos/event/3/1/7/3/600_498012659.jpeg
2026-03-16 06:47:27,926 - INFO -   Fetching image for: https://www.meetup.com/portlandfreecomunity/events/wdblnsyjcgbzb/
2026-03-16 06:47:28,701 - INFO -     -> https://secure.meetupstatic.com/photos/event/3/1/7/f/600_498012671.jpeg
2026-03-16 06:47:28,702 - INFO - meetup_portland_free_community.ics: added 10 image(s)
2026-03-16 06:47:28,702 - INFO - Processing meetup_portland_fun_run.ics...
2026-03-16 06:47:28,703 - INFO -   Fetching image for: https://www.meetup.com/portland-fun-run/events/313552921/
2026-03-16 06:47:29,456 - INFO -     -> https://secure.meetupstatic.com/photos/event/5/a/6/1/600_503363137.jpeg
2026-03-16 06:47:29,456 - INFO -   Fetching image for: https://www.meetup.com/portland-fun-run/events/313661929/
2026-03-16 06:47:30,228 - INFO -     -> https://secure.meetupstatic.com/photos/event/5/a/6/1/600_503363137.jpeg
2026-03-16 06:47:30,228 - INFO -   Fetching image for: https://www.meetup.com/portland-fun-run/events/wxqxvtyjcgbcb/
2026-03-16 06:47:30,995 - INFO -     -> https://secure.meetupstatic.com/photos/event/5/a/6/1/600_503363137.jpeg
2026-03-16 06:47:30,995 - INFO -   Fetching image for: https://www.meetup.com/portland-fun-run/events/wxqxvtyjcgblb/
2026-03-16 06:47:31,833 - INFO -     -> https://secure.meetupstatic.com/photos/event/5/a/6/1/600_503363137.jpeg
2026-03-16 06:47:31,833 - INFO -   Fetching image for: https://www.meetup.com/portland-fun-run/events/wxqxvtyjcgbtb/
2026-03-16 06:47:32,626 - INFO -     -> https://secure.meetupstatic.com/photos/event/5/a/6/1/600_503363137.jpeg
2026-03-16 06:47:32,626 - INFO -   Fetching image for: https://www.meetup.com/portland-fun-run/events/wxqxvtyjcgbdc/
2026-03-16 06:47:33,410 - INFO -     -> https://secure.meetupstatic.com/photos/event/5/a/6/1/600_503363137.jpeg
2026-03-16 06:47:33,410 - INFO -   Fetching image for: https://www.meetup.com/portland-fun-run/events/wxqxvtyjcgbmc/
2026-03-16 06:47:34,236 - INFO -     -> https://secure.meetupstatic.com/photos/event/5/a/6/1/600_503363137.jpeg
2026-03-16 06:47:34,236 - INFO -   Fetching image for: https://www.meetup.com/portland-fun-run/events/wxqxvtyjchbjb/
2026-03-16 06:47:35,052 - INFO -     -> https://secure.meetupstatic.com/photos/event/5/a/6/1/600_503363137.jpeg
2026-03-16 06:47:35,052 - INFO -   Fetching image for: https://www.meetup.com/portland-fun-run/events/wxqxvtyjchbrb/
2026-03-16 06:47:35,858 - INFO -     -> https://secure.meetupstatic.com/photos/event/5/a/6/1/600_503363137.jpeg
2026-03-16 06:47:35,859 - INFO -   Fetching image for: https://www.meetup.com/portland-fun-run/events/wxqxvtyjchbbc/
2026-03-16 06:47:36,631 - INFO -     -> https://secure.meetupstatic.com/photos/event/5/a/6/1/600_503363137.jpeg
2026-03-16 06:47:36,631 - INFO - meetup_portland_fun_run.ics: added 10 image(s)
2026-03-16 06:47:36,631 - INFO - Processing meetup_portland_hiking.ics...
2026-03-16 06:47:36,632 - INFO -   Fetching image for: https://www.meetup.com/the-portland-hiking-meetup-group/events/313786380/
2026-03-16 06:47:37,472 - INFO -     -> https://secure.meetupstatic.com/photos/event/3/1/5/f/600_528372639.jpeg
2026-03-16 06:47:37,472 - INFO -   Fetching image for: https://www.meetup.com/the-portland-hiking-meetup-group/events/312735326/
2026-03-16 06:47:38,262 - INFO -     -> https://secure.meetupstatic.com/photos/event/5/7/a/0/600_506902432.jpeg
2026-03-16 06:47:38,262 - INFO -   Fetching image for: https://www.meetup.com/the-portland-hiking-meetup-group/events/313526556/
2026-03-16 06:47:39,051 - INFO -     -> https://secure.meetupstatic.com/photos/event/d/b/c/8/600_532916264.jpeg
2026-03-16 06:47:39,051 - INFO -   Fetching image for: https://www.meetup.com/the-portland-hiking-meetup-group/events/313783039/
2026-03-16 06:47:39,841 - INFO -     -> https://secure.meetupstatic.com/photos/event/c/8/6/0/600_533211296.jpeg
2026-03-16 06:47:39,842 - INFO -   Fetching image for: https://www.meetup.com/the-portland-hiking-meetup-group/events/313764357/
2026-03-16 06:47:40,674 - INFO -     -> https://secure.meetupstatic.com/photos/event/5/2/a/8/600_518181160.jpeg
2026-03-16 06:47:40,674 - INFO -   Fetching image for: https://www.meetup.com/the-portland-hiking-meetup-group/events/313495323/
2026-03-16 06:47:41,423 - INFO -     -> https://secure.meetupstatic.com/photos/event/6/b/7/b/600_532887515.jpeg
2026-03-16 06:47:41,423 - INFO -   Fetching image for: https://www.meetup.com/the-portland-hiking-meetup-group/events/313786528/
2026-03-16 06:47:42,298 - INFO -     -> https://secure.meetupstatic.com/photos/event/4/7/3/b/600_524778235.jpeg
2026-03-16 06:47:42,298 - INFO -   Fetching image for: https://www.meetup.com/the-portland-hiking-meetup-group/events/313783185/
2026-03-16 06:47:44,155 - INFO -     -> https://secure.meetupstatic.com/photos/event/c/9/5/0/600_533211536.jpeg
2026-03-16 06:47:44,155 - INFO -   Fetching image for: https://www.meetup.com/the-portland-hiking-meetup-group/events/313044868/
2026-03-16 06:47:45,068 - INFO -     -> https://secure.meetupstatic.com/photos/event/5/7/a/0/600_506902432.jpeg
2026-03-16 06:47:45,068 - INFO -   Fetching image for: https://www.meetup.com/the-portland-hiking-meetup-group/events/313044914/
2026-03-16 06:47:45,856 - INFO -     -> https://secure.meetupstatic.com/photos/event/5/7/a/0/600_506902432.jpeg
2026-03-16 06:47:45,856 - INFO - meetup_portland_hiking.ics: added 10 image(s)
2026-03-16 06:47:45,856 - INFO - Processing meetup_portland_outdoors.ics...
2026-03-16 06:47:45,857 - INFO -   Fetching image for: https://www.meetup.com/portland-outdoors-20s-and-30s-hiking-group/events/313258408/
2026-03-16 06:47:46,641 - INFO -     -> https://secure.meetupstatic.com/photos/event/6/2/7/0/600_523105200.jpeg
2026-03-16 06:47:46,641 - INFO -   Fetching image for: https://www.meetup.com/portland-outdoors-20s-and-30s-hiking-group/events/311399125/
2026-03-16 06:47:47,421 - INFO -     -> https://secure.meetupstatic.com/photos/event/6/2/7/0/600_523105200.jpeg
2026-03-16 06:47:47,421 - INFO -   Fetching image for: https://www.meetup.com/portland-outdoors-20s-and-30s-hiking-group/events/313258409/
2026-03-16 06:47:48,248 - INFO -     -> https://secure.meetupstatic.com/photos/event/6/2/7/0/600_523105200.jpeg
2026-03-16 06:47:48,248 - INFO -   Fetching image for: https://www.meetup.com/portland-outdoors-20s-and-30s-hiking-group/events/313667146/
2026-03-16 06:47:49,049 - INFO -     -> https://secure.meetupstatic.com/photos/event/6/2/7/0/600_523105200.jpeg
2026-03-16 06:47:49,050 - INFO -   Fetching image for: https://www.meetup.com/portland-outdoors-20s-and-30s-hiking-group/events/311399147/
2026-03-16 06:47:49,672 - INFO -     -> https://secure.meetupstatic.com/photos/event/6/2/7/0/600_523105200.jpeg
2026-03-16 06:47:49,672 - INFO -   Fetching image for: https://www.meetup.com/portland-outdoors-20s-and-30s-hiking-group/events/313036864/
2026-03-16 06:47:50,506 - INFO -     -> https://secure.meetupstatic.com/photos/event/6/2/7/0/600_523105200.jpeg
2026-03-16 06:47:50,507 - INFO -   Fetching image for: https://www.meetup.com/portland-outdoors-20s-and-30s-hiking-group/events/313036865/
2026-03-16 06:47:51,278 - INFO -     -> https://secure.meetupstatic.com/photos/event/6/2/7/0/600_523105200.jpeg
2026-03-16 06:47:51,278 - INFO -   Fetching image for: https://www.meetup.com/portland-outdoors-20s-and-30s-hiking-group/events/311399189/
2026-03-16 06:47:52,363 - INFO -     -> https://secure.meetupstatic.com/photos/event/6/2/7/0/600_523105200.jpeg
2026-03-16 06:47:52,363 - INFO -   Fetching image for: https://www.meetup.com/portland-outdoors-20s-and-30s-hiking-group/events/vdtxrtyjcgbcc/
2026-03-16 06:47:53,154 - INFO -     -> https://secure.meetupstatic.com/photos/event/6/2/7/0/600_523105200.jpeg
2026-03-16 06:47:53,154 - INFO -   Fetching image for: https://www.meetup.com/portland-outdoors-20s-and-30s-hiking-group/events/vdtxrtyjcgblc/
2026-03-16 06:47:54,022 - INFO -     -> https://secure.meetupstatic.com/photos/event/6/2/7/0/600_523105200.jpeg
2026-03-16 06:47:54,023 - INFO - meetup_portland_outdoors.ics: added 10 image(s)
2026-03-16 06:47:54,023 - INFO - Processing meetup_portland_running_co.ics...
2026-03-16 06:47:54,023 - INFO -   Fetching image for: https://www.meetup.com/portland-running-co-weekly-group-runs/events/313516471/
2026-03-16 06:47:54,825 - INFO -     -> https://secure.meetupstatic.com/photos/event/4/a/7/7/600_459139063.jpeg
2026-03-16 06:47:54,826 - INFO -   Fetching image for: https://www.meetup.com/portland-running-co-weekly-group-runs/events/313517773/
2026-03-16 06:47:55,635 - INFO -     -> https://secure.meetupstatic.com/photos/event/1/d/c/600_510180476.jpeg
2026-03-16 06:47:55,635 - INFO -   Fetching image for: https://www.meetup.com/portland-running-co-weekly-group-runs/events/313535162/
2026-03-16 06:47:56,458 - INFO -     -> https://secure.meetupstatic.com/photos/event/4/a/7/7/600_459139063.jpeg
2026-03-16 06:47:56,458 - INFO -   Fetching image for: https://www.meetup.com/portland-running-co-weekly-group-runs/events/313568367/
2026-03-16 06:47:57,310 - INFO -     -> https://secure.meetupstatic.com/photos/event/7/a/7/5/600_487531349.jpeg
2026-03-16 06:47:57,310 - INFO -   Fetching image for: https://www.meetup.com/portland-running-co-weekly-group-runs/events/313604060/
2026-03-16 06:47:58,204 - INFO -     -> https://secure.meetupstatic.com/photos/event/4/a/7/7/600_459139063.jpeg
2026-03-16 06:47:58,204 - INFO -   Fetching image for: https://www.meetup.com/portland-running-co-weekly-group-runs/events/313458618/
2026-03-16 06:47:59,226 - INFO -     -> https://secure.meetupstatic.com/photos/event/4/a/7/7/600_459139063.jpeg
2026-03-16 06:47:59,226 - INFO -   Fetching image for: https://www.meetup.com/portland-running-co-weekly-group-runs/events/313628208/
2026-03-16 06:48:00,035 - INFO -     -> https://secure.meetupstatic.com/photos/event/1/d/c/600_510180476.jpeg
2026-03-16 06:48:00,035 - INFO -   Fetching image for: https://www.meetup.com/portland-running-co-weekly-group-runs/events/313643992/
2026-03-16 06:48:01,078 - INFO -     -> https://secure.meetupstatic.com/photos/event/4/a/7/7/600_459139063.jpeg
2026-03-16 06:48:01,078 - INFO -   Fetching image for: https://www.meetup.com/portland-running-co-weekly-group-runs/events/313676455/
2026-03-16 06:48:02,074 - INFO -     -> https://secure.meetupstatic.com/photos/event/7/a/7/5/600_487531349.jpeg
2026-03-16 06:48:02,074 - INFO -   Fetching image for: https://www.meetup.com/portland-running-co-weekly-group-runs/events/313713379/
2026-03-16 06:48:03,626 - INFO -     -> https://secure.meetupstatic.com/photos/event/4/a/7/7/600_459139063.jpeg
2026-03-16 06:48:03,627 - INFO - meetup_portland_running_co.ics: added 10 image(s)
2026-03-16 06:48:03,627 - INFO - Processing meetup_portland_trail_runners.ics...
2026-03-16 06:48:03,627 - INFO -   Fetching image for: https://www.meetup.com/portland-trail-runners-group/events/313682975/
2026-03-16 06:48:04,444 - INFO -     -> https://secure.meetupstatic.com/photos/event/5/7/1/7/600_531442295.jpeg
2026-03-16 06:48:04,444 - INFO -   Fetching image for: https://www.meetup.com/portland-trail-runners-group/events/313518505/
2026-03-16 06:48:05,238 - INFO -     -> https://secure.meetupstatic.com/photos/event/c/0/c/0/600_532909344.jpeg
2026-03-16 06:48:05,238 - INFO -   Fetching image for: https://www.meetup.com/portland-trail-runners-group/events/313283030/
2026-03-16 06:48:06,007 - INFO -     -> https://secure.meetupstatic.com/photos/event/b/c/9/a/600_532668282.jpeg
2026-03-16 06:48:06,007 - INFO -   Fetching image for: https://www.meetup.com/portland-trail-runners-group/events/313580417/
2026-03-16 06:48:06,808 - INFO -     -> https://secure.meetupstatic.com/photos/event/c/7/8/0/600_532971072.jpeg
2026-03-16 06:48:06,808 - INFO - meetup_portland_trail_runners.ics: added 4 image(s)
2026-03-16 06:48:06,808 - INFO - Processing meetup_silent_book_club_portland.ics...
2026-03-16 06:48:06,809 - INFO -   Fetching image for: https://www.meetup.com/silent-book-club-portland/events/313752057/
2026-03-16 06:48:07,593 - INFO -     -> https://secure.meetupstatic.com/photos/event/e/0/5/e/600_533157438.jpeg
2026-03-16 06:48:07,593 - INFO - meetup_silent_book_club_portland.ics: added 1 image(s)
2026-03-16 06:48:07,593 - INFO - Processing meetup_silent_books_club.ics...
2026-03-16 06:48:07,593 - INFO -   Fetching image for: https://www.meetup.com/silent-books-club/events/313737378/
2026-03-16 06:48:08,358 - INFO -     -> https://secure.meetupstatic.com/photos/event/d/d/9/e/600_520916734.jpeg
2026-03-16 06:48:08,358 - INFO - meetup_silent_books_club.ics: added 1 image(s)
2026-03-16 06:48:08,358 - INFO - Processing meetup_slowpo_runners.ics...
2026-03-16 06:48:08,359 - INFO -   Fetching image for: https://www.meetup.com/slowpo-runners/events/313590195/
2026-03-16 06:48:09,147 - INFO -     -> https://secure.meetupstatic.com/photos/event/2/2/a/5/600_483428869.jpeg
2026-03-16 06:48:09,147 - INFO -   Fetching image for: https://www.meetup.com/slowpo-runners/events/313697336/
2026-03-16 06:48:09,917 - INFO -     -> https://secure.meetupstatic.com/photos/event/2/2/a/5/600_483428869.jpeg
2026-03-16 06:48:09,918 - INFO -   Fetching image for: https://www.meetup.com/slowpo-runners/events/jdwfgtyjcgbgb/
2026-03-16 06:48:10,775 - INFO -     -> https://secure.meetupstatic.com/photos/event/2/2/a/5/600_483428869.jpeg
2026-03-16 06:48:10,775 - INFO -   Fetching image for: https://www.meetup.com/slowpo-runners/events/jdwfgtyjcgbpb/
2026-03-16 06:48:11,579 - INFO -     -> https://secure.meetupstatic.com/photos/event/2/2/a/5/600_483428869.jpeg
2026-03-16 06:48:11,579 - INFO -   Fetching image for: https://www.meetup.com/slowpo-runners/events/jdwfgtyjcgbxb/
2026-03-16 06:48:12,405 - INFO -     -> https://secure.meetupstatic.com/photos/event/2/2/a/5/600_483428869.jpeg
2026-03-16 06:48:12,405 - INFO -   Fetching image for: https://www.meetup.com/slowpo-runners/events/jdwfgtyjcgbhc/
2026-03-16 06:48:14,258 - INFO -     -> https://secure.meetupstatic.com/photos/event/2/2/a/5/600_483428869.jpeg
2026-03-16 06:48:14,259 - INFO -   Fetching image for: https://www.meetup.com/slowpo-runners/events/jdwfgtyjchbdb/
2026-03-16 06:48:15,199 - INFO -     -> https://secure.meetupstatic.com/photos/event/2/2/a/5/600_483428869.jpeg
2026-03-16 06:48:15,200 - INFO -   Fetching image for: https://www.meetup.com/slowpo-runners/events/jdwfgtyjchbmb/
2026-03-16 06:48:16,080 - INFO -     -> https://secure.meetupstatic.com/photos/event/2/2/a/5/600_483428869.jpeg
2026-03-16 06:48:16,080 - INFO -   Fetching image for: https://www.meetup.com/slowpo-runners/events/jdwfgtyjchbvb/
2026-03-16 06:48:16,871 - INFO -     -> https://secure.meetupstatic.com/photos/event/2/2/a/5/600_483428869.jpeg
2026-03-16 06:48:16,871 - INFO -   Fetching image for: https://www.meetup.com/slowpo-runners/events/jdwfgtyjchbfc/
2026-03-16 06:48:17,655 - INFO -     -> https://secure.meetupstatic.com/photos/event/2/2/a/5/600_483428869.jpeg
2026-03-16 06:48:17,655 - INFO - meetup_slowpo_runners.ics: added 10 image(s)
2026-03-16 06:48:17,655 - INFO - Processing meetup_techacademy.ics...
2026-03-16 06:48:17,656 - INFO -   Fetching image for: https://www.meetup.com/techacademy/events/313761905/
2026-03-16 06:48:18,666 - INFO -     -> https://secure.meetupstatic.com/photos/event/1/c/9/5/600_533167317.jpeg
2026-03-16 06:48:18,666 - INFO -   Fetching image for: https://www.meetup.com/techacademy/events/313544163/
2026-03-16 06:48:19,512 - INFO -     -> https://secure.meetupstatic.com/photos/event/2/b/6/c/600_532931116.jpeg
2026-03-16 06:48:19,513 - INFO - meetup_techacademy.ics: added 2 image(s)
2026-03-16 06:48:19,513 - INFO - Processing meetup_womens_wanderers.ics...
2026-03-16 06:48:19,513 - INFO -   Fetching image for: https://www.meetup.com/womens-wednesday-wanderers/events/313222187/
2026-03-16 06:48:21,362 - INFO -     -> https://secure.meetupstatic.com/photos/event/8/5/2/f/600_525034095.jpeg
2026-03-16 06:48:21,362 - INFO -   Fetching image for: https://www.meetup.com/womens-wednesday-wanderers/events/313222220/
2026-03-16 06:48:22,149 - INFO -     -> https://secure.meetupstatic.com/photos/event/c/a/f/6/600_516351958.jpeg
2026-03-16 06:48:22,149 - INFO - meetup_womens_wanderers.ics: added 2 image(s)
2026-03-16 06:48:22,149 - INFO - Done. Total images added: 171
2026-03-16 06:48:23,422 - INFO - Scraping BU School of Theatre
2026-03-16 06:48:24,077 - INFO - Found 23 events from listing pages
2026-03-16 06:48:24,077 - INFO - Found 23 events
2026-03-16 06:48:24,081 - INFO - Written to cities/boston/bu_theatre.ics
2026-03-16 06:48:24,220 - INFO - Scraping Citizens Opera House
2026-03-16 06:48:24,805 - INFO - Found 0 future events from Songkick
2026-03-16 06:48:24,805 - INFO - Found 0 events
2026-03-16 06:48:24,805 - INFO - Written to cities/boston/songkick_citizens_opera.ics
2026-03-16 06:48:24,936 - INFO - Scraping Emerson Colonial Theatre
2026-03-16 06:48:25,482 - INFO - Found 5 future events from Songkick
2026-03-16 06:48:25,482 - INFO - Found 5 events
2026-03-16 06:48:25,483 - INFO - Written to cities/boston/songkick_emerson_colonial.ics
2026-03-16 06:48:25,613 - INFO - Scraping Huntington Theatre
2026-03-16 06:48:26,075 - INFO - Found 0 future events from Songkick
2026-03-16 06:48:26,075 - INFO - Found 0 events
2026-03-16 06:48:26,075 - INFO - Written to cities/boston/songkick_huntington.ics
2026-03-16 06:48:26,205 - INFO - Scraping Lyric Stage Company
2026-03-16 06:48:26,424 - INFO - Found 0 future events from Songkick
2026-03-16 06:48:26,425 - INFO - Found 0 events
2026-03-16 06:48:26,425 - INFO - Written to cities/boston/songkick_lyric_stage.ics
2026-03-16 06:48:26,617 - INFO - Scraping Central Square Theater
2026-03-16 06:48:27,222 - INFO - Found 2 productions
2026-03-16 06:48:27,999 - INFO - Found 46 total performances
2026-03-16 06:48:27,999 - INFO - Filtered 23 events beyond 2 months out
2026-03-16 06:48:27,999 - INFO - Found 23 events
2026-03-16 06:48:28,003 - INFO - Written to cities/boston/ovationtix_central_square.ics
2026-03-16 06:48:28,203 - INFO - Scraping Actors' Shakespeare Project
2026-03-16 06:48:28,664 - INFO - Found 1 productions
2026-03-16 06:48:29,004 - INFO - Found 23 total performances
2026-03-16 06:48:29,004 - INFO - Filtered 1 events beyond 2 months out
2026-03-16 06:48:29,004 - INFO - Found 22 events
2026-03-16 06:48:29,007 - INFO - Written to cities/boston/ovationtix_asp.ics
2026-03-16 06:48:29,209 - INFO - Scraping Wheelock Family Theatre
2026-03-16 06:48:29,915 - INFO - Found 3 productions
2026-03-16 06:48:31,220 - INFO - Found 14 total performances
2026-03-16 06:48:31,220 - INFO - Filtered 7 events beyond 2 months out
2026-03-16 06:48:31,220 - INFO - Found 7 events
2026-03-16 06:48:31,222 - INFO - Written to cities/boston/ovationtix_wheelock.ics
2026-03-16 06:48:31,359 - INFO - Scraping American Repertory Theater
2026-03-16 06:48:32,340 - INFO - Found 73 calendar instances in JSON
2026-03-16 06:48:32,343 - INFO - Found 41 upcoming events
2026-03-16 06:48:32,343 - INFO - Filtered 41 events beyond 2 months out
2026-03-16 06:48:32,343 - INFO - Found 0 events
2026-03-16 06:48:32,343 - INFO - Written to cities/boston/art.ics
2026-03-16 06:48:32,474 - ArtsEmersonScraper - INFO - Scraping ArtsEmerson
2026-03-16 06:48:32,474 - ArtsEmersonScraper - INFO - Fetching page 1
2026-03-16 06:48:32,611 - ArtsEmersonScraper - INFO - Filtered 15 events beyond 2 months out
2026-03-16 06:48:32,611 - ArtsEmersonScraper - INFO - Found 17 events
2026-03-16 06:48:32,614 - ArtsEmersonScraper - INFO - Written to cities/boston/artsemerson.ics
2026-03-16 06:48:32,805 - LyricStageScraper - INFO - Scraping Lyric Stage Company
2026-03-16 06:48:33,184 - LyricStageScraper - INFO - Found 2 productions
2026-03-16 06:48:34,061 - LyricStageScraper - INFO -   Angry, Raucous, and Shamelessly Gorgeous: 24 performances
2026-03-16 06:48:34,280 - LyricStageScraper - INFO -   Something Rotten: 36 performances
2026-03-16 06:48:34,280 - LyricStageScraper - INFO - Filtered 20 events beyond 2 months out
2026-03-16 06:48:34,280 - LyricStageScraper - INFO - Found 40 events
2026-03-16 06:48:34,296 - LyricStageScraper - INFO - Written to cities/boston/lyric_stage.ics
2026-03-16 06:48:34,493 - INFO - Scraping Boston Theatre Scene
2026-03-16 06:48:35,498 - INFO - Received 160 instances across 81 dates
2026-03-16 06:48:35,619 - INFO - Parsed 159 events
2026-03-16 06:48:35,620 - INFO - Filtered 70 events beyond 2 months out
2026-03-16 06:48:35,620 - INFO - Found 89 events
2026-03-16 06:48:35,634 - INFO - Written to cities/boston/boston_theatre_scene.ics
2026-03-16 06:48:36,806 - SEJCalendarScraper - INFO - Scraping Society of Environmental Journalists
2026-03-16 06:48:36,806 - SEJCalendarScraper - INFO - Fetching RSS feed: https://www.sej.org/rss_calendar
2026-03-16 06:48:37,125 - SEJCalendarScraper - INFO - Found 10 entries in RSS feed
2026-03-16 06:48:37,128 - SEJCalendarScraper - INFO - Found event: Travel grants to the first International Conference for the Just Transition Away from Fossil Fuels on 2026-03-17 00:00:00-04:00
2026-03-16 06:48:37,130 - SEJCalendarScraper - INFO - Found event: DC Environmental Film Festival on 2026-03-19 00:00:00-04:00
2026-03-16 06:48:37,131 - SEJCalendarScraper - INFO - Found event: 2026 Islamic Scholarship Fund on 2026-03-21 00:00:00-04:00
2026-03-16 06:48:37,133 - SEJCalendarScraper - INFO - Found event: Al Neuharth Free Spirit and Journalism Conference for High School Juniors on 2026-03-25 00:00:00-04:00
2026-03-16 06:48:37,134 - SEJCalendarScraper - INFO - Found event: Science Talk ’26 on 2026-03-26 00:00:00-04:00
2026-03-16 06:48:37,136 - SEJCalendarScraper - INFO - Found event: Kovler Prize for Trust in Life Science Journalism on 2026-03-27 00:00:00-04:00
2026-03-16 06:48:37,137 - SEJCalendarScraper - INFO - Found event: EVOME Institute Science Journalism Fellowship on 2026-03-27 00:00:00-04:00
2026-03-16 06:48:37,139 - SEJCalendarScraper - INFO - Found event: Online News Association Conference on 2026-03-30 00:00:00-04:00
2026-03-16 06:48:37,140 - SEJCalendarScraper - INFO - Found event: Eric and Wendy Schmidt Awards for Excellence in Science Communications on 2026-04-03 00:00:00-04:00
2026-03-16 06:48:37,142 - SEJCalendarScraper - INFO - Found event: McGraw Fellowship for Business Journalism on 2026-04-13 00:00:00-04:00
2026-03-16 06:48:37,142 - SEJCalendarScraper - INFO - Found 10 events
2026-03-16 06:48:37,144 - SEJCalendarScraper - INFO - Written to cities/publisher-resources/sej.ics
2026-03-16 06:48:37,348 - IREScheduleScraper - INFO - Scraping IRE 2026
2026-03-16 06:48:37,348 - IREScheduleScraper - INFO - Fetching schedule: https://ire-nicar-conference-schedules.s3.us-east-2.amazonaws.com/ire-2026/ire-2026-schedule.json
Traceback (most recent call last):
  File "/home/runner/work/community-calendar/community-calendar/scrapers/ire_schedule.py", line 165, in <module>
    IREScheduleScraper.main()
  File "/home/runner/work/community-calendar/community-calendar/scrapers/ire_schedule.py", line 161, in main
    scraper.run(args.output)
  File "/home/runner/work/community-calendar/community-calendar/scrapers/lib/base.py", line 126, in run
    events = self.fetch_events()
  File "/home/runner/work/community-calendar/community-calendar/scrapers/ire_schedule.py", line 39, in fetch_events
    resp.raise_for_status()
  File "/opt/hostedtoolcache/Python/3.10.20/x64/lib/python3.10/site-packages/requests/models.py", line 960, in raise_for_status
    raise HTTPError(http_error_msg, response=self)
requests.exceptions.HTTPError: 403 Client Error: Forbidden for url: https://ire-nicar-conference-schedules.s3.us-east-2.amazonaws.com/ire-2026/ire-2026-schedule.json
2026-03-16 06:48:37,714 - IREScheduleScraper - INFO - Scraping NICAR 2026
2026-03-16 06:48:37,715 - IREScheduleScraper - INFO - Fetching schedule: https://ire-nicar-conference-schedules.s3.us-east-2.amazonaws.com/nicar-2026/nicar-2026-schedule.json
2026-03-16 06:48:38,011 - IREScheduleScraper - INFO - Found 233 sessions
2026-03-16 06:48:38,045 - IREScheduleScraper - INFO - Found 232 events
2026-03-16 06:48:38,086 - IREScheduleScraper - INFO - Written to cities/publisher-resources/nicar_2026.ics
2026-03-16 06:48:38,286 - SJNEventsScraper - INFO - Scraping Solutions Journalism Network
2026-03-16 06:48:38,286 - SJNEventsScraper - INFO - Fetching events listing: https://www.solutionsjournalism.org/events
2026-03-16 06:48:47,014 - SJNEventsScraper - INFO - Found 16 events
2026-03-16 06:48:47,015 - SJNEventsScraper - INFO - Filtered 3 events beyond 2 months out
2026-03-16 06:48:47,015 - SJNEventsScraper - INFO - Found 13 events
2026-03-16 06:48:47,018 - SJNEventsScraper - INFO - Written to cities/publisher-resources/sjn.ics
2026-03-16 06:48:47,175 - PENAmericaScraper - INFO - Scraping PEN America
2026-03-16 06:48:48,494 - PENAmericaScraper - INFO - Fetching events from https://pen.org/wp-json/wp/v2/event
2026-03-16 06:48:52,240 - PENAmericaScraper - INFO - Found 11 events
2026-03-16 06:48:52,240 - PENAmericaScraper - INFO - Found 11 events
2026-03-16 06:48:52,246 - PENAmericaScraper - INFO - Written to cities/publisher-resources/pen_america.ics
2026-03-16 06:48:52,384 - INFO - Scraping PEN America
2026-03-16 06:48:53,824 - INFO - Discovered 13 event URLs from organizer page
2026-03-16 06:48:53,824 - INFO - Fetching 13 event pages (parallel)...
2026-03-16 06:48:54,077 - WARNING - No JSON-LD Event found at https://www.eventbrite.com/e/mothers-sons-and-daughters-the-complex-ties-that-bind-tickets-1316579457599
2026-03-16 06:48:54,122 - WARNING - No JSON-LD Event found at https://www.eventbrite.com/e/virtual-2025-emerging-voices-the-final-reading-tickets-1739358581339
2026-03-16 06:48:54,145 - WARNING - No JSON-LD Event found at https://www.eventbrite.com/e/reporters-take-up-the-pen-arizona-journalists-who-became-authors-tickets-1323637307819
2026-03-16 06:48:54,159 - WARNING - No JSON-LD Event found at https://www.eventbrite.com/e/the-book-ban-fight-from-stories-to-strategy-tickets-1702531630939
2026-03-16 06:48:54,379 - WARNING - No JSON-LD Event found at https://www.eventbrite.com/e/reading-with-pride-a-conversation-with-kristen-arnett-tickets-1363569064779
2026-03-16 06:48:54,410 - WARNING - No JSON-LD Event found at https://www.eventbrite.com/e/under-siege-the-perils-of-journalism-in-an-age-of-state-repression-tickets-1316548424779
2026-03-16 06:48:54,411 - WARNING - No JSON-LD Event found at https://www.eventbrite.com/e/june-2025-emerging-voices-workshop-final-reading-tickets-1368801555299
2026-03-16 06:48:54,495 - WARNING - No JSON-LD Event found at https://www.eventbrite.com/e/2026-new-year-new-books-los-angeles-tickets-1981803181665
2026-03-16 06:48:54,536 - WARNING - No JSON-LD Event found at https://www.eventbrite.com/e/closing-celebration-wvf-happy-hour-tickets-1333457751029
2026-03-16 06:48:54,666 - WARNING - No JSON-LD Event found at https://www.eventbrite.com/e/slices-of-american-life-tickets-1312151393139
2026-03-16 06:48:54,687 - WARNING - No JSON-LD Event found at https://www.eventbrite.com/e/big-laughs-a-world-voices-festival-comedy-show-tickets-1329007389879
2026-03-16 06:48:54,696 - WARNING - No JSON-LD Event found at https://www.eventbrite.com/e/bold-voices-latin-american-writers-in-conversation-tickets-1316586257939
2026-03-16 06:48:54,697 - INFO - Got 1 future events
2026-03-16 06:48:54,697 - INFO - Found 1 events
2026-03-16 06:48:54,698 - INFO - Written to cities/publisher-resources/pen_america_eventbrite.ics
2026-03-16 06:48:54,827 - NABJEventsScraper - INFO - Scraping NABJ
2026-03-16 06:48:54,827 - NABJEventsScraper - INFO - Fetching RSS feed: https://www.nabj.org/resource/rss/events.rss
2026-03-16 06:48:55,642 - NABJEventsScraper - INFO - Found 4 entries in RSS feed
2026-03-16 06:48:55,642 - NABJEventsScraper - INFO - Found event: 2026 NABJ Region III Conference on 2026-04-16 01:00:00-04:00
2026-03-16 06:48:55,642 - NABJEventsScraper - INFO - Found event: 2026 NABJ Region II Conference on 2026-04-17 01:00:00-04:00
2026-03-16 06:48:55,642 - NABJEventsScraper - INFO - Found event: 2026 NABJ Region IV Conference on 2026-04-24 01:00:00-04:00
2026-03-16 06:48:55,643 - NABJEventsScraper - INFO - Found event: NABJ Region I + Young Black Journalists Task Force  Present EMERGE: Building the Next 50 on 2026-05-01 01:00:00-04:00
2026-03-16 06:48:55,643 - NABJEventsScraper - INFO - Found 4 events
2026-03-16 06:48:55,644 - NABJEventsScraper - INFO - Written to cities/publisher-resources/nabj.ics
2026-03-16 06:48:55,777 - INFO - Scraping American Press Institute
2026-03-16 06:48:56,823 - INFO - Discovered 12 event URLs from organizer page
2026-03-16 06:48:56,824 - INFO - Fetching 12 event pages (parallel)...
2026-03-16 06:48:57,051 - WARNING - No JSON-LD Event found at https://www.eventbrite.com/e/diversifying-revenue-series-strategies-for-retaining-paid-subscribers-tickets-1117776984049
2026-03-16 06:48:57,094 - WARNING - No JSON-LD Event found at https://www.eventbrite.com/e/diversifying-revenue-series-empowering-sales-teams-in-news-organizations-tickets-1141176041259
2026-03-16 06:48:57,147 - WARNING - No JSON-LD Event found at https://www.eventbrite.com/e/beyond-stress-what-journalists-should-know-about-burnout-tickets-1329796620489
2026-03-16 06:48:57,152 - WARNING - No JSON-LD Event found at https://www.eventbrite.com/e/diversifying-revenue-qa-demystifying-sales-for-better-collaboration-tickets-1255784217399
2026-03-16 06:48:57,155 - WARNING - No JSON-LD Event found at https://www.eventbrite.com/e/revenue-ama-how-nashville-banner-embraces-local-identity-and-history-tickets-1394785524049
2026-03-16 06:48:57,345 - WARNING - No JSON-LD Event found at https://www.eventbrite.com/e/revenue-ama-how-the-forward-grows-audience-across-generations-tickets-1394837740229
2026-03-16 06:48:57,432 - WARNING - No JSON-LD Event found at https://www.eventbrite.com/e/steal-this-idea-revenue-successes-with-table-stakes-alumni-tickets-1329189865669
2026-03-16 06:48:57,440 - WARNING - No JSON-LD Event found at https://www.eventbrite.com/e/trauma-informed-leadership-workshop-tickets-1329796259409
2026-03-16 06:48:57,481 - WARNING - No JSON-LD Event found at https://www.eventbrite.com/e/diversifying-revenue-qa-build-reporting-beats-capacity-with-philanthropy-tickets-1300010740119
2026-03-16 06:48:57,495 - WARNING - No JSON-LD Event found at https://www.eventbrite.com/e/ask-me-anything-local-news-trusted-messengers-and-history-tickets-1981805092380
2026-03-16 06:48:57,589 - WARNING - No JSON-LD Event found at https://www.eventbrite.com/e/how-influencer-collaborations-can-help-news-deepen-community-connection-tickets-1657501935909
2026-03-16 06:48:57,690 - WARNING - No JSON-LD Event found at https://www.eventbrite.com/e/proven-digital-transformation-strategies-to-try-at-your-news-organization-tickets-1292762189509
2026-03-16 06:48:57,691 - INFO - Got 0 future events
2026-03-16 06:48:57,691 - INFO - Found 0 events
2026-03-16 06:48:57,691 - INFO - Written to cities/publisher-resources/api_eventbrite.ics
2026-03-16 06:48:57,825 - INFO - Scraping Center for Cooperative Media
2026-03-16 06:48:59,491 - INFO - Discovered 14 event URLs from organizer page
2026-03-16 06:48:59,491 - INFO - Fetching 14 event pages (parallel)...
2026-03-16 06:48:59,851 - WARNING - No JSON-LD Event found at https://www.eventbrite.com/e/climate-resilience-and-environmental-justice-for-new-jersey-communities-tickets-1968808736931
2026-03-16 06:48:59,863 - WARNING - No JSON-LD Event found at https://www.eventbrite.com/e/nj-budget-transparency-tool-demonstration-and-qa-tickets-1542483492649
2026-03-16 06:48:59,880 - WARNING - No JSON-LD Event found at https://www.eventbrite.com/e/press-briefing-dave-cole-of-the-new-jersey-office-of-innovation-tickets-1829943453129
2026-03-16 06:48:59,892 - WARNING - No JSON-LD Event found at https://www.eventbrite.com/e/2026-excellence-in-community-media-awards-tickets-1982292738944
2026-03-16 06:48:59,898 - WARNING - No JSON-LD Event found at https://www.eventbrite.com/e/statewide-news-collective-the-community-impact-of-independent-journalism-tickets-1781731931169
2026-03-16 06:49:00,106 - WARNING - No JSON-LD Event found at https://www.eventbrite.com/e/our-collaborative-has-all-this-data-now-what-tickets-1640829899399
2026-03-16 06:49:00,159 - WARNING - No JSON-LD Event found at https://www.eventbrite.com/e/how-journalism-collaboratives-can-accept-corporate-sponsorships-tickets-1980033354063
2026-03-16 06:49:00,174 - WARNING - No JSON-LD Event found at https://www.eventbrite.com/e/nj-content-sharing-platforms-w-distributed-media-lab-plucky-works-tickets-1656757138199
2026-03-16 06:49:00,211 - WARNING - No JSON-LD Event found at https://www.eventbrite.com/e/media-liability-insurance-for-nj-local-news-orgs-tickets-1708596471039
2026-03-16 06:49:00,447 - WARNING - No JSON-LD Event found at https://www.eventbrite.com/e/using-public-data-to-report-on-snap-policy-changes-tickets-1982386277721
2026-03-16 06:49:00,500 - WARNING - No JSON-LD Event found at https://www.eventbrite.com/e/how-journalism-collaboratives-can-raise-money-from-small-dollar-donors-tickets-1981952222450
2026-03-16 06:49:00,553 - WARNING - No JSON-LD Event found at https://www.eventbrite.com/e/press-briefing-snap-funding-and-federal-policy-changes-in-new-jersey-tickets-1980017997130
2026-03-16 06:49:00,553 - INFO - Got 2 future events
2026-03-16 06:49:00,554 - INFO - Found 2 events
2026-03-16 06:49:00,554 - INFO - Written to cities/publisher-resources/cooperative_media_eventbrite.ics
2026-03-16 06:49:00,749 - LIONPublishersScraper - INFO - Scraping LION Publishers
2026-03-16 06:49:02,076 - LIONPublishersScraper - INFO - Found: 2026 Independent News Sustainability Summit on 2026-09-09
2026-03-16 06:49:02,076 - LIONPublishersScraper - INFO - Filtered 1 events beyond 2 months out
2026-03-16 06:49:02,076 - LIONPublishersScraper - INFO - Found 0 events
2026-03-16 06:49:02,076 - LIONPublishersScraper - INFO - Written to cities/publisher-resources/lion_publishers.ics
2026-03-16 06:49:02,277 - EditorPublisherScraper - INFO - Scraping Editor & Publisher
2026-03-16 06:49:04,347 - EditorPublisherScraper - INFO - Found: 2026 Mega-Conference on 2026-03-30
2026-03-16 06:49:04,347 - EditorPublisherScraper - INFO - Found: N.E.A.C.E. 2026 Annual Conference on 2026-04-26
2026-03-16 06:49:04,350 - EditorPublisherScraper - INFO - Found: 2026 Niche Media Conference on 2026-04-08
2026-03-16 06:49:04,350 - EditorPublisherScraper - INFO - Found: 2026 South Dakota NewsMedia Association Convention on 2026-04-30
2026-03-16 06:49:04,350 - EditorPublisherScraper - INFO - Found: INMA World Congress of News Media on 2026-05-04
2026-03-16 06:49:04,351 - EditorPublisherScraper - INFO - Found: 2026 MDDC Conference & Celebration on 2026-05-08
2026-03-16 06:49:04,351 - EditorPublisherScraper - INFO - Found: 2026 Media Financial Management Association and Financial Executives International Annual Conference on 2026-05-17
2026-03-16 06:49:04,351 - EditorPublisherScraper - INFO - Found: 2026 Illinois Press Annual Convention on 2026-06-04
2026-03-16 06:49:04,351 - EditorPublisherScraper - INFO - Found: Texas Press Association Convention & Trade Show on 2026-06-18
2026-03-16 06:49:04,351 - EditorPublisherScraper - INFO - Found: Alabama Press Association Summer Convention & Awards Banquet on 2026-06-25
2026-03-16 06:49:04,351 - EditorPublisherScraper - INFO - Found: 2026 ADMA Conference on 2026-06-10
2026-03-16 06:49:04,351 - EditorPublisherScraper - INFO - Found: 2026 Mississippi Press 160th Annual Meeting on 2026-06-26
2026-03-16 06:49:04,351 - EditorPublisherScraper - INFO - Found: 2026 Senior Leadership Conference on 2026-09-14
2026-03-16 06:49:04,352 - EditorPublisherScraper - INFO - Filtered 6 events beyond 2 months out
2026-03-16 06:49:04,352 - EditorPublisherScraper - INFO - Found 7 events
2026-03-16 06:49:04,353 - EditorPublisherScraper - INFO - Written to cities/publisher-resources/editor_publisher.ics
2026-03-16 06:49:04,495 - INFO - Scraping Center for Cooperative Media
2026-03-16 06:49:05,970 - INFO - Discovered 14 event URLs from organizer page
2026-03-16 06:49:05,970 - INFO - Fetching 14 event pages (parallel)...
2026-03-16 06:49:06,270 - WARNING - No JSON-LD Event found at https://www.eventbrite.com/e/how-journalism-collaboratives-can-accept-corporate-sponsorships-tickets-1980033354063
2026-03-16 06:49:06,293 - WARNING - No JSON-LD Event found at https://www.eventbrite.com/e/press-briefing-dave-cole-of-the-new-jersey-office-of-innovation-tickets-1829943453129
2026-03-16 06:49:06,301 - WARNING - No JSON-LD Event found at https://www.eventbrite.com/e/how-journalism-collaboratives-can-raise-money-from-small-dollar-donors-tickets-1981952222450
2026-03-16 06:49:06,320 - WARNING - No JSON-LD Event found at https://www.eventbrite.com/e/nj-budget-transparency-tool-demonstration-and-qa-tickets-1542483492649
2026-03-16 06:49:06,546 - WARNING - No JSON-LD Event found at https://www.eventbrite.com/e/media-liability-insurance-for-nj-local-news-orgs-tickets-1708596471039
2026-03-16 06:49:06,577 - WARNING - No JSON-LD Event found at https://www.eventbrite.com/e/our-collaborative-has-all-this-data-now-what-tickets-1640829899399
2026-03-16 06:49:06,583 - WARNING - No JSON-LD Event found at https://www.eventbrite.com/e/climate-resilience-and-environmental-justice-for-new-jersey-communities-tickets-1968808736931
2026-03-16 06:49:06,604 - WARNING - No JSON-LD Event found at https://www.eventbrite.com/e/2026-excellence-in-community-media-awards-tickets-1982292738944
2026-03-16 06:49:06,804 - WARNING - No JSON-LD Event found at https://www.eventbrite.com/e/nj-content-sharing-platforms-w-distributed-media-lab-plucky-works-tickets-1656757138199
2026-03-16 06:49:06,824 - WARNING - No JSON-LD Event found at https://www.eventbrite.com/e/using-public-data-to-report-on-snap-policy-changes-tickets-1982386277721
2026-03-16 06:49:06,842 - WARNING - No JSON-LD Event found at https://www.eventbrite.com/e/press-briefing-snap-funding-and-federal-policy-changes-in-new-jersey-tickets-1980017997130
2026-03-16 06:49:06,859 - WARNING - No JSON-LD Event found at https://www.eventbrite.com/e/statewide-news-collective-the-community-impact-of-independent-journalism-tickets-1781731931169
2026-03-16 06:49:06,859 - INFO - Got 2 future events
2026-03-16 06:49:06,859 - INFO - Found 2 events
2026-03-16 06:49:06,860 - INFO - Written to cities/publisher-resources/eventbrite_coop_media.ics
2026-03-16 06:49:06,994 - INFO - Scraping Associated Press
2026-03-16 06:49:08,470 - INFO - Discovered 5 event URLs from organizer page
2026-03-16 06:49:08,470 - INFO - Fetching 5 event pages (parallel)...
2026-03-16 06:49:08,771 - WARNING - No JSON-LD Event found at https://www.eventbrite.com/e/ai-in-the-workplace-tickets-1038893587687
2026-03-16 06:49:08,802 - WARNING - No JSON-LD Event found at https://www.eventbrite.com/e/ap-photography-showcase-capturing-the-solar-eclipse-tickets-782142809197
2026-03-16 06:49:08,828 - WARNING - No JSON-LD Event found at https://www.eventbrite.com/e/ai-in-the-workplace-tickets-1269725024729
2026-03-16 06:49:08,828 - INFO - Got 1 future events
2026-03-16 06:49:08,828 - INFO - Found 1 events
2026-03-16 06:49:08,829 - INFO - Written to cities/publisher-resources/eventbrite_ap.ics
2026-03-16 06:49:09,020 - ONAEventsScraper - INFO - Scraping Online News Association
2026-03-16 06:49:09,868 - ONAEventsScraper - INFO - Found: AI Innovator Collaborative on 2026-03-17
2026-03-16 06:49:09,869 - ONAEventsScraper - INFO - Found: Quick Hits and Deep Dives: Consumer Investigations Any Newsroom Can Do on 2026-03-18
2026-03-16 06:49:09,869 - ONAEventsScraper - INFO - Found: ONA26 - Annual Conference of the Online News Association on 2026-03-30
2026-03-16 06:49:09,870 - ONAEventsScraper - INFO - Found: From Fear to Focus: Navigating Your Next Move After a Layoff on 2026-04-14
2026-03-16 06:49:09,870 - ONAEventsScraper - INFO - Found: Develop a Walking Tour Pilot for Your Newsroom in 60 Minutes on 2026-04-16
2026-03-16 06:49:09,870 - ONAEventsScraper - INFO - Found 5 events
2026-03-16 06:49:09,871 - ONAEventsScraper - INFO - Written to cities/publisher-resources/ona_events.ics
2026-03-16 06:49:10,075 - KnightCenterScraper - INFO - Scraping Knight Center for Journalism
2026-03-16 06:49:10,283 - KnightCenterScraper - INFO - Found: Advanced Prompt Engineering for Journalists on 2026-04-13
2026-03-16 06:49:10,284 - KnightCenterScraper - INFO - Found: News Creator Field Guide: Forging New Paths in Journalism on 2026-02-18
2026-03-16 06:49:10,284 - KnightCenterScraper - INFO - Found: Advanced Prompt Engineering for Journalists on 2026-04-13
2026-03-16 06:49:10,285 - KnightCenterScraper - INFO - Found: News Creator Field Guide: Forging New Paths in Journalism on 2026-02-18
2026-03-16 06:49:10,285 - KnightCenterScraper - INFO - Found: Data Mindset for Editors on 2026-02-09
2026-03-16 06:49:10,286 - KnightCenterScraper - INFO - Found: Desde la redacción: cómo la IA está transformando el periodismo on 2026-03-26
2026-03-16 06:49:10,287 - KnightCenterScraper - INFO - Found: Direto da Redação: como a IA está transformando o jornalismo on 2026-03-25
2026-03-16 06:49:10,287 - KnightCenterScraper - INFO - Found: News Creator Field Guide: Forging New Paths in Journalism on 2026-02-18
2026-03-16 06:49:10,399 - KnightCenterScraper - INFO - Found: Advanced Prompt Engineering for Journalists on 2026-04-13
2026-03-16 06:49:10,400 - KnightCenterScraper - INFO - Found: News Creator Field Guide: Forging New Paths in Journalism on 2026-02-18
2026-03-16 06:49:10,400 - KnightCenterScraper - INFO - Found: Advanced Prompt Engineering for Journalists on 2026-04-13
2026-03-16 06:49:10,401 - KnightCenterScraper - INFO - Found: News Creator Field Guide: Forging New Paths in Journalism on 2026-02-18
2026-03-16 06:49:10,401 - KnightCenterScraper - INFO - Found: Data Mindset for Editors on 2026-02-09
2026-03-16 06:49:10,401 - KnightCenterScraper - INFO - Found: Advanced Prompt Engineering for Journalists on 2026-04-13
2026-03-16 06:49:10,402 - KnightCenterScraper - INFO - Found: Data Mindset for Editors on 2026-02-09
2026-03-16 06:49:10,722 - KnightCenterScraper - INFO - Found 5 events
2026-03-16 06:49:10,723 - KnightCenterScraper - INFO - Written to cities/publisher-resources/knight_center.ics
